pos,codon,hivmmer,hydra,shiver
0,CCT,1.0,1.0,1.0
1,CAG,1.0,1.0,1.0
2,ATC,1.0,1.0,1.0
3,ACT,1.0,1.0,1.0
4,CTT,1.0,1.0,1.0
5,TGG,1.0,1.0,1.0
6,CAA,0.6966982605978543,0.7063515509601181,0.6700011498217776
6,CAG,0.30330173940214555,0.2936484490398818,0.3299988501782224
7,CGA,1.0,1.0,1.0
8,CCC,1.0,1.0,1.0
9,CTC,1.0,1.0,1.0
10,GTC,1.0,1.0,1.0
11,ACA,1.0,1.0,1.0
12,ATA,1.0,1.0,1.0
13,AAG,0.7726217117763797,0.7915211970074812,0.8005681818181818
13,AAA,0.22737828822362033,0.2084788029925187,0.19943181818181818
14,GTA,0.22540026684456305,0.20664115541291198,0.19124332083898238
14,ATA,0.774599733155437,0.793358844587088,0.8087566791610177
15,GGG,1.0,1.0,1.0
16,GGG,1.0,1.0,1.0
17,CAA,1.0,1.0,1.0
18,TTA,0.19035443137563432,0.17941245045465143,0.21457020783546962
18,CTA,0.8096455686243657,0.8205875495453485,0.7854297921645303
19,AAG,1.0,1.0,1.0
20,GAA,1.0,1.0,1.0
21,GCT,1.0,1.0,1.0
22,CTA,1.0,1.0,1.0
23,TTA,1.0,1.0,1.0
24,GAT,1.0,1.0,1.0
25,ACA,1.0,1.0,1.0
26,GGA,1.0,1.0,1.0
27,GCA,1.0,1.0,1.0
28,GAT,1.0,1.0,1.0
29,GAT,1.0,1.0,1.0
30,ACA,1.0,1.0,1.0
31,GTA,1.0,1.0,1.0
32,TTA,1.0,1.0,1.0
33,GAA,1.0,1.0,1.0
34,GAA,0.48645629712370847,0.49278678738433984,0.5221459762944479
34,GAC,0.5135437028762916,0.5072132126156601,0.47785402370555213
35,ATG,1.0,1.0,1.0
36,AGT,0.142275681914829,0.1470378301213419,0.14901721057086428
36,GAG,0.23418990340805537,0.21443866625879474,0.21555534656258815
36,AAT,0.34478464248830565,0.3588253288467421,0.3828646666039688
36,GAT,0.2787497721888099,0.27969817477312126,0.2525627762625788
37,TTG,1.0,1.0,1.0
38,CCA,1.0,1.0,1.0
39,GGA,0.7739780596923455,0.779875437913585,0.7863572184962936
39,GGG,0.2260219403076546,0.22012456208641495,0.2136427815037063
40,AGA,1.0,1.0,1.0
41,TGG,1.0,1.0,1.0
42,AAA,1.0,1.0,1.0
43,CCA,1.0,1.0,1.0
44,AAA,1.0,1.0,1.0
45,ATG,1.0,1.0,1.0
46,ATA,1.0,1.0,1.0
47,GGG,1.0,1.0,1.0
48,GGA,1.0,1.0,1.0
49,ATT,1.0,1.0,1.0
50,GGA,1.0,1.0,1.0
51,GGT,1.0,1.0,1.0
52,TTT,1.0,1.0,1.0
53,ATC,1.0,1.0,1.0
54,AAA,1.0,1.0,1.0
55,GTA,1.0,1.0,1.0
56,AGA,1.0,1.0,1.0
57,CAG,1.0,1.0,1.0
58,TAT,1.0,1.0,1.0
59,GAG,0.2745835414401974,0.26804825841603425,0.25747858992232625
59,GAT,0.7254164585598025,0.7319517415839657,0.7425214100776738
60,CAG,1.0,1.0,1.0
61,ATA,1.0,1.0,1.0
62,CCC,0.39580173996328516,0.4249109616145627,0.4212047459689687
62,GAC,0.23787479713730808,0.1707558369608231,0.16865682993611195
62,CTC,0.36632346289940665,0.40433320142461415,0.4101384240949194
63,ATA,1.0,1.0,1.0
64,GAA,0.6990591169302273,0.697708152016246,0.7127175269843601
64,GAT,0.30094088306977274,0.302291847983754,0.2872824730156399
65,ATC,0.8668837604417386,0.8693972179289027,0.8717892586106246
65,ATA,0.13311623955826135,0.13060278207109738,0.12821074138937535
66,TGT,0.7613414494085219,0.7538083538083538,0.7497716561324029
66,TGC,0.23865855059147809,0.24619164619164619,0.2502283438675971
67,GGA,1.0,1.0,1.0
68,CAT,1.0,1.0,1.0
69,AAA,1.0,1.0,1.0
70,GCT,1.0,1.0,1.0
71,GTA,0.2744788759736951,0.2766986173551616,0.25161212559513046
71,AAA,0.2351185420660535,0.22851811010263803,0.24263243536431023
71,ATA,0.4904025819602514,0.49478327254220034,0.5057554390405592
72,GGT,1.0,1.0,1.0
73,ACA,1.0,1.0,1.0
74,GTA,1.0,1.0,1.0
75,TTA,1.0,1.0,1.0
76,GTA,1.0,1.0,1.0
77,GGA,1.0,1.0,1.0
78,CCT,1.0,1.0,1.0
79,ACA,1.0,1.0,1.0
80,CCT,1.0,1.0,1.0
81,GTC,1.0,1.0,1.0
82,AAC,1.0,1.0,1.0
83,ATA,1.0,1.0,1.0
84,ATT,1.0,1.0,1.0
85,GGA,1.0,1.0,1.0
86,AGA,1.0,1.0,1.0
87,AAT,1.0,1.0,1.0
88,CTG,1.0,1.0,1.0
89,TTG,1.0,1.0,1.0
90,ACT,1.0,1.0,1.0
91,CAG,1.0,1.0,1.0
92,ATT,1.0,1.0,1.0
93,GGC,0.2429095846324047,0.24951507670604828,0.24296408870876957
93,GGT,0.7570904153675952,0.7504849232939517,0.7570359112912305
94,TGC,1.0,1.0,1.0
95,ACT,1.0,1.0,1.0
96,TTA,1.0,1.0,1.0
97,AAT,1.0,1.0,1.0
98,TTT,1.0,1.0,1.0
99,CCC,1.0,1.0,1.0
100,ATT,1.0,1.0,1.0
101,AGT,0.8600534827454476,0.8631792519407199,0.8736225021842677
101,AGC,0.1399465172545524,0.13682074805928018,0.12637749781573238
102,CCT,1.0,1.0,1.0
103,ATT,1.0,1.0,1.0
104,GAG,0.3751445354053929,0.37866666666666665,0.3634089690905842
104,GAA,0.6248554645946071,0.6213333333333333,0.6365910309094157
105,ACT,1.0,1.0,1.0
106,GTA,1.0,1.0,1.0
107,CCA,1.0,1.0,1.0
108,GTA,1.0,1.0,1.0
109,AAA,1.0,1.0,1.0
110,TTA,1.0,1.0,1.0
111,AAG,1.0,1.0,1.0
112,CCA,1.0,1.0,1.0
113,GGA,1.0,1.0,1.0
114,ATG,1.0,1.0,1.0
115,GAT,1.0,1.0,1.0
116,GGC,0.7602738027330671,0.7524869330635644,0.7523097112860893
116,GGT,0.23972619726693284,0.24751306693643568,0.24769028871391077
117,CCA,1.0,1.0,1.0
118,AAA,1.0,1.0,1.0
119,GTT,0.5006069052328718,0.4965336619935295,0.4989885854645283
119,GTG,0.22929778816759575,0.23332306270220304,0.23238453017386695
119,GTC,0.27009530659953246,0.27014327530426746,0.26862688436160476
120,AAA,1.0,1.0,1.0
121,CAA,1.0,1.0,1.0
122,TGG,1.0,1.0,1.0
123,CCA,1.0,1.0,1.0
124,TTG,1.0,1.0,1.0
125,ACA,1.0,1.0,1.0
126,GAA,1.0,1.0,1.0
127,GAA,1.0,1.0,1.0
128,AAA,1.0,1.0,1.0
129,ATA,1.0,1.0,1.0
130,AAA,1.0,0.9889608831293496,0.9892599388379205
131,GCA,1.0,1.0,1.0
132,TTA,1.0,1.0,1.0
133,GTA,1.0,1.0,1.0
134,GAA,1.0,1.0,1.0
135,ATT,1.0,1.0,1.0
136,TGT,1.0,1.0,1.0
137,ACA,1.0,1.0,1.0
138,GAG,0.13060971835345095,0.12812424168891046,0.12183969876277569
138,GAA,0.8693902816465491,0.8718757583110895,0.8781603012372243
139,ATG,1.0,1.0,1.0
140,GAA,1.0,1.0,1.0
141,AAG,1.0,0.9878105590062112,0.9879242586638085
142,GAA,1.0,1.0,1.0
143,GGA,0.7408115829741901,0.7466343143393863,0.7449038461538462
143,GGG,0.2591884170258099,0.2533656856606137,0.25509615384615386
144,AAG,0.26840412929429686,0.26801288599041406,0.2693610842207163
144,AAA,0.7315958707057031,0.7319871140095859,0.7306389157792836
145,ATT,1.0,1.0,1.0
146,TCA,1.0,1.0,1.0
147,AAA,1.0,1.0,1.0
148,ATT,1.0,1.0,1.0
149,GGG,1.0,1.0,1.0
150,CCT,1.0,1.0,1.0
151,GAG,0.22931312939388185,0.22338107098381071,0.22501452643811737
151,GAA,0.7706868706061182,0.7766189290161893,0.7749854735618826
152,AAT,0.8575693464974141,0.8597111247695145,0.8620475153719166
152,AAC,0.1424306535025858,0.14028887523048555,0.13795248462808335
153,CCA,1.0,1.0,1.0
154,TAC,1.0,1.0,1.0
155,AAT,1.0,1.0,1.0
156,ACT,1.0,1.0,1.0
157,CCA,1.0,1.0,1.0
158,GTA,1.0,1.0,1.0
159,TTT,1.0,1.0,1.0
160,GCC,1.0,1.0,1.0
161,ATA,1.0,1.0,1.0
162,AAG,1.0,1.0,1.0
163,AAA,1.0,1.0,1.0
164,AAA,1.0,1.0,0.9880640544408739
165,GAC,1.0,1.0,1.0
166,AGT,1.0,1.0,1.0
167,ACT,1.0,1.0,1.0
168,AAA,1.0,1.0,1.0
169,TGG,1.0,1.0,1.0
170,AGA,1.0,1.0,1.0
171,AAA,1.0,1.0,1.0
172,TTA,1.0,1.0,1.0
173,GTA,1.0,1.0,1.0
174,GAT,1.0,1.0,1.0
175,TTC,1.0,1.0,1.0
176,AGA,1.0,1.0,1.0
177,GAA,1.0,1.0,1.0
178,CTT,1.0,1.0,1.0
179,AAT,1.0,1.0,1.0
180,AAG,0.7336411868736491,0.741750726619935,0.742429906542056
180,AGG,0.26635881312635096,0.258249273380065,0.2575700934579439
181,AGA,1.0,1.0,1.0
182,ACT,0.7857909478809456,0.7867474236123667,0.7870211629802423
182,ACC,0.21420905211905447,0.2132525763876333,0.2129788370197577
183,CAA,1.0,1.0,1.0
184,GAC,0.7369444152569087,0.7353447494790251,0.7343210016429664
184,GAT,0.2630555847430913,0.26465525052097494,0.2656789983570336
185,TTC,1.0,1.0,1.0
186,TGG,1.0,1.0,1.0
187,GAA,1.0,1.0,1.0
188,GTT,1.0,1.0,1.0
189,CAA,1.0,1.0,1.0
190,TTA,1.0,1.0,1.0
191,GGC,0.21890108715976175,0.22157660275033894,0.22013422818791947
191,GGA,0.7810989128402382,0.778423397249661,0.7798657718120805
192,ATA,1.0,1.0,1.0
193,CCA,1.0,1.0,1.0
194,CAT,1.0,1.0,1.0
195,CCC,0.7263089395623763,0.7296082836768585,0.7338497336354173
195,CCT,0.2736910604376237,0.2703917163231416,0.26615026636458267
196,GCA,1.0,1.0,1.0
197,GGG,1.0,1.0,1.0
198,TTA,1.0,1.0,1.0
199,AAA,1.0,1.0,1.0
200,AAG,0.7381301584562736,0.7250304506699148,0.7285569812274825
200,CAG,0.26186984154372644,0.261165245635404,0.2566209468428039
201,AAA,1.0,1.0,1.0
202,AAA,1.0,1.0,1.0
203,TCA,1.0,1.0,0.989417811670642
204,GTA,1.0,1.0,0.9896589806231385
205,ACA,1.0,1.0,0.9895653329788647
206,GTA,1.0,1.0,1.0
207,CTG,1.0,1.0,1.0
208,GAT,1.0,1.0,1.0
209,GTG,1.0,1.0,0.9898239544113158
210,GGC,0.2639557695737471,0.26704045734388737,0.2620741551511835
210,GGT,0.736044230426253,0.7329595426561125,0.7270146394855658
211,GAT,1.0,1.0,1.0
212,GCA,1.0,1.0,1.0
213,TAT,1.0,1.0,1.0
214,TTT,1.0,1.0,1.0
215,TCA,1.0,1.0,1.0
216,GTT,1.0,1.0,1.0
217,CCC,1.0,1.0,0.9897817803948735
218,TTA,1.0,1.0,1.0
219,CAT,0.14993317741396592,0.14302143230527967,0.14563362651118358
219,GAT,0.850066822586034,0.8569785676947204,0.8543663734888165
220,GAA,0.4928322242091994,0.4805603822762815,0.4841868240592269
220,AAA,0.5071677757908006,0.5091225021720243,0.5046569547268943
221,GAC,1.0,1.0,1.0
222,TTC,1.0,1.0,1.0
223,AGG,1.0,1.0,1.0
224,AAG,0.8572914754299003,0.8669882839421089,0.8631287925029621
224,AAA,0.14270852457009975,0.1330117160578911,0.1368712074970378
225,TAC,0.20792316208371983,0.20438695163104612,0.20659410334988904
225,TAT,0.7920768379162801,0.7956130483689539,0.793405896650111
226,ACT,1.0,1.0,1.0
227,GCA,1.0,1.0,1.0
228,TTT,1.0,1.0,1.0
229,ACC,1.0,1.0,1.0
230,ATA,1.0,1.0,1.0
231,CCT,1.0,1.0,1.0
232,AGT,1.0,1.0,1.0
233,ATA,1.0,1.0,1.0
234,AAC,1.0,1.0,1.0
235,AAT,1.0,1.0,1.0
236,GAG,1.0,1.0,1.0
237,ACA,1.0,1.0,1.0
238,CCA,1.0,1.0,1.0
239,GGG,1.0,1.0,1.0
240,ACT,0.15928605232911905,0.15384615384615383,0.1538767553805148
240,ATT,0.8407139476708809,0.8461538461538461,0.8461232446194853
241,AGA,1.0,1.0,1.0
242,TAT,1.0,1.0,1.0
243,CAA,0.20145746781992782,0.1946700507614213,0.1968901534885585
243,CAG,0.7985425321800722,0.8053299492385787,0.8031098465114416
244,TAC,1.0,1.0,1.0
245,AAT,1.0,1.0,1.0
246,GTG,1.0,1.0,1.0
247,CTT,1.0,1.0,1.0
248,CCA,1.0,1.0,1.0
249,CAG,1.0,1.0,1.0
250,GGA,1.0,1.0,1.0
251,TGG,1.0,1.0,1.0
252,AAA,1.0,1.0,1.0
253,GGA,0.8491511165494036,0.8519096975720574,0.8538639807469471
253,GGG,0.15084888345059652,0.14809030242794263,0.14613601925305286
254,TCA,1.0,1.0,1.0
255,CCA,1.0,1.0,1.0
256,GCA,1.0,1.0,1.0
257,ATA,1.0,1.0,1.0
258,TTC,1.0,1.0,1.0
259,CAA,0.6439355493529562,0.7042379371968344,0.6933497049154356
259,CAG,0.3560644506470439,0.2957620628031657,0.3066502950845645
260,TGT,0.3570204392535229,0.28187832403684004,0.27397769516728626
260,AGT,0.642979560746477,0.7181216759631599,0.7260223048327137
261,AGC,1.0,1.0,1.0
262,ATG,1.0,1.0,1.0
263,ACA,1.0,1.0,1.0
264,ACA,0.15503154411004239,0.15141515420738672,0.14750643877312103
264,AAA,0.8449684558899576,0.8485848457926133,0.8524935612268789
265,ATC,1.0,1.0,1.0
266,TTA,1.0,1.0,1.0
267,GAG,1.0,1.0,1.0
268,CCT,1.0,1.0,1.0
269,TTT,1.0,1.0,1.0
270,AGA,1.0,1.0,1.0
271,AAA,1.0,1.0,1.0
272,CAA,1.0,1.0,1.0
273,AAT,1.0,1.0,1.0
274,CCA,1.0,1.0,1.0
275,GAC,1.0,1.0,1.0
276,ATA,0.8540329602992873,0.861384990140355,0.8639229171144064
276,CTA,0.14596703970071276,0.13861500985964506,0.1360770828855935
277,GTT,0.7586574492828531,0.7654047757716949,0.769914689895972
277,ATT,0.24134255071714694,0.23459522422830517,0.2300853101040279
278,ATC,1.0,1.0,1.0
279,TAT,1.0,1.0,1.0
280,CAA,0.8414269644865819,0.8457664831947534,0.8464372585491486
280,CAG,0.15857303551341795,0.15423351680524652,0.15356274145085136
281,TAC,1.0,1.0,1.0
282,ATG,1.0,1.0,1.0
283,GAT,1.0,1.0,1.0
284,GAC,0.1877145262612525,0.18994939390373075,0.18116411252608103
284,GAT,0.8122854737387475,0.8100506060962693,0.818835887473919
285,TTG,1.0,1.0,1.0
286,TAC,0.16671382313181804,0.15948998993401187,0.15750197737198665
286,TAT,0.833286176868182,0.8405100100659882,0.8424980226280133
287,GTA,1.0,1.0,1.0
288,GGA,1.0,1.0,1.0
289,TCT,1.0,1.0,1.0
290,GAC,1.0,1.0,1.0
291,TTA,1.0,1.0,1.0
292,GAA,1.0,1.0,1.0
293,ATA,1.0,1.0,1.0
294,GGG,1.0,1.0,1.0
295,CAG,1.0,1.0,1.0
296,CAT,1.0,1.0,1.0
297,AGA,1.0,1.0,1.0
298,ACA,0.8230655650152368,0.8260963724959394,0.8310163629107357
298,GCA,0.17693443498476327,0.17390362750406066,0.16898363708926434
299,AAA,1.0,1.0,1.0
300,ATA,1.0,1.0,1.0
301,GAG,1.0,1.0,1.0
302,GAG,0.11290373704396336,0.11677631578947367,0.12091019254072975
302,GAA,0.7069320739167645,0.7037280701754386,0.7075198599703783
302,GAT,0.18016418903927225,0.1794956140350877,0.17156994748889187
303,CTG,1.0,1.0,1.0
304,AGA,1.0,1.0,1.0
305,CAA,1.0,1.0,1.0
306,CAT,1.0,1.0,1.0
307,CTG,1.0,1.0,1.0
308,TTG,1.0,1.0,1.0
309,AAG,0.41608932327106274,0.40995387750724016,0.4094334633436901
309,AGG,0.5839106767289373,0.5900461224927599,0.5905665366563099
310,TGG,1.0,1.0,1.0
311,GGA,0.8159818577865305,0.8247422680412371,0.8258662266785125
311,GGG,0.1840181422134694,0.17525773195876287,0.1741337733214875
312,TTT,0.8776207020486402,0.8788977519941986,0.8824298886513735
312,CTT,0.12237929795135977,0.1211022480058013,0.11757011134862648
313,ACC,1.0,1.0,1.0
314,ACA,1.0,1.0,1.0
315,CCA,1.0,1.0,1.0
316,GAC,1.0,1.0,1.0
317,AAA,1.0,1.0,1.0
318,AAA,1.0,1.0,1.0
319,CAT,1.0,1.0,1.0
320,CAG,1.0,1.0,1.0
321,AAA,1.0,1.0,1.0
322,GAA,1.0,1.0,1.0
323,CCT,1.0,1.0,1.0
324,CCA,1.0,1.0,1.0
325,TTC,0.8204572207422093,0.8217169570760731,0.8297886459404757
325,TTT,0.17954277925779075,0.17828304292392688,0.1702113540595242
326,CTT,1.0,1.0,1.0
327,TGG,1.0,1.0,1.0
328,ATG,1.0,1.0,1.0
329,GGT,1.0,1.0,1.0
330,TAT,1.0,1.0,1.0
331,GAA,1.0,1.0,1.0
332,CTC,1.0,1.0,1.0
333,CAT,1.0,1.0,1.0
334,CCT,1.0,1.0,1.0
335,GAT,1.0,1.0,1.0
336,AAA,1.0,1.0,1.0
337,TGG,1.0,1.0,1.0
338,ACA,1.0,1.0,1.0
339,GTA,1.0,1.0,1.0
340,CAG,1.0,1.0,1.0
341,CCT,1.0,1.0,1.0
342,ATA,1.0,1.0,1.0
343,GTG,1.0,1.0,1.0
344,CTG,0.8181876483037259,0.816095890410959,0.826068376068376
344,TTG,0.18181235169627397,0.1839041095890411,0.17393162393162392
345,CCA,1.0,1.0,1.0
346,GAA,1.0,1.0,1.0
347,AAG,0.31941493456505005,0.3065158858373721,0.30896028468795117
347,AAA,0.68058506543495,0.6934841141626279,0.6910397153120489
