pos,codon,hivmmer,hivmmer-ml,hydra,pidalyse
0,ATA,1.0,1.0,1.0,1.0
1,AAG,1.0,1.0,1.0,1.0
2,AAA,1.0,0.9707646176911544,1.0,1.0
3,AAA,1.0,0.9557721139430285,1.0,1.0
4,GAC,1.0,0.9880059970014993,1.0,1.0
5,AGT,1.0,0.9782608695652174,1.0,1.0
6,ACT,1.0,0.9812312312312312,1.0,1.0
7,AAA,1.0,0.9767616191904048,1.0,1.0
8,TGG,1.0,1.0,1.0,1.0
9,AGA,1.0,0.9856711915535444,1.0,1.0
10,AAA,1.0,0.9820089955022488,1.0,1.0
11,TTA,1.0,0.9640179910044977,1.0,1.0
12,GTA,1.0,0.9765684051398338,1.0,1.0
13,GAT,1.0,0.9775112443778111,1.0,1.0
14,TTC,1.0,1.0,1.0,1.0
15,AGA,1.0,0.9757207890743551,1.0,1.0
16,GAA,1.0,0.9767616191904048,1.0,1.0
17,CTT,1.0,0.987189148455162,1.0,1.0
18,AAT,1.0,0.987256371814093,1.0,1.0
19,AAG,0.6304797667863091,0.5322327044025158,0.6289760835876216,0.6218040162405355
19,AGG,0.3695202332136908,0.46776729559748426,0.37102391641237836,0.37819598375946445
20,AGA,1.0,0.9787878787878788,1.0,1.0
21,ACC,0.10291204246031309,0.15828957239309827,0.10362967279461656,0.09806154226057372
21,ACT,0.8970879575396868,0.8417104276069017,0.8963703272053835,0.9019384577394263
22,CAA,1.0,0.9685157421289355,1.0,1.0
23,GAC,0.7631370354967385,0.8868065967016492,0.7670755875061178,0.7716957041064294
23,GAT,0.2368629645032615,0.11319340329835083,0.23292441249388224,0.22830429589357057
24,TTC,1.0,1.0,1.0,1.0
25,TGG,1.0,1.0,1.0,1.0
26,GAA,1.0,0.9774943735933983,1.0,1.0
27,GTT,1.0,0.9804658151765591,1.0,1.0
28,CAA,1.0,0.981245311327832,1.0,1.0
29,TTA,1.0,0.9609902475618906,1.0,1.0
30,GGC,0.09955819808187212,0.05739692805173807,0.10059970738138496,0.0971339982713441
30,GGA,0.9004418019181278,0.9102667744543249,0.8994002926186151,0.9028660017286558
31,ATA,1.0,1.0,1.0,1.0
32,CCA,1.0,0.9785768936495792,1.0,1.0
33,CAT,1.0,0.975885455915599,1.0,1.0
34,CCT,0.23665817737452155,0.06696764484574869,0.2326608523417034,0.22806007783807486
34,CCC,0.7633418226254784,0.9164785553047404,0.7673391476582966,0.7719399221619251
35,GCA,1.0,0.9875486381322957,1.0,1.0
36,GGG,1.0,0.9887302779864764,1.0,1.0
37,TTA,1.0,0.9609902475618906,1.0,1.0
38,AAA,1.0,0.9827456864216054,1.0,1.0
39,AAG,0.7624641583703806,1.0,0.7512045660328548,0.7708430945621917
39,CAG,0.23753584162961935,0.0,0.23440531625921612,0.22915690543780834
40,AAA,1.0,0.9797449362340586,0.9819774498530727,1.0
41,AAA,1.0,0.9857464366091523,1.0,1.0
42,TCA,1.0,1.0,0.9813508715300193,1.0
43,GTA,1.0,0.9812171299774606,0.9816886752119516,1.0
44,ACA,1.0,0.9779131759329779,0.9813406881379511,1.0
45,GTA,1.0,0.9849737039819685,0.9817684594348223,1.0
46,CTG,1.0,0.9719484457922669,0.9813584691937376,1.0
47,GAT,1.0,0.9842460615153789,0.9818051078200871,1.0
48,GTG,1.0,0.9894498869630746,0.9813805777663142,1.0
49,GGT,0.761502054359458,0.9325301204819277,0.74698921016478,0.7709729129845041
49,GGC,0.23849794564054214,0.06746987951807229,0.23403417718468053,0.2290270870154959
50,GAT,1.0,0.9819954988747187,0.9827449392712551,1.0
51,GCA,1.0,1.0,0.9814136612419457,1.0
52,TAT,1.0,0.9872468117029257,0.981728674037608,1.0
53,TTT,1.0,0.9759939984996249,1.0,1.0
54,TCA,1.0,1.0,0.9709462710505212,1.0
55,GTT,1.0,0.9772554965883244,0.9714219293604606,1.0
56,CCC,1.0,1.0,0.9700341715587488,1.0
57,TTA,1.0,0.95423855963991,0.9813256820502845,1.0
58,GAT,0.8501252975817567,0.9849962490622656,0.8356532614345115,0.8487990441792439
58,CAT,0.14987470241824333,0.0,0.1488110706860707,0.15120095582075616
59,GAA,0.39573118909273647,0.0,0.3902610056995621,0.394220050918599
59,AAA,0.6042688109072636,0.9654913728432108,0.5952984727782715,0.6057799490814009
60,GAC,1.0,1.0,0.9706133797809187,1.0
61,TTC,1.0,0.9842460615153789,0.9703562686973076,1.0
62,AGG,1.0,1.0,0.9705636944208212,1.0
63,AAG,0.8546325445516326,0.9572393098274569,0.8387128080291794,0.8545581835902645
63,AAA,0.14536745544836743,0.04276069017254314,0.14228178149439139,0.14544181640973547
64,TAT,0.8992712266900806,0.9714928732183046,0.8737139156920274,0.9027968381182412
64,TAC,0.1007287733099193,0.028507126781695424,0.09766646147942665,0.09720316188175879
65,ACT,1.0,0.9735649546827795,0.9730677085845674,1.0
66,GCA,1.0,1.0,0.9703433548479976,1.0
67,TTT,1.0,0.9797449362340586,0.9696601456632795,1.0
68,ACC,1.0,0.9887302779864764,0.9698403971346384,1.0
69,ATA,1.0,1.0,0.9696809405881079,1.0
70,CCT,1.0,0.9803030303030303,0.9697545551811693,1.0
71,AGT,1.0,0.9827456864216054,0.9698579715943189,1.0
72,ATA,1.0,1.0,0.9698392066243019,1.0
73,AAC,1.0,1.0,0.969444489471722,1.0
74,AAT,1.0,0.9819954988747187,0.970360782514664,1.0
75,GAG,0.0,0.0,0.0,0.375
76,ACA,0.0,0.0,0.0,0.0
77,CCA,0.0,0.0,0.0,0.0
78,GGG,0.0,0.0,0.0,0.0
79,ATT,0.0,0.0,0.0,0.0
79,ACT,0.0,0.0,0.0,0.0
80,AGA,0.0,0.0,0.0,0.0
81,TAT,0.0,0.0,0.0,0.0
82,CAA,0.7681135536594103,0.0,0.0,0.0
82,CAG,0.2318864463405897,0.0,0.0,0.0
83,TAC,0.0,0.0,0.0,0.0
84,AAT,0.0,0.0,0.0,0.0
85,GTG,0.0,0.0,0.0,0.0
86,CTT,0.0,0.0,0.0,0.0
87,CCA,0.0,0.0,0.0,0.0
88,CAG,0.0,0.0,0.0,0.0
89,GGA,0.0,0.0,0.0,0.0
90,TGG,0.0,0.0,0.0,0.0
91,AAA,0.0,0.0,1.0,1.0
92,GGG,0.0,0.0,0.1473946404988382,0.13430758524704245
92,GGA,0.0,0.0,0.8526053595011619,0.8656924147529576
93,TCA,0.0,0.0,1.0,1.0
94,CCA,0.0,0.0,1.0,1.0
95,GCA,0.0,0.0,1.0,1.0
96,ATA,0.0,0.0,1.0,1.0
97,TTC,0.0,0.0,1.0,1.0
98,CAA,0.0,0.0,0.7754941692167728,0.7715935113195387
98,CAG,0.0,0.0,0.2245058307832272,0.2284064886804613
99,TGT,0.0,0.0,0.2228525680842547,0.22828835266311215
99,AGT,0.0,0.0,0.7771474319157453,0.7717116473368878
100,AGC,0.0,0.0,1.0,1.0
101,ATG,0.0,0.0,1.0,1.0
102,ACA,0.0,0.0,1.0,1.0
103,AAA,0.0,0.0,0.8493064998640196,0.8485323003804892
103,ACA,0.0,0.0,0.15069350013598043,0.1514676996195107
104,ATC,0.0,0.0,1.0,1.0
105,TTA,0.0,0.0,1.0,1.0
106,GAG,0.0,0.0,1.0,1.0
107,CCT,0.0,0.0,1.0,1.0
108,TTT,0.0,0.0,1.0,1.0
109,AGA,0.0,0.0,1.0,1.0
110,AAA,0.0,0.0,1.0,1.0
111,CAA,0.0,0.0,1.0,1.0
112,AAT,0.0,0.0,1.0,1.0
113,CCA,0.0,0.0,1.0,1.0
114,GAC,0.0,0.0,1.0,1.0
115,ATA,0.0,0.0,0.8484786534464548,0.8485634668972807
115,CTA,0.0,0.0,0.15152134655354527,0.15143653310271935
116,ATT,0.0,0.0,0.3703115954367444,0.3777719837523329
116,GTT,0.0,0.0,0.6296884045632556,0.6222280162476672
117,ATC,0.0,0.0,1.0,1.0
118,TAT,0.0,0.0,1.0,1.0
119,CAA,0.0,0.0,0.8474504817532145,0.8481753625969896
119,CAG,0.0,0.0,0.15254951824678548,0.15182463740301044
120,TAC,0.0,0.0,1.0,1.0
121,ATG,0.0,0.0,1.0,1.0
122,GAT,0.0,0.0,1.0,1.0
123,GAC,0.0,0.0,0.10131132807712734,0.09722241272889377
123,GAT,0.0,0.0,0.8986886719228727,0.9027775872711061
124,TTG,0.0,0.0,1.0,1.0
125,TAT,0.0,0.0,0.8480095514241857,0.8478389173312104
125,TAC,0.0,0.0,0.15199044857581442,0.15216108266878955
126,GTA,0.0,0.0,1.0,1.0
127,GGA,0.0,0.0,1.0,1.0
128,TCT,0.0,0.0,1.0,1.0
129,GAC,0.0,0.0,1.0,1.0
130,TTA,0.0,0.0,1.0,1.0
131,GAA,0.0,0.0,1.0,1.0
132,ATA,0.0,0.0,1.0,1.0
133,GGG,0.0,0.0,1.0,1.0
134,CAG,0.0,0.0,1.0,1.0
135,CAT,0.0,0.0,1.0,1.0
136,AGA,0.0,0.0,1.0,1.0
137,ACA,1.0,0.0,0.893818018471758,0.9011342103095048
137,GCA,0.0,0.0,0.1061819815282419,0.09886578969049514
138,AAA,0.0,0.0,1.0,1.0
139,ATA,0.0,0.0,1.0,1.0
140,GAG,0.0,0.0,1.0,1.0
141,GAA,0.0,0.0,0.7496251158732755,0.756670736559066
141,GAT,0.0,0.0,0.09808331970118328,0.09667594967966746
141,GAG,0.0,0.0,0.1522915644255412,0.14665331376126653
