AAA,AAC,AAG,AAT,ACA,ACC,ACG,ACT,AGA,AGC,AGG,AGT,ATA,ATC,ATG,ATT,CAA,CAC,CAG,CAT,CCA,CCC,CCG,CCT,CGA,CGC,CGG,CGT,CTA,CTC,CTG,CTT,GAA,GAC,GAG,GAT,GCA,GCC,GCG,GCT,GGA,GGC,GGG,GGT,GTA,GTC,GTG,GTT,TAA,TAC,TAG,TAT,TCA,TCC,TCG,TCT,TGA,TGC,TGG,TGT,TTA,TTC,TTG,TTT,del,ins
0,0,0,0,0,0,0,0,0,0,0,0,0,0,0,0,0,0,0,0,56,24,203,62893,0,0,0,0,0,0,0,0,0,0,0,0,0,0,0,0,0,0,0,0,0,0,0,0,0,0,0,0,0,0,0,0,0,0,0,0,0,0,0,0,0,0
0,1,69,0,0,0,1,0,0,0,0,0,0,0,0,0,7,5,63655,29,0,0,37,0,0,0,17,2,0,0,13,0,1,0,23,1,0,0,0,0,0,0,0,0,0,0,0,0,0,0,0,1,0,0,0,0,0,1,0,0,0,0,0,0,0,0
0,53,0,1,3,31,1,0,2,147,2,2,55,64969,11,21,0,1,0,0,0,0,0,0,0,0,0,0,0,63,0,0,0,2,0,0,0,0,0,0,0,0,0,1,0,16,0,2,0,2,0,0,0,0,0,0,0,1,0,0,0,23,0,0,0,0
1,4,3,61,43,26,175,65085,0,1,0,7,0,1,1,16,0,2,0,6,1,2,3,92,0,0,0,1,0,0,1,0,0,0,1,2,2,0,3,54,0,0,0,0,0,0,0,0,0,0,0,3,2,0,6,62,0,0,0,0,0,0,0,0,0,0
0,0,0,0,1,0,0,1,0,0,0,4,1,0,5,67,0,1,0,43,0,1,0,32,2,0,4,179,50,24,182,71021,0,0,0,0,0,0,0,1,0,0,0,0,2,0,1,10,0,0,0,0,0,0,0,1,0,0,0,5,0,0,2,20,0,0
0,0,0,0,0,0,0,0,0,0,32,0,0,0,0,0,0,0,0,0,0,0,0,0,0,0,20,0,0,0,1,0,0,0,1,0,0,0,0,0,0,2,108,0,0,0,5,0,0,0,0,0,0,0,6,0,0,6,71505,46,0,1,78,6,0,0
36,1,23,0,0,0,0,0,1,0,0,0,0,0,0,0,44908,48,28646,48,27,0,9,0,15,0,5,0,10,1,12,0,3,0,2,0,1,0,0,0,0,4,0,0,0,0,0,0,0,1,0,0,0,0,0,0,0,0,0,0,0,0,0,0,1,0
0,0,0,0,0,0,0,0,79,1,3,0,0,0,0,0,25,2,0,0,11,0,0,1,73723,74,33,49,63,1,1,1,1,3,0,0,0,0,0,0,10,0,0,0,2,0,0,0,0,0,0,0,0,0,0,0,0,0,1,0,0,0,0,0,0,0
0,1,0,0,5,87,1,0,0,0,0,0,0,0,0,0,5,166,1,2,168,74349,18,40,0,26,0,0,5,56,1,1,0,2,0,0,1,14,0,0,0,0,0,0,0,0,0,0,0,1,0,0,1,30,1,1,0,0,0,0,0,0,0,0,0,0
1,1,0,0,0,3,0,0,1,4,0,0,7,135,0,0,0,72,0,0,1,51,1,1,5,124,0,0,82,75043,9,25,0,4,0,0,0,0,0,0,0,0,0,0,1,17,0,0,0,0,0,0,0,0,1,0,0,1,0,0,0,30,0,1,0,0
0,1,0,0,0,0,0,0,0,1,0,0,2,23,0,0,0,0,0,0,0,0,0,0,0,0,0,0,0,9,0,1,2,49,0,0,0,59,1,0,7,96,0,1,104,75613,9,18,0,0,0,0,1,0,3,0,0,2,0,0,0,35,0,1,0,0
39,2,0,0,76251,77,10,21,6,0,0,0,20,0,0,0,5,1,0,0,93,4,1,2,0,0,0,0,1,1,0,0,0,0,0,0,41,1,1,1,0,0,0,0,0,0,1,0,0,1,0,0,33,2,0,2,0,0,0,0,0,1,0,0,0,0
13,0,0,7,5,0,0,0,90,0,0,0,89632,127,15,32,2,0,0,0,0,0,0,0,1,0,0,0,90,7,0,0,1,0,0,0,0,0,0,0,0,0,0,0,20,0,1,0,0,0,0,0,0,0,0,0,0,0,0,0,33,0,0,1,0,0
53139,153,41164,44,85,5,68,0,12,1,9,1,34,2,33,2,84,6,62,4,4,0,1,0,0,0,0,0,0,0,0,0,7,1,8,0,0,0,0,0,0,0,0,0,0,0,0,0,0,2,0,2,0,0,0,1,0,0,0,0,0,0,0,0,0,0
7,0,0,0,21,0,0,0,31,0,0,21,42114,46,7,15,1,0,0,0,2,0,0,0,2,0,0,0,126,4,0,1,130,4,0,11,209,3,0,1,93,2,0,1,54263,54,14,13,0,0,0,1,0,0,0,1,0,0,0,1,67,1,0,2,0,0
0,0,0,0,0,0,0,0,0,0,81,0,0,0,0,0,0,0,0,0,0,0,0,0,0,0,15,2,0,0,0,0,0,0,35,0,1,0,13,5,47,21,97051,145,0,0,95,0,0,0,0,0,0,0,0,0,0,0,80,0,0,0,2,1,0,0
0,0,0,0,0,0,1,0,2,0,70,1,0,0,1,0,0,0,1,0,0,0,1,0,0,1,22,0,0,0,0,0,0,0,54,0,0,0,20,0,40,20,97547,58,0,1,114,1,0,0,0,0,0,0,0,0,0,1,120,0,0,0,0,0,0,0
92,1,0,2,3,0,0,0,0,0,0,0,0,0,0,0,100082,99,33,33,98,4,0,1,23,0,0,0,15,0,0,1,21,0,0,0,9,0,0,0,1,0,0,0,0,0,0,0,0,0,0,0,2,0,0,0,0,0,0,0,0,0,0,0,0,0
0,0,0,0,1,0,0,6,2,0,0,0,46,0,0,7,7,0,0,0,10,0,0,0,24,0,0,0,62141,73,14,22,0,0,0,0,0,0,0,0,0,0,0,0,22,0,0,0,0,0,0,0,5,0,0,0,0,0,0,0,43162,32,11,19,0,0
30,3,106086,64,2,0,90,0,0,0,17,1,0,0,17,0,1,0,118,1,0,0,2,0,0,0,1,0,0,0,1,0,0,0,22,1,0,0,1,0,0,0,0,0,1,0,0,0,0,0,0,1,0,0,0,0,0,0,0,0,0,0,0,0,0,0
24,1,1,0,2,0,0,0,0,0,0,0,0,0,0,0,24,0,0,0,0,0,0,0,0,0,0,0,1,0,0,0,106501,67,20,12,98,0,0,0,22,0,0,0,51,0,1,0,0,1,0,0,4,0,0,0,0,0,0,0,2,1,0,0,0,0
0,0,1,1,0,0,1,22,0,2,0,2,0,0,0,0,0,0,0,1,1,1,0,13,0,0,0,0,0,0,0,0,1,2,3,107,74,67,92,108996,0,1,0,21,1,0,2,20,0,0,0,1,0,0,1,36,0,0,0,0,0,0,0,0,0,0
0,0,0,0,0,0,0,0,0,0,0,0,76,2,0,0,19,1,0,0,22,1,0,0,53,0,0,1,120651,103,8,20,0,0,0,0,0,0,0,0,0,0,0,0,9,0,0,0,0,0,0,0,1,0,0,2,0,0,0,0,77,1,3,0,0,0
1,0,0,0,0,0,0,0,1,0,2,0,41,0,0,1,0,0,0,0,0,0,0,0,0,0,0,0,43,0,0,2,0,0,0,0,1,0,0,0,0,0,0,0,109,1,0,1,0,0,0,1,22,0,0,0,0,0,0,1,127216,85,31,24,0,0
1,0,0,16,0,0,0,0,0,0,0,1,0,0,0,0,0,0,2,11,0,0,0,0,0,0,0,0,0,0,0,0,46,47,90,130521,3,1,1,83,0,0,0,29,0,0,1,33,0,0,0,94,0,0,0,1,0,0,1,0,0,0,0,0,0,0
62,5,0,0,133493,82,29,34,12,2,0,0,22,0,0,0,2,0,0,0,52,0,0,0,0,0,0,0,0,0,0,0,2,0,0,0,58,0,0,1,0,0,0,0,0,0,0,0,0,1,0,0,28,0,0,0,0,0,0,0,0,0,0,0,3,0
1,0,0,0,0,0,0,0,32,0,2,1,1,0,1,0,0,0,0,0,0,0,0,0,12,0,1,0,0,0,0,0,39,1,1,1,21,1,0,0,135525,153,50,67,98,3,1,1,0,0,0,0,1,0,0,0,0,2,2,5,1,1,0,1,3,0
1,0,0,0,40,1,1,0,0,0,0,0,0,0,0,0,2,0,0,0,23,1,0,0,0,0,0,0,0,0,0,0,140,4,0,0,137201,53,19,14,29,0,0,0,44,1,1,0,0,0,0,0,60,1,0,0,0,0,0,0,0,0,0,0,3,0
0,0,1,14,0,0,0,0,0,0,0,0,0,0,0,0,1,0,0,7,0,0,0,0,0,0,0,0,0,0,0,1,58,36,57,144016,2,2,1,136,1,0,0,27,0,0,0,94,0,0,0,38,0,0,0,0,0,0,0,1,0,0,0,0,3,0
1,0,0,30,0,0,0,2,1,0,0,0,0,0,0,0,0,0,0,4,1,0,0,0,0,0,0,0,0,0,0,0,53,40,80,145521,3,1,0,111,0,1,0,32,4,1,0,63,0,0,0,88,0,0,0,1,0,0,0,1,0,0,0,1,3,1
86,6,1,0,149447,99,35,34,12,0,0,0,42,2,1,0,4,0,1,0,80,3,0,0,0,0,0,0,4,0,0,0,0,0,0,0,45,0,0,0,1,0,0,0,0,0,0,0,0,0,0,0,37,0,0,0,0,0,0,0,1,0,0,0,1,0
0,0,0,0,0,0,0,0,0,0,0,0,20,1,0,0,0,0,0,0,1,0,0,0,0,0,0,0,6,0,0,0,135,4,0,2,83,0,0,2,118,0,0,0,167536,64,25,18,0,0,0,0,0,0,0,0,0,0,0,0,29,0,0,0,0,0
1,0,0,0,0,0,0,0,0,0,0,0,64,1,1,0,1,0,0,0,0,0,0,0,0,0,0,0,40,3,0,1,0,0,0,0,1,0,0,0,0,0,0,0,127,1,0,0,0,0,0,1,16,0,0,0,0,0,0,1,169215,75,27,11,1,0
43,1,2,0,1,0,0,0,0,0,0,0,0,0,0,0,7,0,1,0,0,0,0,4,0,0,0,0,1,0,0,0,171046,98,48,29,105,3,0,1,32,0,0,0,25,0,0,0,0,3,0,0,0,0,0,2,0,0,0,0,0,0,0,0,2,0
18,11,0,0,0,3,0,0,1,0,1,0,0,0,0,0,8,3,0,1,0,0,0,0,0,0,0,0,0,1,0,0,68972,103311,17,68,31,53,0,0,17,47,0,0,13,35,0,0,0,46,0,0,0,1,0,0,0,0,0,0,0,1,0,0,0,6
1,0,38,1,0,0,36,0,0,0,74,3,49,17,174718,114,0,0,0,2,0,0,0,0,0,0,0,0,1,2,61,0,0,0,0,0,0,0,0,0,0,0,0,0,0,0,28,0,0,0,0,0,0,0,0,1,0,0,0,0,0,0,24,0,0,0
32,12,113,72726,4,1,2,65,0,0,0,10,0,0,5,15,2,0,26,64,0,0,0,0,0,0,0,0,0,0,1,0,52,9,105373,45,0,0,89,0,0,0,17,0,0,0,18,0,0,0,0,19,1,0,0,1,0,0,0,0,0,0,1,0,4,0
0,0,1,0,0,0,1,0,1,0,1,0,1,0,76,0,0,0,0,0,0,0,0,0,1,0,1,0,0,1,48,1,0,0,0,1,0,0,0,0,0,0,2,0,0,0,114,2,0,0,0,3,1,0,50,0,0,0,108,4,48,8,177708,83,1,0
3,0,0,1,229,1,0,0,1,0,0,0,1,0,0,0,244,6,3,1,178300,98,35,34,20,0,0,0,84,1,0,2,3,0,0,0,37,7,0,0,1,0,0,0,0,0,0,0,0,0,0,1,134,0,0,3,0,0,0,0,1,0,0,1,0,0
0,0,1,0,0,0,0,0,24,0,36,1,0,0,0,0,0,0,0,0,0,1,0,0,3,0,4,0,0,0,0,0,17,1,38,1,1,0,11,1,75382,46,105125,107,36,1,99,0,0,0,0,0,0,0,0,1,0,1,82,6,0,0,1,1,0,0
33,1,6,2,5,1,0,0,180742,77,31,71,67,1,0,0,1,0,0,0,0,0,0,0,143,9,0,0,0,0,0,0,0,0,6,1,0,0,0,0,69,0,1,0,0,0,0,0,0,0,0,0,0,0,0,0,0,0,0,1,1,0,0,0,0,0
0,0,0,0,0,0,0,0,1,0,38,0,0,0,16,0,0,0,0,0,0,0,0,0,1,0,29,0,0,0,1,0,0,0,0,0,0,0,0,0,2,0,75,0,0,0,5,0,0,0,0,0,0,0,8,1,0,7,181248,82,0,0,120,2,0,0
180489,84,73,38,137,2,0,0,45,0,0,0,29,1,1,0,151,5,0,2,0,0,0,0,1,0,0,0,0,0,0,0,57,0,0,1,1,0,0,0,1,0,0,0,0,0,0,0,0,0,0,1,2,0,0,0,0,0,0,0,1,0,0,0,0,0
1,0,0,0,132,12,1,1,0,0,0,0,0,0,0,0,310,3,1,0,181206,35,29,12,19,0,0,0,31,0,0,0,6,0,0,0,18,0,0,0,1,0,0,0,0,0,0,0,0,0,0,0,47,0,0,0,0,0,0,0,0,0,0,0,0,0
181533,166,37,29,121,3,0,0,29,0,0,0,17,1,0,0,82,7,0,2,0,0,0,0,0,0,0,0,0,0,0,0,46,1,0,0,0,0,0,0,0,0,0,0,0,0,0,0,0,0,0,1,0,0,0,0,0,0,0,0,1,0,0,0,0,0
0,0,46,8,0,0,31,1,1,0,125,9,46,7,181827,60,0,0,0,0,0,0,1,0,0,0,0,0,0,0,206,0,0,0,0,0,0,0,0,0,0,0,0,0,0,0,48,0,0,0,0,0,0,0,0,0,0,0,1,1,0,0,67,0,0,0
100,2,1,2,35,1,0,1,87,2,0,0,181946,111,37,34,1,1,0,0,2,0,0,0,0,0,0,0,214,2,1,1,0,1,0,6,0,0,0,0,1,0,0,0,43,2,0,0,0,0,0,0,2,0,0,0,0,0,0,0,108,1,1,2,0,0
0,0,0,0,0,0,0,0,2,0,77,0,0,0,0,0,0,0,0,0,0,0,0,0,0,0,10,0,0,0,0,0,0,0,63,0,2,0,7,1,84,14,181763,168,0,1,166,1,0,0,0,0,0,0,0,0,0,0,118,1,0,0,0,0,0,0
0,0,0,0,0,0,0,0,88,1,0,1,0,0,0,0,0,0,0,0,1,0,1,0,12,1,0,0,0,0,0,0,127,3,0,1,8,1,0,1,181576,308,81,91,104,1,1,0,0,0,0,0,1,0,0,0,0,1,0,1,1,0,0,0,0,0
0,1,0,49,0,0,0,21,1,0,6,166,57,39,94,183287,0,0,0,2,0,0,0,0,0,0,0,0,0,0,2,139,0,0,0,0,0,0,0,0,0,0,0,1,0,0,1,40,0,0,0,0,0,0,0,0,0,0,0,0,0,0,1,41,0,0
0,0,0,0,0,0,0,0,35,0,0,0,0,0,0,0,0,0,0,0,0,0,0,0,3,0,0,0,0,0,0,0,48,3,2,0,7,1,0,0,182939,161,65,50,139,0,0,0,0,0,0,0,0,0,0,0,0,0,3,2,0,0,0,0,0,0
0,0,0,1,1,0,0,0,4,0,4,46,0,0,0,0,0,0,0,0,0,0,0,0,0,0,1,7,0,0,0,0,0,1,2,15,0,1,0,7,340,172,351,181749,1,0,9,39,0,0,0,0,0,0,0,0,0,0,1,106,0,0,0,0,1,0
1,0,0,0,1,0,0,0,0,0,0,0,0,1,0,41,0,0,0,0,0,0,0,0,0,0,0,0,1,2,0,40,0,0,0,0,0,0,0,0,0,0,5,2,0,0,4,116,0,0,0,43,0,0,1,32,0,0,1,118,41,38,64,181979,0,0
1,58,0,1,3,21,0,2,4,81,0,1,314,181724,22,37,0,1,0,0,0,0,0,0,0,0,0,0,3,80,0,0,0,0,0,0,0,0,0,0,0,0,0,0,1,32,0,0,0,0,0,2,0,0,0,0,0,0,0,0,1,22,0,0,0,0
181051,126,43,35,128,2,0,1,29,0,0,0,33,0,0,0,83,4,2,0,2,3,0,0,0,0,0,0,1,0,0,0,38,1,1,0,0,0,0,0,0,0,0,0,0,0,0,0,0,1,0,0,0,0,0,0,0,0,0,0,0,0,0,0,0,0
1,0,0,0,1,0,0,1,5,0,0,0,42,0,2,0,0,0,0,0,1,0,0,0,0,0,0,0,10,0,0,0,312,6,0,2,119,0,0,1,214,0,1,1,187478,47,82,17,0,0,0,0,1,0,0,3,0,0,0,0,51,1,0,0,0,0
44,6,1,1,4,0,0,0,188316,140,94,66,83,1,0,1,2,0,3,0,0,0,0,0,138,4,1,1,0,0,0,0,0,0,0,0,0,0,0,0,41,0,0,0,2,0,0,0,0,0,0,0,0,0,0,0,0,1,1,1,0,0,0,0,0,0
3,0,210,2,2,0,14,1,0,0,4,0,0,0,0,0,53,10,183981,34,1,0,57,0,0,0,34,0,0,0,30,0,0,0,15,0,0,0,0,0,0,0,0,0,0,0,0,0,0,0,0,0,0,0,0,0,0,0,0,0,0,0,1,0,0,0
8,2,5,279,1,0,0,5,0,0,0,1,0,0,0,1,4,0,2,86,0,0,0,1,0,0,0,0,0,0,0,0,3,0,6,99,0,0,0,0,0,0,0,0,0,0,0,1,0,25,0,188260,2,1,1,45,0,0,0,23,0,0,1,17,0,3
2,0,52,37,2,0,2,2,0,0,0,0,0,0,1,0,0,1,12,5,1,0,1,0,0,0,0,0,0,0,1,0,127,24,116095,74041,5,0,68,19,0,0,31,13,0,0,30,12,0,1,0,36,0,0,0,3,0,0,0,0,0,0,0,0,0,0
9,0,265,2,1,0,9,0,0,0,3,0,0,1,2,0,61,6,185909,74,2,0,68,0,2,0,18,0,0,0,42,3,0,0,13,0,0,0,1,0,0,0,0,0,0,0,0,0,0,0,0,0,0,0,1,0,0,0,0,0,0,0,0,0,0,0
73,4,2,0,39,0,0,2,64,2,1,0,197769,91,48,32,3,0,0,0,0,0,0,0,0,0,0,0,127,4,0,1,0,0,0,0,0,0,0,0,0,0,0,0,28,0,0,0,0,0,0,0,0,0,0,0,0,0,0,0,37,1,0,1,0,0
1,28,1,0,0,3,0,1,1,2,0,0,8,65,0,0,0,61,0,0,0,26,0,5,2,29,0,0,112,82561,7,14,112,111929,7,21,12,89,0,0,1,33,0,0,0,43,1,1,0,53,0,0,1,0,0,0,0,0,0,0,2,23,2,1,0,0
62,4,4,1,20,0,0,0,84,0,1,0,186030,76,24,25,2,0,0,0,2,0,0,0,0,0,0,0,77,0,0,0,1,0,0,0,0,0,0,0,0,0,0,0,47,0,0,0,0,0,0,0,0,1,0,0,0,0,0,0,32,1,0,0,0,0
56,0,0,0,6,0,0,0,3,0,0,0,0,0,0,0,7,1,1,0,1,1,0,0,0,0,0,0,1,0,0,0,185276,105,39,27,141,0,0,0,36,0,0,0,49,2,0,0,0,0,0,0,0,0,0,0,0,0,0,0,2,0,0,1,0,0
1,78,0,0,2,29,0,3,8,141,0,2,215,182562,24,37,1,6,0,0,0,0,0,0,0,0,0,0,7,124,1,0,0,1,0,0,0,0,0,0,0,1,0,0,2,38,0,0,0,0,0,0,0,0,0,0,0,1,0,0,1,59,0,0,0,0
0,0,0,0,0,0,0,0,2,24,3,33,0,0,0,0,1,2,0,0,0,0,0,0,0,15,1,17,1,0,0,0,0,0,0,0,0,0,0,0,3,23,2,38,0,0,0,2,0,25,0,24,0,5,0,4,0,76017,90,106384,1,43,2,25,0,0
0,0,0,0,1,0,0,0,56,0,1,0,0,0,0,0,0,0,0,0,0,0,0,0,14,0,0,0,0,0,0,0,76,6,1,2,21,3,0,0,181886,217,56,91,118,1,0,1,0,0,0,0,0,0,0,0,0,2,1,2,0,0,0,0,0,0
15,1,3,193,2,0,0,13,0,0,0,2,1,0,0,2,77,26,47,183332,1,0,0,70,1,0,0,21,0,0,0,27,0,0,0,12,0,0,0,0,0,0,0,1,0,0,0,0,0,0,0,40,0,0,0,0,0,0,0,0,0,0,0,0,0,0
183181,154,58,38,148,0,2,1,29,0,1,2,33,0,1,0,66,3,0,0,0,0,0,0,0,0,0,0,0,0,0,0,29,0,0,0,0,0,0,0,0,0,0,0,0,0,0,0,0,1,0,2,0,0,0,0,0,0,0,0,0,0,0,0,0,3
0,0,1,2,6,0,2,107,0,0,0,0,0,0,0,1,1,0,0,4,2,0,0,23,0,0,0,0,1,0,0,1,63,4,4,250,166,34,75,203259,1,0,1,19,1,1,4,40,0,0,0,0,1,0,0,94,0,0,0,0,0,0,0,0,2,0
117562,93,27,24,96,0,0,1,38,0,0,0,87195,42,11,13,59,2,1,1,0,0,0,0,0,0,0,0,32,5,0,1,17,0,0,8,0,0,0,1,1,0,0,0,11,0,0,2,0,0,0,0,1,0,0,0,0,0,0,0,11,0,0,1,2,0
0,0,0,0,0,0,0,1,16,3,2,42,12,0,0,0,0,0,0,1,0,0,0,1,1,2,0,13,0,0,0,0,7,2,10,107,1,0,0,15,1099,342,295,202778,23,3,4,100,0,0,0,1,0,0,0,1,0,3,1,124,0,0,0,1,0,0
343,16,5,3,193101,138,41,55,10,1,1,1,71,1,1,0,22,2,0,0,100,4,1,3,0,0,0,0,0,0,0,0,2,0,0,0,55,0,0,0,0,0,0,0,1,0,1,0,0,3,0,1,55,2,1,5,0,0,0,0,0,0,0,1,0,0
2,1,0,1,2,1,0,0,5,0,0,0,43,0,0,0,0,0,0,0,1,1,0,0,0,0,0,0,11,2,0,0,418,18,5,7,148,4,0,2,138,2,0,1,212148,136,37,82,0,0,0,0,0,0,0,1,0,0,0,0,53,2,0,1,0,0
6,0,0,0,1,0,0,2,0,0,0,0,106,3,0,2,2,0,0,0,0,0,0,1,0,0,0,0,36,0,1,0,4,0,0,0,0,0,0,0,2,0,0,0,105,0,0,1,0,5,0,0,49,0,0,0,0,0,1,2,209936,85,27,23,0,2
7,0,0,0,3,1,0,0,5,0,0,0,73,0,1,2,1,0,0,0,1,0,0,0,0,0,0,0,15,0,0,0,396,15,0,0,122,3,0,0,119,0,2,2,207476,124,35,33,0,0,0,0,4,0,0,0,0,0,0,1,81,2,0,1,0,0
4,0,0,0,0,0,0,0,114,2,2,1,0,0,0,0,0,0,0,0,0,0,0,0,26,2,0,0,1,0,0,0,177,9,2,3,43,1,0,0,195866,181,93,244,243,4,2,4,0,0,0,0,3,1,0,0,0,5,2,5,5,2,0,2,0,0
3,0,0,7,11,3,4,319,0,0,0,0,0,1,2,3,7,4,2,393,118,58,63,206202,1,0,1,20,0,0,1,72,0,0,0,0,0,1,0,21,0,0,0,0,0,0,0,1,0,0,0,1,0,1,2,73,0,0,0,0,0,0,0,2,0,0
231,21,1,2,207098,156,111,176,11,2,0,3,45,2,0,1,8,2,0,0,66,7,1,2,0,0,0,0,3,16,0,5,0,0,0,0,57,0,1,3,1,0,0,0,0,1,0,0,0,0,0,0,64,1,1,3,0,0,0,0,0,0,0,0,0,0
0,0,0,5,7,2,5,191,0,0,0,0,0,0,1,0,5,2,7,249,115,63,95,198866,0,0,0,13,2,1,0,48,0,0,0,1,1,0,1,17,0,0,0,0,0,0,0,0,0,0,0,0,0,0,0,60,0,0,0,0,0,0,0,0,0,0
0,2,1,0,0,2,0,0,0,4,0,0,3,77,0,0,0,2,0,0,0,1,0,0,0,0,0,0,3,19,0,0,1,122,1,2,11,82,0,2,6,90,0,2,473,199492,18,70,0,3,0,0,0,3,0,0,0,5,0,3,1,111,0,1,0,0
300,199176,11,57,22,176,0,2,2,48,0,1,5,74,1,1,7,179,0,0,1,5,0,0,0,0,0,0,0,0,0,0,0,44,0,0,0,1,0,0,0,1,0,0,0,1,0,0,0,62,0,1,0,0,0,0,0,0,0,0,0,0,2,0,0,0
62,6,0,1,22,2,0,0,47,0,0,0,199714,177,36,52,4,2,0,2,1,0,0,0,2,0,0,0,184,9,0,0,1,0,0,0,0,0,0,0,0,0,0,0,32,0,0,0,0,0,0,0,1,0,0,0,0,0,0,0,56,3,1,1,0,1
0,0,0,56,1,0,0,41,0,0,0,87,51,42,66,200426,0,1,0,5,0,0,0,2,0,0,0,0,2,1,1,268,0,0,0,0,0,0,0,1,0,0,0,0,1,0,1,29,0,0,0,2,0,0,0,1,0,0,0,0,0,0,1,60,0,0
0,0,0,1,1,0,0,0,73,1,0,0,3,0,0,0,0,0,0,0,0,0,0,0,19,0,1,0,0,0,0,0,83,6,0,2,25,1,0,1,199693,155,39,59,124,3,0,3,0,0,0,0,1,0,0,0,0,2,3,1,3,1,1,0,0,0
48,4,3,0,12,1,0,1,200497,169,35,72,112,1,1,1,20,0,0,0,0,0,0,0,220,8,1,4,2,1,1,0,3,0,0,0,0,0,0,0,58,1,0,0,0,0,0,0,0,0,0,0,0,0,0,0,0,6,0,2,0,0,0,0,0,0
87,38,113,200435,1,0,0,165,0,0,0,41,2,1,0,62,1,2,19,99,0,0,0,5,0,0,0,0,0,0,0,1,0,0,1,81,0,0,0,0,0,0,0,0,0,0,0,0,0,1,0,185,0,0,0,0,0,0,0,1,0,0,0,2,0,0
0,0,2,0,0,0,3,0,0,0,4,0,6,1,265,5,0,2,124,3,1,1,48,1,3,0,100,6,79,15,200725,121,0,0,0,0,0,0,0,0,0,0,0,0,2,0,18,0,0,0,0,0,0,0,0,3,0,0,5,1,0,0,34,1,0,0
0,0,1,0,0,0,1,0,0,0,0,0,5,1,173,2,0,0,6,0,0,0,0,0,0,0,0,0,1,1,93,1,0,0,1,0,0,1,0,0,0,0,1,0,1,0,115,7,0,0,0,2,0,1,70,1,0,1,62,3,168,22,200750,142,0,0
3,0,4,302,111,46,80,202612,2,0,0,28,3,4,2,91,1,0,0,18,1,2,0,174,0,0,0,0,0,1,0,3,1,3,0,5,1,0,1,80,0,0,0,1,0,0,0,1,0,1,0,4,1,0,2,93,0,0,0,2,0,0,0,4,0,0
12,1,461,3,4,0,28,1,1,0,7,0,0,0,7,0,97,11,203872,94,7,0,129,4,2,1,72,1,1,1,56,0,0,0,34,0,0,0,0,0,0,0,0,0,0,0,0,0,0,0,0,5,4,0,1,0,0,0,0,0,0,0,0,0,0,0
0,0,1,58,0,1,0,58,0,2,2,95,89,44,76,205131,0,0,0,7,0,0,0,0,0,0,0,1,3,0,1,289,0,0,0,5,0,0,0,1,0,0,0,0,1,2,2,34,0,0,0,4,0,0,0,1,0,0,0,1,1,1,2,79,0,0
0,0,0,1,0,0,0,0,9,30,2,47,0,0,0,1,0,0,0,0,0,0,0,0,1,6,0,3,0,1,0,0,3,39,2,58,1,8,1,12,380,89194,82,116846,3,47,5,72,0,0,0,0,0,0,0,1,0,67,3,79,0,0,0,0,0,0
1,0,0,0,1,2,0,0,7,104,0,3,0,7,0,0,0,1,0,0,0,2,0,0,3,75,0,0,0,0,1,0,0,0,0,0,0,0,0,0,5,76,0,0,0,2,0,0,0,75,0,1,2,45,1,2,0,204276,16,89,3,122,1,0,0,18
0,1,3,163,88,39,110,201938,0,0,1,12,0,1,2,40,1,12,0,13,0,0,1,179,0,0,0,0,0,0,0,2,0,1,0,1,0,0,0,88,0,0,0,0,1,0,0,0,0,1,0,1,1,0,1,95,0,0,0,0,0,0,0,0,0,0
0,0,0,0,0,0,0,0,1,0,0,0,71,3,1,0,0,0,0,0,0,0,0,0,0,0,0,0,54,1,1,0,1,0,0,0,0,0,0,0,3,0,1,0,88,1,0,0,0,4,0,1,30,0,0,0,0,0,0,0,203543,142,24,45,0,0
74,35,164,202993,1,1,1,277,1,0,1,34,0,0,0,65,0,0,0,186,0,0,0,5,0,0,0,1,0,0,0,0,0,0,0,31,0,0,0,1,0,0,0,0,0,0,0,0,0,0,0,35,0,0,0,3,0,0,0,0,0,0,0,0,0,0
0,0,0,0,0,0,0,2,0,0,0,0,1,0,1,73,0,0,0,0,0,0,0,1,0,0,0,0,0,0,1,40,0,0,0,1,0,0,0,0,0,1,1,0,2,0,7,116,0,0,0,56,0,0,0,44,0,0,3,126,126,47,137,201848,0,0
2,7,0,1,30,394,1,3,0,1,0,0,0,0,0,0,4,388,1,1,510,200996,15,66,0,23,0,0,3,99,0,0,0,1,0,0,0,35,0,0,0,0,0,0,0,0,0,0,0,0,0,0,5,88,0,1,0,2,0,1,0,1,0,0,0,0
1,1,0,58,1,0,0,36,1,0,7,114,142,67,102,203282,0,0,0,9,0,0,0,0,0,0,0,0,1,0,0,110,0,0,0,0,0,0,0,1,0,0,0,1,0,1,0,20,0,0,0,2,0,0,0,0,0,0,0,1,3,0,0,33,0,0
2,2,3,146,5,1,0,21,242,103,159,202767,8,6,8,101,0,1,0,9,0,0,0,0,2,3,1,121,0,0,0,4,1,0,1,0,0,0,0,0,0,0,0,36,0,0,1,1,0,0,0,0,0,1,0,0,0,0,0,23,0,0,0,3,0,0
4,0,0,3,7,1,1,317,0,0,0,2,0,0,1,3,3,2,6,374,99,35,89,207082,1,0,0,19,1,1,2,51,1,0,0,0,2,0,1,26,0,0,0,0,0,0,0,0,0,0,0,0,0,0,2,35,0,0,0,0,0,1,0,1,0,0
1,1,0,84,1,0,0,36,0,0,2,144,77,51,106,227931,0,0,0,1,0,0,0,1,0,0,0,0,0,2,0,100,0,0,0,0,0,0,0,0,0,0,0,0,1,0,0,25,0,0,0,1,0,0,0,1,0,0,0,1,0,0,1,24,0,0
103,2,79,5,5,0,3,1,1,0,2,0,0,0,1,0,12,1,9,6,0,0,0,0,0,0,0,0,0,0,1,0,125236,133,98990,103,71,6,178,2,17,0,15,1,22,0,44,1,0,1,0,4,1,0,0,2,0,0,1,0,1,0,0,0,0,0
0,3,1,181,90,43,129,217006,0,0,0,11,0,0,2,44,0,0,2,15,3,2,0,260,0,0,0,0,1,0,0,0,0,0,0,4,0,0,0,53,0,0,0,0,1,0,0,0,0,0,0,0,4,0,0,94,0,0,0,3,2,0,0,1,0,0
1,0,0,0,2,2,0,0,1,0,0,0,70,1,0,1,0,0,0,0,2,0,0,0,0,0,0,0,9,1,0,0,199,12,0,1,92,1,0,0,132,2,1,0,210958,140,84,95,0,0,0,0,3,1,0,0,0,0,0,0,67,1,1,1,0,0
9,1,0,0,296,5,0,0,1,0,0,1,0,0,1,0,559,27,1,5,206534,138,44,54,22,0,0,1,84,2,0,0,6,0,0,0,25,0,0,0,0,0,0,0,1,0,0,0,0,0,0,0,69,3,0,0,0,0,0,0,3,0,0,0,4,1
4,0,0,0,1,0,0,0,1,0,0,3,47,0,0,1,1,0,0,0,1,0,0,0,0,0,0,0,9,0,0,2,263,8,0,0,135,0,0,0,117,1,0,1,207095,160,35,42,0,0,0,1,0,0,0,0,0,0,0,0,71,1,0,1,50,0
203572,262,33,67,349,5,0,3,28,0,0,0,38,0,0,0,248,8,2,4,4,4,0,1,0,0,0,0,1,0,0,0,25,1,1,0,0,0,0,1,0,0,0,0,0,0,0,0,0,0,0,3,2,0,0,0,0,0,0,0,2,0,0,0,59,0
6,0,0,0,1,0,0,0,0,0,0,0,193,1,0,12,0,0,0,0,0,0,0,0,0,0,0,0,31,1,1,0,2,0,0,0,0,1,0,0,3,0,0,0,202,2,0,0,0,1,0,0,33,0,0,0,0,0,0,0,205811,76,28,31,76,0
278,31,204802,176,10,2,113,2,2,1,42,0,0,0,30,1,0,2,132,4,1,0,3,1,0,0,0,0,0,0,0,0,0,0,25,2,0,0,1,0,0,0,0,0,0,0,0,0,0,0,0,3,0,0,0,0,0,0,0,1,0,0,0,0,91,0
6,3,2,2,411,3,0,0,0,0,0,0,1,0,0,0,603,19,5,4,204097,116,33,46,23,0,0,0,104,2,1,0,9,0,0,0,62,9,0,0,0,0,0,0,0,0,0,0,0,0,0,0,92,1,0,2,0,0,0,0,1,0,0,0,92,0
2,0,0,0,0,0,0,0,67,0,11,0,0,0,0,0,0,0,0,0,0,0,0,0,15,2,0,0,0,0,0,0,98,10,0,0,20,0,0,2,208444,349,37,80,135,0,2,1,0,0,0,0,1,0,0,0,0,5,0,1,2,0,0,1,104,0
6,0,113,19,2,0,37,0,0,0,108,7,87,13,206763,152,0,0,3,0,0,0,0,0,0,0,0,0,1,0,174,1,0,0,1,0,3,0,3,0,0,0,1,0,8,0,41,1,0,0,0,1,0,0,2,0,0,0,2,0,1,0,45,0,117,0
6,1,4,93,1,0,0,8,0,0,0,0,0,0,1,2,1,2,0,15,0,0,0,0,0,0,0,0,0,0,0,0,158,75,116,206849,6,1,1,286,12,0,0,63,7,1,1,94,0,0,0,116,0,0,0,2,0,0,0,0,0,0,0,1,122,0
2,0,0,2,0,2,0,0,4,61,1,72,0,3,0,0,0,2,0,0,0,1,0,0,0,28,0,12,0,1,0,0,5,75,5,69,3,38,2,18,391,85642,123,116773,4,136,7,82,0,1,0,2,0,0,0,0,0,128,15,152,0,3,0,3,122,0
11,1,1,0,613,7,0,1,3,0,0,0,1,0,0,0,430,19,1,2,207659,189,26,77,22,0,1,1,96,3,0,1,3,0,0,0,44,0,0,1,0,0,0,0,0,0,0,0,0,0,0,1,112,10,0,2,0,0,0,0,2,0,0,0,122,0
208641,188,71,40,263,1,0,4,38,0,0,0,80,1,1,0,245,9,1,3,2,0,0,0,1,0,0,0,1,0,0,0,42,0,1,1,0,0,0,0,0,0,0,0,0,0,0,0,0,1,0,0,0,0,0,0,0,0,0,0,3,0,0,1,122,0
1,1,3,0,1,0,2,2,0,0,5,12,4,0,38,39,0,0,1,0,0,1,2,0,0,0,0,1,0,0,2,4,4,1,294,126,7,1,236,97,5,0,168,125,93,44,123450,99981,0,0,0,2,0,0,3,3,0,0,1,3,5,1,43,34,122,0
224429,238,73,84,148,2,1,2,36,0,0,0,57,2,0,0,105,2,1,0,1,1,0,0,0,0,0,0,1,0,0,0,42,0,1,0,0,0,0,0,0,0,0,0,1,0,0,0,0,1,0,1,0,0,0,0,0,0,1,0,0,0,0,0,122,4
168,3,0,1,21,0,0,0,2,0,0,0,0,0,0,0,208075,160,28,48,163,3,0,0,32,1,0,0,41,0,0,3,19,1,0,0,1,0,0,0,0,0,0,0,0,0,0,0,0,0,0,0,1,0,0,0,0,0,0,0,0,0,0,0,122,0
1,0,2,0,0,0,0,0,4,1,148,0,1,0,15,0,0,0,0,0,1,1,2,0,2,1,52,2,0,0,1,0,0,0,2,0,0,0,1,0,2,0,104,1,0,0,4,0,0,0,0,2,0,2,30,1,0,38,205733,220,1,1,177,5,122,0
12,0,0,0,671,7,0,0,1,0,0,0,1,0,0,0,536,19,4,3,206603,117,45,38,15,0,0,0,59,1,0,1,1,0,0,1,42,9,0,0,0,0,1,0,1,0,0,0,0,0,0,0,154,0,0,1,0,0,0,0,2,0,0,0,122,0
2,0,3,1,0,0,0,1,0,0,1,0,5,1,135,14,0,0,0,0,0,0,0,0,0,0,0,0,2,1,38,1,1,0,2,0,0,0,0,0,0,0,6,0,2,1,203,2,0,0,0,2,2,0,34,0,0,5,71,4,139,19,207581,170,122,0
542,17,4,3,204183,144,50,39,18,1,0,0,66,0,0,0,42,7,2,0,262,2,1,1,0,0,0,0,2,0,0,0,5,11,0,0,44,0,0,0,1,0,0,0,2,0,0,0,0,0,0,0,101,2,1,5,0,0,0,0,0,0,0,0,122,0
142,4,1,1,9,0,0,0,14,0,0,0,0,0,0,0,66,2,1,1,1,0,0,0,0,0,0,0,0,0,0,0,204936,234,55,47,343,3,0,2,32,0,1,0,60,1,0,0,0,5,0,3,1,0,0,0,0,0,0,0,1,0,0,0,120,0
359,2,1,1,10,1,0,0,15,1,0,0,0,0,0,0,15,0,0,0,2,0,0,0,0,0,0,0,0,0,0,1,206298,158,46,35,327,1,1,7,79,0,0,0,69,1,1,2,0,0,0,0,0,0,0,0,0,0,0,0,0,0,0,0,75,0
207089,196,35,39,194,2,0,0,19,0,0,0,49,0,0,0,152,10,0,3,0,0,0,0,0,0,0,0,0,0,0,0,31,1,2,0,0,0,0,0,0,0,0,0,0,0,0,0,0,2,0,0,0,0,0,0,0,0,0,0,0,0,0,0,66,0
138,5,1,16,20,1,0,0,184,0,1,1,207760,98,21,30,6,0,0,0,0,0,0,0,0,0,0,0,185,2,0,1,1,0,0,1,0,0,0,0,5,0,0,2,53,0,0,1,0,0,0,0,0,1,0,0,0,0,0,0,81,2,0,2,50,0
207723,181,61,38,179,3,0,0,28,0,0,0,28,0,0,1,148,9,0,1,0,0,0,0,0,0,0,0,1,0,0,0,27,0,1,0,0,0,0,0,0,0,0,0,0,0,0,0,0,0,0,2,1,0,0,0,0,0,0,0,0,0,0,0,38,0
6,0,0,0,210,5,1,0,5,6,0,0,1,0,0,0,4,0,0,0,86,0,0,1,0,0,0,0,1,0,0,0,315,23,0,3,207138,156,24,33,16,1,0,0,51,0,0,0,0,0,0,0,164,1,0,2,0,0,0,0,0,0,0,1,43,0
3,0,0,0,3,0,0,0,4,0,0,0,260,7,0,5,2,0,1,0,0,0,0,0,0,0,0,0,41,0,0,0,2,0,0,0,1,0,0,0,14,0,0,0,277,0,0,0,0,7,0,1,59,0,0,1,0,0,0,0,208316,91,20,14,34,0
11,0,1,0,19,0,0,0,22,0,0,4,205,2,3,3,5,0,0,0,0,0,0,0,0,0,0,0,24,0,0,0,592,14,0,3,169,1,0,0,231,3,0,0,210063,85,32,23,0,0,0,0,2,0,0,0,0,0,0,0,94,1,0,2,25,0
195,3,0,2,12,0,0,0,9,0,0,0,0,0,1,0,21,0,0,0,0,0,0,0,0,0,0,0,0,0,0,0,209254,148,46,22,161,2,0,0,44,0,0,1,38,0,0,0,0,3,0,2,0,1,0,0,0,0,0,0,0,0,0,1,24,0
9,0,7,296,0,0,0,140,2,0,7,512,248,138,432,208240,0,0,1,21,0,0,1,8,1,0,0,2,2,0,2,295,0,0,0,2,0,0,0,0,0,0,1,3,2,0,0,26,0,0,0,5,0,0,0,0,0,0,0,1,1,3,2,33,25,0
1,0,0,4,2,0,0,1,30,4,6,202,0,0,1,3,0,0,0,3,0,0,0,0,1,2,0,65,0,0,0,0,0,0,0,6,0,0,0,0,14,0,7,136,5,0,1,11,0,4,0,78,0,0,0,13,0,142,261,207802,6,2,16,82,27,0
500,22,2,1,207700,127,50,44,16,0,0,0,49,2,1,1,32,1,0,1,121,2,0,0,0,0,0,0,1,0,0,0,4,1,7,5,90,1,0,1,1,0,0,0,0,0,0,0,0,3,0,0,38,2,0,1,0,0,0,0,0,0,0,0,28,0
166,1,1,0,5,2,0,0,8,0,0,0,4,0,0,0,23,2,0,1,0,0,0,0,0,0,0,0,0,0,0,0,208993,224,85,49,232,4,0,1,47,0,1,0,74,1,1,0,0,4,0,3,1,0,0,0,0,0,0,0,2,0,0,0,29,0
7,1,321,8,3,0,59,1,4,1,115,7,111,12,209469,134,0,0,18,0,0,0,0,0,0,0,2,0,0,0,198,3,0,0,1,0,0,0,1,0,0,0,0,0,0,0,32,0,0,0,0,0,0,0,1,0,0,0,4,0,1,1,61,0,27,0
173,1,0,3,6,0,0,0,1,0,0,0,0,0,0,0,13,2,0,1,0,0,0,0,0,0,0,0,0,0,0,0,210200,205,54,43,188,4,0,1,57,0,1,0,39,1,0,1,0,2,0,1,2,0,0,0,0,0,0,0,2,0,0,0,24,0
284,13,205463,199,7,0,168,0,2,1,69,0,0,0,38,1,4,1,186,1,0,0,3,0,0,0,1,0,0,0,0,0,0,0,61,1,0,0,0,0,0,0,0,1,0,0,0,0,0,0,0,0,0,0,0,0,0,0,1,0,0,0,1,0,21,0
252,7,10,3,14,0,0,0,5,0,0,0,2,0,0,0,27,0,1,0,2,0,0,0,0,0,0,0,0,0,0,0,204219,161,44,27,151,2,0,0,37,0,2,0,41,0,1,2,0,1,0,1,3,0,0,0,0,0,0,0,1,0,0,0,20,0
4,0,1,0,0,0,0,0,283,1,5,6,3,0,1,0,1,0,0,0,0,0,0,0,27,1,1,0,1,0,0,0,219,5,1,0,28,0,0,0,203503,115,36,34,304,2,0,0,0,0,0,0,1,0,0,0,0,0,0,1,3,0,0,0,17,0
202305,74,32,17,103,3,0,3,25,1,1,1,23,0,0,0,103,3,0,2,1,3,0,0,0,0,0,0,0,0,0,0,31,1,0,0,0,0,0,0,0,0,0,0,1,0,0,0,0,2,0,0,0,0,0,0,0,0,0,0,0,0,0,0,14,0
3,0,0,174,1,0,0,52,3,0,5,305,157,48,272,201263,1,0,1,5,0,0,0,0,0,0,0,0,1,1,0,135,1,0,0,1,0,0,0,0,0,0,0,0,1,0,3,32,0,0,0,0,0,0,0,0,0,1,0,2,0,2,0,46,13,0
8,0,1,0,300,2,1,0,0,0,0,0,3,0,0,0,27,0,0,0,50,1,0,0,0,0,0,0,1,0,0,0,6,2,0,0,468,0,1,1,1,0,0,0,3,0,1,0,0,18,0,0,201134,81,31,26,0,0,0,1,39,4,0,1,13,0
202628,90,32,20,160,1,0,3,33,0,0,0,31,1,0,0,88,6,0,0,2,4,0,0,0,0,0,0,0,0,0,0,30,0,0,0,0,0,0,0,0,0,0,0,0,0,0,0,0,0,0,1,0,0,0,0,0,0,0,0,0,0,0,0,6,0
6,1,2,257,2,1,0,49,1,0,2,374,201,38,109,202424,0,0,0,9,0,0,0,1,0,0,0,0,1,0,0,125,0,0,0,3,0,0,0,0,0,0,0,1,0,0,1,23,0,0,0,4,0,0,0,0,0,0,0,2,2,0,25,36,4,0
0,0,5,0,1,0,1,0,12,1,243,9,0,1,7,0,0,0,1,0,0,0,0,0,1,0,23,2,0,0,0,0,6,1,354,2,0,2,16,1,273,70,202237,244,2,1,268,4,0,0,0,0,0,0,0,0,0,0,227,8,0,0,5,1,3,0
1,0,2,18,16,2,10,883,1,0,0,3,0,0,3,3,3,6,14,553,109,92,124,204770,0,0,1,30,0,2,14,53,0,0,0,1,1,0,0,64,0,0,1,2,0,0,0,0,0,0,0,2,0,0,1,135,0,0,0,0,0,0,0,1,4,0
81,1,76,6,16,0,9,0,4,0,2,0,0,0,0,0,6,0,12,0,0,1,0,0,0,0,0,0,0,0,0,0,97232,111,116776,136,84,1,63,1,25,0,28,2,23,0,20,0,0,2,0,0,4,0,0,0,0,0,2,0,1,0,1,0,7,0
522,99,470,216486,16,0,0,155,2,1,4,39,6,4,3,57,3,1,0,86,0,0,0,6,0,0,0,0,0,0,0,1,2,0,1,107,0,0,0,0,0,0,0,0,0,0,0,0,0,0,0,19,0,0,0,1,0,0,0,0,0,0,0,2,8,0
13,0,0,0,484,3,0,0,0,0,0,0,2,0,0,0,633,24,6,6,209352,79,42,32,14,0,0,2,50,0,0,0,0,0,0,0,22,0,0,0,0,0,0,0,4,0,0,0,0,0,0,0,59,0,0,1,0,0,0,0,0,0,0,0,10,0
32,213,1,1,6,15,0,0,0,0,0,0,1,4,0,1,3,37,0,0,0,1,0,0,0,0,0,0,0,1,0,0,10,137,3,1,2,1,0,0,0,0,0,0,0,1,0,0,0,214161,0,53,25,85,0,2,0,55,2,2,4,59,0,1,11,0
942,78,237,212140,22,0,0,82,0,0,1,32,3,0,2,23,7,3,0,56,0,0,0,8,0,0,0,0,0,0,0,0,0,0,1,36,0,0,0,0,0,0,0,0,0,0,0,1,0,1,0,33,0,0,0,4,0,0,0,0,0,0,1,3,12,0
15,9,15,431,520,106,396,208249,1,1,1,14,2,2,7,35,3,1,0,24,5,2,3,121,0,0,0,1,0,2,0,1,0,0,0,2,4,0,6,79,0,0,0,0,0,1,1,0,0,1,0,7,2,1,6,75,0,0,1,3,0,0,0,1,15,0
13,2,0,0,447,4,1,2,1,0,0,0,1,0,0,0,522,16,3,1,210295,68,42,25,25,0,0,0,49,1,0,0,1,0,0,0,30,0,0,0,0,0,0,0,0,0,0,0,0,0,0,0,60,3,0,1,0,0,0,1,1,0,0,0,15,1
8,0,0,0,3,0,0,1,13,0,0,5,122,0,0,2,1,1,1,0,0,0,0,0,0,1,0,0,7,1,0,0,730,18,1,1,110,2,0,1,170,3,0,0,210247,55,26,23,0,1,0,2,1,1,0,0,0,0,0,2,97,4,0,0,15,0
1,0,1,1,0,0,0,0,0,0,0,2,11,0,5,234,0,0,0,0,0,0,0,0,0,0,0,0,0,0,0,35,0,0,2,0,0,0,0,0,1,0,2,6,7,0,15,395,0,0,0,104,0,1,0,35,0,0,2,208,131,45,176,203520,15,0
0,1,0,0,5,92,0,1,0,3,0,0,0,0,0,0,0,0,0,0,1,19,0,0,0,0,0,0,0,0,0,0,7,293,1,1,507,202212,16,66,1,36,0,0,3,51,0,1,0,3,0,0,2,168,0,0,0,9,0,0,0,0,0,0,14,0
99,6,0,3,40,0,0,0,139,0,0,0,199956,52,31,16,8,2,0,10,0,0,0,0,0,0,0,0,65,2,3,0,3,0,0,0,0,0,0,0,1,0,0,0,42,0,0,0,0,0,0,0,0,0,0,0,0,0,0,0,41,1,1,1,13,0
171,9,203386,121,0,1,82,2,3,0,45,0,0,0,19,1,1,0,52,2,0,0,1,1,0,0,0,0,0,0,1,1,0,0,35,0,0,0,0,0,0,0,0,0,0,0,0,0,0,0,0,0,0,0,0,0,0,0,1,0,0,0,0,0,8,0
207983,81,101,33,84,1,0,1,37,0,0,1,27,0,0,1,94,1,0,2,1,2,0,0,0,0,0,0,0,0,0,0,77,0,1,0,0,0,0,0,0,0,0,0,0,0,0,0,0,1,0,0,0,0,0,0,0,0,0,0,0,0,0,0,7,0
207614,95,119,42,142,2,0,1,59,0,0,3,32,0,0,0,136,5,0,1,2,1,1,0,0,0,0,0,1,0,0,0,35,1,0,0,0,0,0,0,0,0,0,0,1,0,0,0,0,0,0,1,1,0,0,0,0,0,0,0,0,0,0,0,7,0
12,92,0,0,11,1,0,0,2,2,0,1,1,1,0,0,1,10,0,0,0,0,0,0,0,0,0,0,0,0,0,0,448,208216,22,38,18,119,0,2,1,73,0,0,4,67,1,2,0,177,0,2,1,0,0,0,0,1,0,0,0,1,0,0,5,0
5,0,5,87,1,0,2,7,184,27,353,204641,6,0,10,83,1,0,0,5,0,0,0,1,1,0,0,80,0,0,0,0,0,0,0,0,0,0,0,0,25,0,2,42,5,0,0,0,0,0,0,0,0,0,0,1,0,0,2,31,0,0,0,2,4,0
7,3,13,217,200,60,378,215363,0,0,0,18,2,0,1,66,0,0,1,10,2,1,2,119,0,0,0,1,1,0,0,1,0,0,0,2,5,1,2,174,0,0,0,0,0,0,0,0,0,1,0,4,4,1,0,144,0,0,0,3,0,0,0,0,1,0
216499,168,91,66,100,2,0,1,46,0,0,0,28,0,1,0,73,3,0,0,2,0,0,0,0,0,0,0,0,0,0,0,38,0,0,0,0,0,0,0,1,0,0,0,0,0,0,0,0,0,0,0,0,0,0,0,0,0,1,0,0,0,0,0,0,0
0,0,9,0,0,0,0,0,9,0,200,3,2,0,15,0,0,0,3,0,0,0,0,0,1,0,34,0,0,0,0,0,0,0,4,0,0,0,0,0,3,0,200,1,0,0,13,1,0,0,0,2,0,1,18,2,0,22,206516,201,1,0,209,4,0,0
242,18,2,2,20,1,0,2,206273,152,34,66,195,0,1,2,9,1,0,0,1,0,0,0,87,3,0,1,2,0,0,0,4,0,2,0,0,0,0,0,65,1,1,0,0,0,0,0,0,1,0,0,1,0,0,0,0,1,1,2,0,0,0,0,0,0
206386,160,41,58,168,3,0,1,42,0,0,0,45,0,0,0,157,12,0,0,3,1,0,0,0,0,0,0,1,0,1,0,47,0,1,0,1,0,0,0,0,0,0,0,0,0,0,0,0,2,0,2,0,0,0,0,0,0,0,1,0,2,0,0,0,0
2,0,0,0,0,0,0,0,5,0,0,0,157,0,1,1,0,0,0,0,1,0,0,0,0,0,0,0,46,1,0,0,2,0,0,0,0,0,0,0,10,0,0,0,574,0,0,0,0,5,0,0,47,0,0,1,0,0,0,1,207453,73,38,23,1,0
2,1,0,0,2,0,0,0,5,1,0,0,78,0,0,0,0,0,0,0,0,0,0,0,0,0,0,0,15,1,2,0,351,11,1,5,109,1,0,1,157,0,0,3,207358,34,28,28,0,1,0,1,1,0,0,0,0,0,0,0,85,2,0,1,1,0
2,0,1,68,3,0,0,7,0,0,0,1,0,0,0,1,0,1,0,10,0,0,0,0,0,0,0,0,0,0,0,0,146,41,201,205795,2,2,0,151,1,0,1,29,2,1,0,46,0,0,0,103,0,0,0,2,0,1,0,0,0,0,0,0,1,0
2,4,1,0,0,1,0,0,1,0,0,0,6,104,0,0,0,0,0,0,0,0,0,0,0,0,0,0,2,56,1,1,0,2,0,0,0,0,0,0,3,5,0,1,3,305,2,1,0,174,0,1,3,57,0,0,0,342,0,2,401,206388,16,48,1,0
160,12,4,1,20,0,1,0,208342,72,62,45,162,3,0,2,9,2,1,0,0,0,0,0,55,0,0,1,2,0,0,0,0,0,2,0,0,0,0,0,62,0,0,0,1,0,0,0,0,0,0,0,0,0,0,0,0,0,0,0,1,0,0,0,1,0
184,4,1,2,5,0,0,0,2,0,0,0,1,0,0,0,9,0,1,0,0,0,0,0,0,0,0,0,0,0,0,0,207563,103,103,85,79,3,0,0,29,0,0,0,23,0,0,0,0,1,0,0,1,0,0,2,0,0,0,0,1,0,0,0,1,0
2,0,0,0,0,0,0,2,0,0,1,8,19,0,14,552,3,0,1,123,0,1,0,40,1,0,3,230,141,35,102,216294,0,0,0,0,0,0,0,0,0,0,0,1,0,0,1,12,0,0,0,5,1,0,0,0,0,0,0,3,3,1,0,32,1,0
123,41,232,221195,6,0,0,99,0,0,1,38,4,1,2,24,3,0,1,58,0,0,0,3,0,0,0,0,0,0,0,0,0,0,3,34,0,0,0,0,0,0,0,1,0,0,0,0,0,0,0,36,0,0,0,0,0,0,0,0,0,0,0,0,3,0
201,16,220441,203,9,0,74,4,9,0,43,0,1,0,28,0,4,0,64,3,1,0,6,0,0,0,0,0,0,0,0,0,1,0,100,0,0,0,0,0,0,0,0,0,0,0,0,1,0,0,0,1,0,0,0,0,0,0,0,0,0,0,1,1,3,0
258,12,3,0,26,1,0,0,212297,70,51,53,211,1,2,0,16,4,1,0,0,0,0,0,87,3,0,1,3,0,0,0,7,1,0,0,0,0,0,0,63,0,2,0,1,0,0,0,0,0,0,0,0,0,0,0,0,0,0,4,0,0,0,0,4,0
10,212,6,151,453,118778,348,100505,1,18,1,8,1,23,3,19,0,7,0,12,1,88,1,54,0,0,0,0,0,3,0,2,0,0,0,2,8,146,7,81,0,1,0,0,1,1,0,0,0,8,0,1,2,118,2,74,0,2,0,0,0,0,0,1,3,0
643,2,2,2,8,0,0,0,1,0,0,0,2,0,0,0,223414,109,72,49,51,1,0,0,55,0,1,0,80,0,1,1,49,0,2,0,0,0,0,0,0,0,0,0,2,0,0,0,0,1,0,1,3,0,0,0,0,0,0,0,0,0,0,0,3,0
30,140,1,97,1,8,0,3,1,2,0,2,0,0,0,1,1,12,0,7,0,0,0,0,0,0,0,0,0,0,0,0,359,120723,196,94627,9,66,0,36,7,95,2,19,7,129,1,23,0,114,0,101,0,0,0,0,0,6,0,1,0,1,0,0,4,0
3,10,0,0,0,1,0,0,3,11,0,0,17,254,0,1,1,2,0,0,0,0,0,0,0,0,0,0,0,58,0,4,0,7,0,0,0,0,0,0,1,7,0,0,9,450,4,0,0,319,0,1,5,56,0,1,0,450,0,3,261,211965,17,69,3,0
1,0,0,0,0,0,1,0,3,0,169,0,0,0,4,0,0,0,2,0,1,0,0,0,0,0,49,0,0,0,8,0,0,0,4,0,0,0,1,0,4,0,190,7,0,0,12,2,0,0,0,3,0,1,8,1,0,19,209783,226,3,0,252,2,3,0
120,4,3,0,1,0,0,0,1,0,0,0,2,0,0,0,19,1,0,0,1,0,0,0,0,0,0,0,0,0,0,0,206235,75,58,35,103,5,0,2,47,0,0,0,38,1,0,1,0,3,0,2,1,0,0,0,0,0,0,0,0,0,0,0,3,0
0,0,1,1,0,0,0,0,0,0,0,10,7,0,1,61,0,0,0,0,0,0,0,0,0,0,0,0,0,0,2,13,2,0,2,164,1,0,0,57,4,0,5,230,161,53,303,206817,0,0,0,1,0,0,0,0,0,0,0,9,1,0,1,80,3,0
272,0,1,2,3,0,0,0,3,0,0,0,0,0,0,0,208518,112,30,40,47,5,0,0,54,0,1,1,41,0,2,1,36,0,1,0,0,0,0,0,0,0,0,0,1,0,0,0,0,0,0,0,5,0,0,0,0,0,0,0,1,0,1,0,2,0
2,0,0,1,0,0,0,0,3,0,0,0,110,0,2,2,0,0,0,0,0,0,0,0,0,0,0,0,36,0,0,0,0,0,0,0,2,0,0,0,10,0,0,0,335,3,2,1,0,2,0,0,39,0,0,0,0,2,1,0,209386,46,35,23,2,1
2,0,0,0,0,0,0,0,64,57,5,1,0,1,0,0,0,0,0,3,0,1,0,0,6,13,1,0,1,1,0,0,56,59,1,0,13,15,0,0,98015,126296,45,47,93,95,1,0,0,3,0,0,0,1,0,1,0,117,1,3,2,0,0,0,0,0
54,3,1,4,22,1,0,2,147,0,2,7,224442,159,248,280,2,2,0,2,0,0,0,0,0,1,0,0,50,5,1,2,0,0,0,0,0,0,0,0,0,0,0,1,84,0,4,2,0,0,0,0,0,0,0,0,0,0,0,0,28,2,2,1,0,0
8,0,0,0,139,6,3,1,1,0,0,0,3,0,0,0,414,28,5,3,218323,128,245,192,22,1,3,2,72,1,0,0,2,0,0,0,23,2,0,3,0,0,0,1,0,0,0,0,0,0,0,0,36,1,0,3,0,0,0,0,0,0,0,0,1,0
9,0,9,208,18,0,0,12,0,1,0,2,1,1,0,3,177,74,402,221267,3,1,2,67,1,0,3,39,3,1,5,26,1,0,2,17,0,0,0,0,0,0,1,0,0,2,0,0,0,3,0,44,0,1,0,0,0,0,0,1,0,0,0,1,0,0
1,4,1,2,18,142,1,90,0,1,0,1,0,1,0,2,6,261,5,138,390,132302,122,99927,0,26,1,6,2,46,3,26,0,2,1,0,3,22,0,17,0,0,0,0,0,1,0,0,0,0,0,1,2,65,1,30,0,1,0,1,0,0,0,1,0,0
2,0,2,0,100,1,0,0,1,0,1,0,0,0,0,0,2,0,0,0,16,1,0,0,1,15,0,0,0,0,0,0,247,7,2,0,233800,128,58,73,45,3,1,0,63,0,0,0,0,1,0,0,97,1,1,1,0,18,1,1,1,0,0,0,0,0
1,0,0,0,0,0,0,0,1,1,129,2,0,0,1,0,0,0,2,0,0,0,0,0,0,1,19,0,0,0,9,0,3,2,118,2,1,0,17,0,109,19,225427,200,1,0,232,5,0,0,0,1,0,0,0,0,0,0,204,6,0,0,3,1,0,0
7,0,0,0,4,0,0,2,2,0,0,0,197,1,0,2,5,1,0,0,1,0,0,0,1,0,0,0,137,2,1,3,2,0,0,0,2,0,0,0,7,0,0,1,252,0,1,56,0,3,0,1,43,1,0,0,0,0,0,2,228429,71,38,163,0,0
230002,135,71,107,115,0,0,0,42,1,1,0,50,1,2,2,108,3,0,2,0,1,0,0,0,0,0,0,1,0,2,0,40,0,1,0,0,0,0,0,0,0,0,0,0,0,0,0,0,3,0,2,0,0,0,0,0,0,0,0,2,1,0,0,1,0
76,8,124313,100,40,0,56,2,3,0,26,1,0,0,18,2,31,6,100607,84,3,0,24,0,1,2,16,0,0,0,16,0,1,0,24,0,0,0,0,0,0,0,0,0,0,0,1,0,0,0,0,2,1,0,0,0,0,0,2,0,0,0,1,1,1,0
222387,52,39,42,48,1,0,0,56,0,1,1,29,0,1,1,61,1,0,2,3,1,0,0,0,0,0,0,0,0,0,0,97,0,0,0,0,0,0,0,1,0,0,0,0,0,0,0,0,0,0,3,1,0,0,1,0,0,0,0,0,0,0,4,1,0
220489,81,72,64,49,3,0,1,47,0,0,2,31,1,0,1,53,0,0,4,1,1,0,0,0,0,0,0,1,0,0,0,36,2,0,0,1,0,0,0,1,0,0,0,1,0,0,0,0,0,0,0,0,0,1,2,0,0,0,0,1,0,0,1,1,0
1,0,0,0,125,3,0,0,0,0,0,2,1,44,0,0,2,0,1,0,47,1,0,0,0,0,0,0,3,0,0,0,7,0,0,0,622,1,1,0,1,0,1,0,1,0,0,2,0,1,0,0,222359,46,37,37,0,0,0,0,35,0,1,1,1,0
3,0,0,0,1,0,0,0,6,0,0,34,75,0,0,1,1,0,0,0,0,1,0,0,0,0,0,0,11,1,0,0,118,0,0,2,59,0,0,0,267,0,1,7,224010,34,106,28,0,0,0,0,2,0,0,0,0,1,0,1,199,4,0,2,2,0
89,24,1,2,225975,52,36,71,19,0,0,0,23,0,1,0,7,0,0,0,68,2,1,2,1,0,0,0,0,0,1,0,2,0,0,0,157,1,1,0,0,0,0,0,3,0,0,0,0,0,0,0,121,2,1,1,0,0,0,1,3,0,0,0,2,0
2,0,0,0,0,2,0,0,6,0,0,21,52,1,3,7,0,0,0,0,0,0,0,0,0,0,0,0,8,2,8,0,111,3,3,3,56,0,0,1,342,0,3,11,240935,86,157,150,0,1,0,0,0,1,0,0,0,0,0,1,147,3,2,5,1,0
0,0,3,0,0,0,6,19,0,0,1,1,0,0,142,5,0,0,115,8,1,2,72,2,2,1,240,19,77,22,240947,285,0,0,0,0,0,0,0,0,0,0,2,0,1,0,23,0,0,0,0,0,0,0,1,0,0,0,4,0,1,0,45,2,1,0
1,0,3,55,1,0,0,2,0,0,0,2,0,0,0,0,1,0,0,14,0,0,0,0,0,0,0,0,0,1,0,2,53,61,129,245075,2,1,0,97,18,0,2,53,1,1,4,59,0,0,0,190,0,0,0,2,0,0,0,0,0,0,0,3,3,25
0,0,0,0,0,0,2,0,0,0,2,1,3,0,54,3,0,0,0,0,1,1,1,1,0,0,0,0,1,3,21,1,3,1,196,1,1,2,141,1,4,0,208,20,72,17,232713,304,0,0,0,0,0,0,2,0,0,1,14,24,1,0,146,6,0,0
0,0,0,0,0,1,0,0,6,58,1,58,0,1,1,0,1,0,0,0,1,2,0,0,0,26,0,14,0,2,0,1,4,59,1,56,0,20,0,9,235,102144,183,128614,2,119,6,68,0,0,0,0,0,0,1,0,0,133,1,131,0,3,0,4,0,0
2,0,3,51,0,0,0,2,0,0,0,0,1,0,0,2,0,1,1,13,0,0,0,1,15,0,0,0,0,0,1,1,55,58,107,229801,1,1,1,93,1,0,1,47,1,1,1,110,0,0,0,276,0,0,0,3,0,0,0,2,0,0,0,3,1,0
1,0,0,0,78,0,0,1,0,0,0,0,0,0,0,0,2,0,0,0,10,1,0,0,0,0,0,0,1,1,0,0,107,4,0,1,228503,64,76,71,20,0,3,1,63,1,0,1,0,1,0,0,158,6,0,6,0,16,0,0,1,0,0,0,0,0
4,0,0,48,0,0,0,0,0,0,0,0,19,0,0,18,0,0,0,26,0,1,0,0,0,0,0,0,0,0,0,0,0,0,11,85,0,0,0,1,0,0,0,0,0,0,1,0,0,34,0,230688,1,0,0,74,0,0,0,27,5,1,3,31,0,0
0,0,0,1,0,0,0,1,0,0,0,1,0,0,2,54,0,0,0,0,0,0,0,0,0,0,0,0,0,1,1,36,0,0,0,0,0,0,0,0,0,0,4,5,8,1,9,163,0,3,0,84,0,0,0,36,0,0,2,206,82,81,215,230019,0,0
1,0,0,0,111,1,0,0,1,0,0,1,3,0,0,0,2,0,0,0,32,1,0,0,0,0,0,0,0,0,0,0,11,0,0,0,267,0,2,0,0,0,0,0,1,0,0,0,0,2,0,0,229170,54,49,44,0,0,0,0,35,8,7,0,0,0
0,0,0,0,0,0,0,0,0,0,0,11,3,0,2,49,0,1,0,1,0,0,0,0,0,0,0,0,1,0,0,27,4,2,1,132,1,0,0,68,3,0,5,118,219,62,319,228505,0,0,0,0,0,1,0,1,0,0,1,4,4,0,3,101,0,0
2,3,0,0,14,237,1,2,0,1,0,0,0,3,0,0,6,381,3,3,407,231097,28,82,2,46,1,1,1,81,0,1,1,1,1,0,2,30,0,0,0,2,0,0,0,0,0,0,0,1,0,0,2,73,0,2,0,0,0,0,0,1,0,0,0,0
2,0,0,0,0,0,0,0,1,0,0,0,116,0,0,0,0,0,0,0,2,0,0,0,1,0,0,0,34,0,1,6,5,0,0,0,0,0,0,0,5,0,0,0,274,0,3,1,0,2,0,0,20,0,0,1,0,0,0,1,232854,58,44,28,0,0
3,0,2,64,0,0,0,2,0,0,0,1,2,0,0,1,0,1,0,10,0,0,0,2,0,0,0,0,0,0,0,1,100,51,166,253225,6,0,0,85,0,0,0,19,0,0,2,40,0,1,0,93,0,0,0,2,0,0,0,0,0,0,0,1,0,0
113682,64,28,19,43,0,0,1,25,0,0,1,21,1,0,0,27,2,0,1,1,1,0,0,0,0,0,0,0,0,0,0,136117,80,44,19,52,3,0,0,25,0,0,1,28,1,0,0,0,0,0,4,1,1,0,0,0,0,0,0,0,0,0,0,0,0
6,76,1,0,1,3,0,2,0,1,0,0,0,1,0,0,0,13,0,0,0,2,0,0,0,1,0,0,0,1,0,0,108,247454,16,40,7,138,0,2,3,114,0,1,3,139,1,1,0,131,0,3,0,2,0,0,0,3,0,0,0,1,0,0,0,2
1,2,0,0,0,0,0,0,2,0,0,0,0,114,1,0,0,0,0,1,0,1,0,0,0,0,0,0,1,74,0,0,1,3,0,0,0,1,0,0,1,7,0,0,4,469,1,0,0,146,0,0,2,71,0,1,0,377,2,2,149,239639,21,55,0,0
2,0,83,0,1,2,24,5,83,16,241242,180,2,0,232,5,0,0,2,0,0,0,0,0,0,0,57,2,0,1,4,0,0,0,0,0,0,0,0,0,0,1,56,1,0,0,1,0,0,1,0,0,0,0,0,0,0,1,101,0,0,0,2,0,0,0
55,12,244668,87,1,0,108,3,1,0,74,2,0,0,39,2,0,2,114,3,0,0,2,1,0,0,0,0,0,0,1,0,2,0,39,0,0,0,1,0,0,0,0,0,0,0,0,1,0,1,0,2,0,0,0,0,0,0,0,0,0,1,3,0,1,0
5,81,1,74,1,1,0,1,0,0,0,0,1,0,0,0,0,37,0,46,0,0,0,1,0,0,0,0,0,0,0,0,6,87,6,98,0,0,0,1,0,2,0,0,0,0,0,0,0,139912,0,116632,1,31,0,22,0,57,0,27,3,41,1,11,0,0
1,2,1,120,88,76,104,253408,0,1,1,17,0,1,1,50,0,1,1,6,1,0,1,78,0,0,0,0,0,0,0,0,0,1,0,2,0,0,2,78,0,0,0,1,0,0,0,0,0,0,0,0,2,1,3,121,0,0,1,1,1,0,0,0,0,0
2,0,0,0,57,0,0,0,0,0,0,0,1,0,0,0,0,0,0,0,20,0,0,1,0,0,0,0,0,0,0,0,141,2,0,2,249940,64,116,41,18,0,0,0,46,1,1,2,0,0,0,0,129,5,0,5,0,0,0,0,0,0,0,0,0,0
0,0,0,3,0,0,0,0,0,0,0,2,4,0,2,87,1,0,0,0,0,0,0,0,0,0,0,0,0,0,2,27,0,0,0,1,0,0,0,0,0,0,1,3,2,0,5,167,0,1,0,117,2,0,0,41,0,0,2,194,44,49,100,248681,0,0
8,113,0,0,301,256007,10,85,0,13,1,0,2,51,0,0,0,7,0,0,3,81,0,2,0,0,0,0,0,0,0,0,0,2,0,0,0,90,2,0,0,1,0,0,0,0,0,0,0,5,0,0,2,91,0,1,0,0,0,0,0,2,0,0,0,0
58,1,1,4,40,1,1,0,129,0,1,5,248971,188,209,200,1,0,0,0,0,0,0,0,1,0,0,0,51,5,1,1,0,0,0,0,1,0,0,1,1,0,0,0,40,0,0,1,0,0,0,0,0,0,0,0,0,0,0,0,31,1,0,2,0,0
1,0,2,2,2,0,4,137,0,0,0,1,0,0,0,1,2,1,4,224,85,62,190,252039,0,1,0,15,5,0,2,50,0,0,0,0,0,0,0,21,1,0,0,1,0,0,0,0,0,0,0,0,1,0,0,38,0,0,0,0,0,0,0,1,0,0
2,1,3,35,0,1,0,14,184,100,152,256265,4,1,9,107,0,0,0,1,0,0,0,0,4,1,1,74,0,1,0,2,0,0,1,1,0,0,0,0,2,2,0,60,1,0,0,2,0,0,0,2,0,0,0,1,0,0,1,44,0,0,0,2,0,0
50,1,0,1,22,0,0,0,128,1,0,2,254784,48,25,23,0,0,0,0,0,0,0,0,0,0,0,0,59,5,0,3,1,0,0,0,0,0,0,0,0,0,0,0,39,0,1,0,0,0,0,0,0,0,0,1,0,0,0,0,36,1,0,1,0,0
118,255020,16,46,15,86,0,1,0,81,0,1,1,84,0,0,1,86,0,0,0,3,0,0,0,0,0,0,0,0,0,0,0,49,0,0,0,0,0,0,0,0,0,0,0,0,0,0,0,46,0,0,0,0,0,0,0,0,0,0,0,3,0,0,0,0
113,69,304,247378,3,0,0,82,2,0,1,59,0,1,12,52,1,1,0,55,0,0,0,2,0,0,0,0,0,0,0,1,3,0,3,39,0,0,0,0,0,0,0,1,0,0,0,0,0,0,0,28,0,0,0,2,0,0,0,0,0,0,0,2,0,0
6,1,75,2,2,0,5,1,10,0,0,0,0,0,2,0,1,1,18,2,0,0,0,0,0,0,0,0,0,0,1,1,130,35,248409,191,10,2,79,2,1,0,44,2,3,0,46,2,0,2,0,4,0,0,4,0,0,0,3,0,0,0,1,0,1,0
138,9,6,1,245583,128,315,204,20,0,5,1,43,1,3,0,12,11,0,0,113,4,2,2,0,0,0,0,0,0,0,0,0,1,0,0,121,1,5,5,1,0,0,0,1,0,0,0,0,0,0,0,109,5,2,7,0,0,0,1,1,0,0,0,3,0
3,0,0,0,266,2,0,1,0,1,0,0,1,0,0,0,328,12,17,3,246346,85,46,45,19,1,1,0,61,1,0,2,0,0,0,0,36,0,2,0,1,0,0,0,0,0,0,0,0,0,0,0,57,0,0,0,0,0,0,0,0,0,0,0,5,0
0,0,0,0,0,0,0,0,0,0,54,2,1,0,0,0,0,0,1,0,0,0,0,0,2,0,7,1,0,0,1,1,2,1,99,3,1,1,25,1,119,25,246513,174,0,1,233,2,0,0,0,1,0,0,1,1,0,0,222,4,0,0,4,1,5,0
0,1,0,88,1,1,0,52,3,0,4,171,61,51,93,250029,1,0,0,2,0,0,0,1,0,0,0,0,1,1,1,126,0,0,1,2,0,0,0,0,0,0,1,0,0,0,1,47,0,0,0,2,0,0,0,2,0,0,0,2,8,1,0,56,6,0
49,0,0,1,14,0,0,0,251197,83,27,51,87,1,1,3,1,0,0,0,1,0,0,0,66,3,0,0,3,0,0,0,4,1,0,10,0,0,0,0,46,1,0,0,0,0,0,0,0,0,0,0,1,0,0,0,0,1,0,1,2,0,0,0,6,0
3,5,4,76,1,0,0,1,1,1,1,2,1,9,0,2,1,1,0,38,0,0,0,2,0,0,0,0,0,0,0,0,4,3,9,139,2,0,0,0,1,0,0,0,1,0,0,1,0,48,0,263752,3,0,1,76,0,0,0,29,1,1,0,43,6,0
157,2,95,4,3,0,3,0,0,0,1,4,0,0,1,0,149532,80,125929,75,38,5,28,1,32,1,26,0,23,2,23,0,12,0,9,2,0,0,0,0,1,0,0,0,0,0,0,0,0,1,0,1,2,0,0,0,0,0,1,0,0,0,0,0,6,2
5,96,0,0,8,5,0,0,0,0,0,0,1,1,0,0,0,50,0,0,0,0,0,0,0,0,0,0,0,1,0,0,1,107,0,0,0,1,0,0,0,1,0,0,2,2,0,0,0,281298,0,42,6,70,0,1,0,126,1,1,0,91,1,0,6,0
79,60,159,253370,6,0,0,196,0,0,0,33,0,1,7,55,2,0,2,50,0,0,0,6,0,0,0,0,10,1,0,0,0,1,0,30,0,0,0,1,0,0,0,0,0,0,0,1,0,0,0,30,0,0,0,2,0,0,1,0,0,0,0,3,6,0
0,0,0,0,0,0,2,2,0,0,2,0,2,2,72,1,0,0,1,0,0,0,1,1,0,0,0,0,0,1,15,1,4,0,165,1,0,2,130,0,1,0,142,12,51,20,251287,140,0,0,0,0,1,0,1,3,0,6,9,4,0,0,96,6,5,0
1,0,0,3,0,0,0,4,1,0,0,9,9,1,4,219,0,3,1,69,1,1,0,52,1,0,2,177,158,66,235,252388,0,0,0,1,0,0,0,9,0,0,0,0,1,0,1,25,0,0,0,2,1,0,0,2,0,1,0,7,0,9,2,75,4,0
4,0,1,0,272,3,2,2,1,0,0,1,2,0,0,1,443,20,2,1,253887,88,80,82,22,0,1,2,55,0,2,0,0,0,0,0,14,0,1,0,0,0,0,0,0,0,0,0,0,1,0,0,49,9,0,1,0,0,0,0,2,1,0,0,1,0
5,0,181,2,9,0,2,0,0,0,8,0,0,0,0,0,69,14,252936,182,0,1,55,5,1,0,39,0,0,0,41,2,0,0,13,1,0,0,0,0,0,0,3,0,0,0,1,0,0,0,0,3,0,0,0,1,0,0,0,0,0,0,0,0,1,0
1,0,0,0,1,0,0,0,132,1,0,1,2,1,1,0,0,0,0,0,0,0,0,0,23,0,0,0,0,0,0,0,88,4,1,5,24,0,0,2,255420,166,53,91,134,1,1,2,0,0,0,0,0,0,0,1,0,1,1,2,7,3,0,0,0,0
0,0,3,0,0,0,0,0,3,0,65,1,1,0,15,0,1,0,1,0,0,0,0,0,0,2,51,0,0,0,0,0,1,0,2,0,0,0,1,0,6,0,82,2,0,0,4,0,0,4,0,4,0,1,16,0,0,22,256704,123,0,1,178,7,0,0
254487,117,58,29,173,3,0,1,60,0,12,0,48,0,0,2,172,7,2,3,2,4,0,0,0,0,0,0,1,0,0,0,52,2,0,0,0,0,0,1,0,0,0,0,1,0,0,0,0,1,0,12,1,0,0,0,0,0,0,0,2,0,0,0,0,0
0,0,0,0,0,0,1,0,49,1,6,0,0,1,0,0,1,0,0,0,0,0,0,0,16,0,0,1,1,0,0,0,78,2,1,6,33,3,0,0,253456,88,37,59,113,2,1,1,0,0,0,0,0,0,0,0,0,1,0,3,6,10,0,0,0,0
1,1,0,1,112,3,3,1,0,0,0,3,1,5,0,0,6,4,0,0,47,2,0,1,1,0,0,0,1,0,0,0,2,0,0,0,103,1,2,4,2,0,0,0,0,0,1,0,0,7,0,3,252711,112,125,165,0,1,0,3,56,3,0,2,0,0
1,0,0,0,193,5,0,1,0,3,0,0,0,2,0,0,222,4,3,0,253921,43,39,32,24,0,0,0,54,2,1,0,0,0,0,0,16,0,0,3,1,0,0,0,0,0,0,0,0,0,0,0,51,1,0,2,0,0,0,0,1,0,0,0,1,0
0,0,0,4,73,1,1,0,2,2,0,0,1,0,0,0,3,0,0,0,14,0,0,0,0,0,0,0,0,0,0,0,232,7,0,0,254912,38,40,43,26,0,0,0,68,2,2,0,0,0,0,0,123,2,0,2,0,0,0,1,0,0,2,0,0,0
63,3,0,3,47,0,0,1,97,0,0,1,256636,69,28,24,2,1,0,0,0,0,0,0,1,0,0,0,161,5,0,0,0,0,0,0,0,0,0,0,0,0,0,0,30,0,0,2,0,0,0,2,1,0,0,0,0,0,0,0,39,2,1,1,0,0
1,2,0,0,0,0,0,0,0,4,0,0,5,99,0,6,0,1,0,0,3,2,0,0,0,0,0,0,0,57,1,0,0,2,0,0,0,0,0,0,1,5,1,0,4,190,1,0,0,198,0,1,3,65,0,0,0,227,0,1,232,270430,15,59,0,0
292,1,157,2,2,0,4,3,0,0,0,1,1,0,0,0,162379,75,135203,88,25,3,28,1,22,0,15,0,26,0,20,2,18,0,11,0,1,0,0,0,0,0,1,0,0,0,0,0,0,0,0,0,0,0,1,0,0,0,0,0,0,0,0,0,0,0
0,0,2,22,2,0,0,8,202,93,88,161846,4,0,3,48,0,1,0,2,0,0,0,0,5,9,5,160,0,0,0,1,0,0,0,1,0,0,0,7,1,1,5,72,0,0,1,7,0,0,0,24,0,0,1,4,0,50,53,135351,5,0,1,50,0,0
2,48,0,0,1,14,1,0,174,257478,15,74,3,146,1,3,0,1,0,0,0,1,0,0,2,56,0,0,0,4,0,0,1,0,0,0,0,1,0,0,0,45,0,1,0,1,1,0,0,1,0,0,0,0,0,0,0,27,0,0,0,5,0,1,0,4
3,1,40,4,1,0,40,0,1,0,60,9,79,15,254451,156,0,0,0,0,0,0,2,2,0,0,0,0,2,2,102,4,0,0,0,0,0,0,0,0,0,0,0,0,0,1,95,0,0,0,0,0,0,0,0,0,0,0,1,1,1,0,53,4,0,0
133,10,1,0,255244,55,32,37,10,1,0,2,60,1,0,0,10,1,0,0,169,5,0,0,0,0,0,0,2,0,0,0,1,0,0,0,70,0,0,0,0,0,0,0,0,0,0,0,0,0,0,0,83,4,0,2,0,0,0,0,0,0,0,0,1,0
255096,139,48,37,154,4,0,0,54,1,0,0,44,1,0,3,125,6,2,0,2,2,0,0,0,0,0,0,1,0,0,0,52,1,1,0,0,0,0,0,0,0,0,0,0,0,0,0,0,1,0,1,0,0,0,1,0,0,0,0,0,0,0,0,1,0
2,104,0,3,2,47,0,1,6,293,0,5,140,255120,13,17,0,1,0,0,0,1,0,0,0,0,0,0,2,141,2,0,0,1,0,0,0,0,0,0,0,0,0,0,0,85,0,0,0,8,0,0,0,0,0,0,0,3,0,0,0,67,0,1,1,0
1,0,0,0,0,0,0,0,1,0,0,0,94,0,0,0,1,0,0,0,0,0,0,0,0,0,0,0,50,0,0,6,0,0,0,0,0,0,0,0,3,0,0,1,241,0,0,0,0,2,0,2,49,0,0,0,0,1,0,0,257023,30,34,31,1,0
8,0,94,1,1,0,4,0,4,0,3,0,0,0,1,0,1,1,22,0,0,0,0,0,0,0,0,0,0,0,0,0,95,25,256577,181,5,2,87,0,6,1,56,4,1,1,69,3,0,2,0,8,0,0,2,1,0,0,1,2,0,0,2,0,1,0
1,0,1,9,4,0,8,257,0,0,0,0,0,0,1,1,1,2,8,253,159,131,318,254114,2,0,2,26,3,2,9,63,0,0,0,4,1,3,6,25,0,0,0,0,1,0,0,0,0,0,0,0,2,0,4,70,0,0,0,0,0,0,0,1,1,0
0,0,0,2,0,0,0,0,0,0,0,5,2,0,7,117,0,0,0,3,0,0,0,1,0,0,0,0,0,0,1,44,0,0,0,2,0,0,0,0,0,0,1,2,3,0,13,340,0,1,0,112,0,0,1,39,0,0,1,210,72,40,110,254721,1,0
55,2,1,0,25,0,0,1,253768,89,37,41,123,2,0,1,2,0,0,2,0,0,0,0,75,5,0,0,2,3,0,0,3,0,0,0,0,0,0,0,34,0,0,0,0,0,0,0,0,0,0,0,1,0,0,0,0,0,0,1,0,0,0,1,1,0
252618,265,123,117,169,3,0,1,90,1,1,0,45,0,4,5,96,8,1,3,1,5,0,0,0,0,0,0,3,0,1,0,57,0,2,0,6,0,0,0,0,0,0,0,0,1,0,0,0,1,0,4,0,0,0,2,0,0,0,1,1,1,0,0,1,0
170,1,1,0,8,0,0,0,4,0,0,2,1,0,0,0,253935,131,57,29,42,4,0,0,47,0,0,0,20,0,0,1,12,0,0,1,0,0,0,0,1,0,0,0,0,0,0,0,0,0,0,0,0,0,0,0,0,0,0,0,2,0,0,0,0,0
276,72,616,254377,2,2,0,73,1,0,2,42,2,1,5,49,9,0,3,150,0,0,0,7,0,0,0,0,0,0,0,5,0,1,1,44,0,0,0,0,0,0,0,0,0,0,0,0,0,0,0,40,0,0,0,0,0,0,0,0,0,0,1,0,0,0
6,0,1,0,167,0,0,2,0,0,0,0,0,0,0,0,328,7,2,4,254741,68,51,51,10,0,0,0,52,1,0,0,0,0,1,0,20,0,0,0,0,0,0,0,0,0,0,0,0,0,0,0,53,1,0,0,0,0,0,0,0,0,0,0,0,0
7,94,0,1,3,2,0,2,1,5,0,0,0,1,0,1,1,11,0,0,0,0,0,0,0,1,0,0,0,0,0,0,121,255763,10,150,7,67,0,0,7,103,0,0,1,131,1,0,0,182,0,1,0,8,0,0,0,6,0,4,0,4,0,0,0,0
79,1,1,0,29,0,0,1,208,2,0,4,256932,78,50,42,0,0,0,0,0,0,0,0,0,0,0,0,40,5,0,0,2,0,0,0,0,0,0,0,1,0,0,0,43,0,0,2,0,0,0,0,0,0,0,1,0,0,0,1,44,0,1,2,0,0
0,1,1,0,0,1,0,0,0,2,0,1,6,33,1,47,0,0,0,0,0,0,0,0,0,0,0,0,1,8,0,10,1,86,1,70,4,48,0,33,2,91,2,58,281,129064,171,149062,0,2,0,0,1,2,0,1,0,11,0,4,3,98,5,86,0,1
3,125,0,3,2,39,0,2,6,310,2,1,201,275906,17,23,1,2,0,0,0,1,0,0,0,1,0,1,0,52,0,0,0,2,0,0,0,0,0,0,0,0,0,0,2,48,1,0,0,4,0,1,0,0,0,2,0,4,0,2,1,37,0,2,0,0
5,1,5,75,0,0,0,1,1,0,0,0,1,1,1,1,0,1,0,35,0,0,0,0,0,0,0,0,1,0,0,1,3,2,18,175,0,0,0,0,0,0,0,0,0,0,2,2,0,43,0,255637,2,0,0,39,0,0,0,42,3,1,4,37,0,0
180,0,1,3,2,1,0,0,1,0,0,0,2,0,0,0,255635,72,31,37,28,5,0,0,51,0,0,0,23,0,1,1,24,1,1,0,1,0,0,0,0,0,0,0,0,0,0,0,0,0,0,0,2,0,0,0,0,0,0,0,1,0,0,0,0,0
4,71,0,1,1,1,0,0,1,1,0,0,1,6,0,0,0,37,0,0,0,0,0,0,0,0,0,0,0,2,0,0,5,236,2,0,0,0,0,0,0,0,0,0,0,5,0,0,0,258052,0,38,3,73,1,0,0,132,0,0,4,107,1,0,0,0
1,0,123,10,2,0,49,1,3,0,222,18,62,12,250271,200,0,0,4,2,0,0,0,0,0,0,0,0,0,0,53,8,0,0,1,0,0,0,0,0,0,0,0,0,0,0,39,0,0,0,0,0,0,0,0,0,0,0,0,0,0,0,30,2,0,0
0,0,1,78,0,0,0,2,0,0,0,2,0,0,0,0,0,0,0,10,0,0,0,0,0,0,0,0,0,0,0,0,68,45,127,257214,0,0,0,110,0,0,0,41,2,1,3,82,0,0,0,152,1,0,0,5,0,0,0,0,0,0,0,1,1,0
1,36,0,18,0,1,0,0,0,0,0,0,0,0,0,0,0,7,1,4,0,0,0,0,1,0,0,0,0,0,0,0,176,136709,159,120795,1,42,0,42,2,15,0,17,8,28,2,26,0,138,0,65,0,2,0,0,0,1,0,0,0,2,0,2,0,0
0,0,2,1,0,0,1,0,0,0,4,1,3,0,104,1,0,0,0,0,0,0,0,0,0,0,1,0,0,0,53,0,0,0,1,0,0,0,0,0,0,0,4,0,2,0,233,2,0,0,0,1,0,0,37,1,0,0,194,13,47,8,260713,89,0,0
2,1,4,165,0,0,0,4,0,0,0,0,0,0,0,4,2,1,1,70,0,0,0,0,0,0,0,0,0,0,0,1,5,0,14,183,0,0,0,2,0,0,0,0,0,0,0,2,0,37,0,246080,1,0,0,51,0,0,2,28,1,1,0,16,0,0
1,0,1,0,1,0,0,0,2,0,0,0,45,0,1,0,0,0,0,0,0,0,0,0,0,0,0,0,8,1,0,0,207,2,1,0,69,1,0,1,151,0,1,5,239026,50,42,29,0,0,0,0,1,0,0,0,0,0,0,0,69,4,0,1,0,0
0,0,0,0,0,0,0,0,57,0,0,0,0,1,0,0,0,0,0,0,0,0,0,0,14,0,0,1,0,0,0,0,62,2,0,1,9,0,0,0,234740,94,44,61,134,0,0,0,0,0,0,0,1,0,0,0,0,1,0,3,2,3,0,0,0,0
0,0,0,2,10,1,5,149,0,0,0,0,0,0,0,2,0,0,1,1,0,0,2,67,0,0,0,0,0,0,1,2,0,0,2,1,2,0,11,293,0,0,0,0,0,0,1,1,0,3,0,123,68,34,215,231451,0,0,2,11,0,0,0,32,0,0
1,59,0,0,1,1,0,0,1,0,0,0,0,2,0,0,1,10,0,0,0,0,0,0,0,0,0,0,0,0,0,0,117,233765,11,24,2,70,1,2,2,66,1,0,2,81,0,0,0,146,0,1,0,3,0,0,0,1,0,0,0,1,0,0,3,0
2,0,0,0,0,0,0,0,1,0,0,0,92,0,0,0,1,0,0,0,0,0,0,0,0,0,0,0,31,0,1,1,1,0,0,0,1,0,0,0,5,0,0,0,248,0,0,2,0,1,0,3,44,0,0,0,0,0,0,3,235249,60,43,24,3,0
50,2,0,0,0,0,0,0,2,2,0,0,0,0,0,0,10,0,1,0,0,0,0,0,0,0,0,0,0,0,0,0,236889,92,98,39,66,3,0,0,43,1,0,0,39,0,0,0,0,0,0,2,1,2,0,0,0,0,0,0,0,0,0,1,3,0
68,1,1,4,47,0,0,0,185,1,2,0,232925,40,48,24,3,0,0,0,2,0,0,0,1,1,0,0,75,7,1,1,2,0,0,0,0,0,0,0,2,0,0,0,46,0,0,0,0,0,0,0,1,0,0,0,0,0,0,2,54,2,0,3,4,0
2,0,2,0,0,0,2,0,2,0,51,2,1,0,2,0,2,0,2,0,0,0,0,0,0,0,14,1,0,0,1,0,0,2,116,4,0,1,28,2,136,27,237742,188,3,0,197,4,0,0,0,0,0,0,1,1,0,2,203,5,0,1,6,3,1,0
1,1,317,2,0,0,5,0,2,1,6,0,1,0,3,1,73,14,235636,110,1,2,36,2,0,0,95,0,2,0,31,1,1,0,39,1,0,0,1,0,0,0,0,0,0,0,1,0,0,1,0,1,0,0,0,1,0,0,0,0,0,0,0,0,1,2
7,0,9,139,0,0,0,6,2,0,0,1,1,0,0,0,65,25,224,240520,2,0,0,29,0,0,4,49,2,0,1,57,2,0,4,30,0,0,0,1,0,0,0,0,0,0,1,1,0,0,0,37,0,0,0,2,0,0,0,2,0,0,0,2,2,0
73,0,6,0,12,1,0,0,235585,45,48,54,134,2,1,2,3,1,2,0,0,0,0,0,42,2,0,1,2,1,0,0,3,0,1,0,0,0,0,0,28,0,1,0,4,0,0,0,0,0,0,0,1,0,0,0,0,0,0,1,0,0,0,0,2,0
81,0,0,0,105926,11,17,16,10,0,0,0,20,1,0,0,8,1,2,0,54,0,0,2,0,0,0,0,0,0,0,0,116,0,0,0,127283,25,27,38,13,1,1,0,39,0,0,0,0,0,0,0,128,1,1,1,0,1,0,1,1,0,0,0,3,0
234107,33,46,21,67,2,0,1,32,0,0,0,38,0,0,0,76,2,0,0,3,1,0,0,0,0,0,0,1,1,0,0,51,1,1,0,0,21,0,0,0,0,0,0,1,0,0,0,0,0,0,0,1,1,0,0,0,0,0,0,0,0,0,0,4,0
88,2,1,4,31,0,0,0,336,0,2,2,231831,30,42,37,1,0,0,0,0,0,0,0,2,0,0,0,55,5,0,1,0,0,1,0,1,0,0,2,0,0,0,1,27,1,0,0,0,1,0,0,1,0,0,0,0,0,0,1,47,0,1,1,4,0
2,0,64,1,0,0,0,0,4,0,5,3,0,0,1,0,1,0,11,1,0,1,0,0,0,0,0,0,0,0,0,0,92,17,233336,198,3,1,54,1,1,0,39,2,3,0,34,1,0,0,0,8,2,0,3,2,0,0,0,1,0,0,1,0,3,0
59,1,4,48,0,0,1,0,2,0,0,1,0,0,0,0,12,0,0,15,0,0,0,2,0,0,0,0,0,0,0,0,106863,111,302,127868,16,4,0,15,29,0,2,31,20,2,4,32,0,1,0,100,1,1,0,2,0,0,0,2,0,0,1,0,3,0
0,0,4,0,0,0,1,2,2,0,13,1,5,1,186,4,1,0,130,3,1,0,51,4,14,0,276,11,96,14,236369,162,0,0,1,0,0,0,0,0,0,0,1,0,0,0,17,1,0,0,0,0,0,0,1,4,0,0,12,2,6,0,40,2,6,0
90,6,10,0,15,0,0,0,232785,109,85,114,157,2,7,3,1,0,0,0,0,0,1,0,40,6,1,4,2,1,0,0,2,2,7,0,1,0,0,0,40,0,1,0,0,0,1,0,0,0,0,0,0,0,0,0,0,1,0,0,2,0,0,0,6,4
134,4,1,6,11,1,0,0,2,0,0,0,0,0,0,0,231128,95,148,157,17,7,0,2,38,0,1,1,30,0,2,1,15,0,2,0,1,0,0,0,0,0,0,0,0,0,0,0,0,0,0,0,0,0,0,0,0,0,0,0,0,0,0,0,5,0
9,0,15,98,11,0,0,3,0,0,0,1,0,0,0,3,169,53,574,233323,5,0,1,37,3,2,3,51,2,0,6,58,0,1,0,14,0,0,0,0,0,0,0,0,0,0,0,0,0,1,0,31,0,0,0,3,0,0,0,0,0,0,0,0,8,0
0,0,7,0,0,0,0,0,0,0,9,0,0,0,144,1,0,0,118,3,0,0,36,3,5,0,318,16,60,15,235431,128,0,0,0,0,0,0,0,0,0,1,1,0,0,0,19,1,0,0,0,0,1,0,0,11,0,0,8,2,1,0,43,1,0,0
1,0,3,0,0,0,0,0,0,0,2,1,2,0,87,1,0,1,1,0,0,0,0,0,0,0,0,0,0,0,32,1,1,0,3,0,0,0,0,0,0,0,11,0,3,0,259,21,0,0,0,2,0,0,51,0,0,1,241,19,53,9,243755,157,1,2
33,3,136910,71,1,0,35,0,33,4,107162,87,0,0,94,1,0,1,22,1,0,0,1,2,0,0,19,2,0,0,0,0,16,0,49,0,0,0,0,0,0,0,18,2,0,0,5,0,0,0,0,1,0,1,1,1,0,0,22,0,0,0,2,0,4,0
0,0,1,0,0,0,0,0,6,0,146,4,0,0,3,0,0,0,1,0,0,0,0,0,1,0,64,0,0,0,3,0,0,0,0,1,0,0,4,0,3,1,221,4,1,0,65,2,0,0,0,1,0,0,8,3,0,14,233914,287,1,1,221,4,3,4
0,0,2,0,0,0,1,0,48,0,59,1,1,0,0,1,0,0,0,0,0,0,0,0,11,0,9,0,1,0,1,1,58,0,52,14,13,0,5,1,110873,33,132316,225,112,0,195,5,0,0,0,0,2,0,0,0,0,2,232,18,3,0,5,2,4,0
2,0,1,2,0,0,0,0,1,0,1,0,1,0,3,83,0,0,0,0,0,0,0,0,0,0,0,1,0,1,0,41,0,0,0,7,0,0,0,0,0,0,13,8,2,1,9,173,0,4,0,53,0,0,0,21,0,0,3,217,119,47,195,241713,0,6
17,95,0,1,347,237287,43,54,1,33,0,0,2,57,0,0,1,12,0,1,49,95,1,2,0,2,0,0,0,1,0,0,0,7,0,0,2,157,2,1,0,2,0,0,0,1,0,0,0,38,0,1,2,150,2,1,0,0,0,0,11,1,0,0,0,0
175,9,4,4,232548,132,278,194,26,1,1,2,59,1,3,0,5,120,1,1,67,12,2,4,0,0,0,0,0,0,1,2,7,0,1,0,123,2,4,5,0,0,0,0,1,0,1,0,0,0,0,0,88,3,5,4,0,0,0,1,2,0,0,0,2,12
15,0,0,0,167,37,0,4,10,0,0,0,2,0,0,0,307,1,95,3,229509,23,79,51,52,0,3,1,56,2,0,0,5,0,0,0,54,1,0,0,0,0,0,0,2,0,0,0,0,0,0,0,62,1,0,1,0,0,0,0,0,0,0,0,0,0
2,53,0,0,92,0,0,0,37,3,0,0,0,1,0,0,11,12,1,0,0,0,0,0,0,0,0,0,0,0,0,0,171,230627,13,58,5,33,0,0,2,89,1,1,1,75,2,0,0,140,0,0,1,7,0,0,0,1,0,0,0,2,0,0,0,1
230481,15,38,18,24,0,0,0,51,0,0,0,19,0,0,0,59,1,3,1,2,2,0,0,0,0,0,0,1,0,0,0,39,0,0,0,0,0,0,0,0,0,0,0,0,0,0,0,0,0,0,1,0,0,0,0,0,0,0,0,0,0,0,0,0,0
229437,281,136,122,27,0,0,1,44,2,1,3,28,0,2,2,27,3,2,3,0,0,0,0,0,0,0,0,0,0,0,0,40,0,0,1,0,0,0,0,1,0,0,0,1,0,0,0,0,1,0,3,0,0,0,0,0,0,0,0,0,0,0,0,1,0
8,1,11,61,33,0,0,1,1,1,0,2,0,105,0,1,125,35,351,229056,1,0,1,32,1,0,0,44,2,1,1,25,1,0,1,6,0,0,0,0,0,0,0,0,0,0,0,0,0,1,0,13,5,0,0,1,0,0,0,0,0,0,0,0,0,0
3,0,109,1,0,0,0,0,106,0,1,0,1,0,1,0,70,10,229056,171,3,1,20,5,1,0,39,2,1,1,28,1,4,0,19,1,0,0,0,0,0,0,0,0,0,0,0,0,0,0,0,0,33,0,1,0,0,0,0,0,0,0,0,0,1,0
229728,21,158,44,22,0,0,1,84,0,1,0,21,0,0,1,14,0,0,0,0,1,0,0,0,0,0,0,0,0,0,0,64,1,0,1,0,0,0,0,0,0,0,0,0,0,0,0,0,1,0,2,3,1,0,0,0,0,0,0,1,0,0,0,1,0
77,102,3,4,1,5,0,0,17,1,0,0,0,0,0,0,13,3,3,0,1,0,0,0,0,0,0,0,1,0,0,0,228325,181,313,290,21,5,0,4,41,0,3,2,25,3,2,2,0,8,0,3,0,0,0,0,0,0,0,0,0,1,0,0,1,0
2,0,5,4,7,15,2,85,0,0,0,2,0,0,0,0,4,1,9,177,303,131,869,228529,3,2,2,21,2,95,3,58,0,0,0,0,7,0,1,16,0,0,0,1,0,0,0,0,0,0,0,0,1,3,3,46,0,0,3,11,0,1,0,0,1,2
11,1,0,0,218,1,0,0,1,0,2,0,2,0,0,3,181,0,3,81,238223,27,80,47,16,0,1,0,35,0,0,1,3,0,0,0,17,0,1,0,0,0,0,0,0,0,0,0,0,0,0,1,51,24,0,0,0,0,0,0,0,0,0,0,0,15
2,1,0,0,0,1,0,0,0,2,0,1,3,41,2,50,0,1,0,0,0,1,0,0,0,0,0,0,0,19,1,18,1,1,0,0,0,0,0,1,6,3,2,2,3,115,9,120,0,92,0,38,0,32,0,22,0,191,5,143,171,110349,214,128302,0,0
0,0,1,2,0,0,0,1,0,1,5,4,0,21,2,146,2,0,6,114,0,48,0,54,2,1,14,320,84,36,334,237389,0,0,0,0,0,0,0,0,14,0,1,0,2,0,1,16,0,0,0,0,0,0,0,5,0,0,0,2,0,0,1,66,0,0
1,0,2,1,0,0,0,1,0,1,86,1,0,0,1,0,0,0,1,0,0,0,0,31,0,0,36,0,0,0,0,0,0,0,1,0,0,0,1,9,15,0,159,0,0,0,5,0,0,2,0,3,0,0,14,2,0,18,229721,119,1,1,145,5,1,0
1,0,61,2,0,0,34,3,0,0,138,3,44,41,224371,170,0,0,0,0,0,0,0,0,0,0,0,0,1,0,30,0,0,0,3,1,1,0,0,0,0,0,1,0,0,1,38,12,0,0,0,0,0,0,0,0,0,1,18,1,6,0,25,2,1,0
1,0,0,1,0,0,0,0,0,0,1,69,0,0,0,31,0,0,0,0,0,0,0,0,0,0,0,11,0,0,0,0,0,0,16,52,0,0,0,10,48,31,117,227803,1,1,9,141,0,0,0,0,0,0,0,0,0,0,0,176,0,1,0,2,0,0
2,0,0,20,0,0,0,0,0,0,0,0,0,0,2,3,0,0,0,24,0,0,0,0,0,0,0,0,0,0,0,0,1,0,12,75,0,0,0,0,0,0,0,0,0,0,1,0,0,34,0,232422,1,0,0,16,0,0,2,35,0,15,2,58,0,0
65,1,0,1,0,0,0,1,0,0,0,0,11,0,0,0,9,0,0,0,0,0,0,0,0,0,0,0,0,0,0,0,230684,52,154,62,14,5,0,0,25,0,3,30,16,0,0,0,0,0,0,2,0,1,0,1,0,0,0,0,0,0,0,1,0,0
0,6,0,0,1,11,0,0,2,9,0,0,11,76,0,1,1,190,1,0,2,63,0,1,2,223,1,0,210,219888,17,30,0,0,0,0,0,0,0,0,0,0,0,0,1,21,1,0,0,0,0,0,0,1,0,0,0,2,0,0,2,52,0,0,0,0
4,2,6,176,1,0,0,2,0,0,0,0,0,0,0,0,159,52,367,219093,5,0,0,15,2,0,1,28,0,0,2,25,5,0,2,13,0,0,0,0,0,0,1,0,0,0,0,0,0,0,0,41,0,0,0,0,0,0,0,0,0,0,0,0,0,0
1,0,1,6,1,0,1,89,0,0,0,1,0,0,0,0,0,0,2,179,43,35,72,217011,0,0,0,25,0,0,0,32,0,0,0,1,0,0,1,27,0,0,0,2,0,0,0,0,0,0,0,0,0,1,0,19,0,0,0,1,0,0,0,0,0,2
3,3,24,52,0,0,0,0,0,0,0,2,0,0,0,0,0,0,0,7,0,1,0,0,0,0,0,0,0,0,0,0,32,28,66,217676,0,0,1,22,2,0,2,48,0,1,1,46,0,0,0,75,0,0,0,2,0,0,0,1,0,0,0,2,3,0
217887,22,45,24,14,4,0,0,44,0,0,0,23,0,0,1,14,1,0,1,3,4,0,1,0,0,0,0,0,0,0,0,22,0,0,1,0,0,0,0,0,0,0,0,0,0,0,0,0,0,0,0,0,0,0,1,0,0,0,0,0,0,0,0,3,0
0,0,3,0,0,0,0,0,2,0,73,1,0,1,3,0,0,0,2,0,0,0,0,0,0,0,27,0,0,0,0,1,0,0,3,0,0,0,1,0,1,0,178,0,0,0,2,0,0,0,0,1,0,0,15,0,0,19,216760,178,1,2,130,1,3,0
70,0,1,0,212697,18,31,15,13,0,1,0,44,0,0,3,2,0,0,0,31,0,0,1,0,0,0,0,0,0,0,0,0,0,0,0,72,0,1,0,1,0,0,0,0,0,0,0,0,0,0,0,51,1,0,4,0,0,0,0,0,1,1,1,3,0
3,0,0,0,1,0,0,0,1,1,0,0,175,2,2,1,1,0,1,0,1,0,0,0,0,0,0,0,5,1,0,0,60,0,2,0,38,0,0,1,89,2,0,5,222092,68,112,93,0,0,0,0,1,0,0,1,0,0,1,3,80,2,2,5,0,0
3,0,79,2,0,0,0,0,0,1,1,0,0,0,0,0,72,6,219491,117,1,1,27,1,0,0,32,0,0,1,17,1,0,0,10,0,0,0,0,0,0,0,0,0,0,0,0,0,0,3,0,1,0,0,0,0,0,0,0,0,0,0,1,0,1,0
0,0,1,3,4,1,1,124,0,13,0,0,0,0,0,0,0,0,2,128,39,26,185,222556,0,0,1,23,0,0,4,33,0,0,1,1,0,0,1,25,0,0,0,1,0,0,0,0,0,0,0,2,0,1,0,49,0,0,0,1,0,0,0,0,1,0
68,0,2,1,25,0,0,0,96,0,0,0,203618,10,31,17,0,0,0,0,0,0,0,0,0,0,0,0,29,4,0,0,0,0,0,0,0,0,0,0,0,0,0,0,57,1,0,0,0,0,0,0,0,1,0,7,0,0,1,1,21,0,1,0,1,0
0,0,1,0,0,0,0,0,0,0,4,1,1,0,47,0,0,0,5,0,0,0,1,0,0,0,0,0,0,0,5,0,1,0,55,0,0,0,51,0,0,0,65,3,39,63,189451,61,0,0,0,0,0,0,2,0,0,2,0,0,0,1,44,6,1,1
0,0,3,1,0,0,0,0,0,0,3,0,1,0,66,1,0,0,10,0,0,0,19,0,0,0,17,0,25,6,81024,34,0,0,0,0,0,1,0,1,0,0,1,0,0,0,35,6,0,0,0,0,0,0,19,1,0,28,34,0,14,6,100081,37,0,2
7,0,0,0,102,0,1,1,1,0,0,0,1,0,0,0,113,0,26,1,175101,13,32,20,26,0,0,0,52,1,1,2,3,0,0,0,41,5,0,0,1,1,1,0,0,0,1,0,0,0,0,0,51,2,0,0,0,6,0,0,1,0,0,0,0,0
49,0,0,0,0,0,0,0,7,1,0,0,0,0,0,0,7,1,6,0,0,0,0,0,0,0,0,0,0,0,0,0,180006,12,49,19,7,1,0,1,28,0,0,0,15,0,0,0,0,0,0,1,0,0,0,0,0,0,0,0,0,0,0,0,0,0
97484,6,82775,72,11,1,10,2,19,0,39,0,5,1,1,0,6,0,5,0,0,0,1,0,0,0,0,0,0,0,0,0,17,0,14,1,0,0,0,0,0,0,0,0,0,1,0,0,0,0,0,0,0,0,0,0,0,0,0,0,0,0,0,0,0,1
1,39,6,1,22,0,0,0,0,2,1,0,1,1,0,0,0,12,0,0,0,0,0,0,0,0,0,0,0,1,0,0,54,179924,12,31,2,23,0,0,4,90,3,0,0,75,0,0,0,74,0,1,0,1,0,0,0,2,0,0,0,1,0,0,0,0
0,26,1,0,5,6,0,0,76,167643,15,29,0,55,0,2,0,0,4,0,0,0,0,0,0,12,0,0,0,1,0,0,0,0,0,0,0,0,0,0,1,30,0,0,0,0,0,0,0,1,0,0,0,0,0,0,0,11,0,0,0,0,0,0,1,0
0,0,1,0,0,0,0,1,1,0,33,0,0,0,0,0,0,0,0,1,0,0,0,0,1,0,25,0,0,0,4,0,0,0,1,0,0,0,0,0,1,0,98,0,0,0,0,0,0,0,0,1,1,0,7,1,0,6,167240,53,0,0,97,3,0,0
3,0,1,44,33,15,41,164807,0,0,0,10,0,0,0,28,0,0,1,0,1,0,0,18,0,0,0,0,0,0,0,0,0,4,0,1,1,1,1,55,0,0,0,0,0,0,0,0,0,0,0,1,0,0,0,55,0,0,0,0,0,0,0,0,0,0
0,1,0,0,0,0,0,0,0,1,0,1,1,42,0,0,0,0,0,0,0,0,0,0,0,0,0,0,0,4,0,0,3,69,0,2,1,23,0,0,4,97,1,0,176,169940,19,45,0,1,0,0,0,0,0,0,0,2,0,3,0,38,1,1,0,0
19,18,63,170170,0,0,0,20,0,0,0,63,0,0,0,29,0,0,0,13,0,0,0,2,0,0,0,0,0,0,0,1,0,0,1,39,0,0,0,0,0,0,0,0,0,0,0,0,0,0,0,24,0,0,0,0,0,0,0,0,0,0,0,1,0,0
1,15,0,10,0,0,0,0,0,1,0,0,0,0,0,0,0,4,0,3,0,0,0,1,0,0,0,0,0,0,0,0,58,72725,38,106613,1,7,1,9,0,24,0,12,0,29,0,25,0,18,0,31,0,0,0,2,0,0,0,0,0,0,0,1,0,0
19,0,2,1,15,0,0,2,36,0,0,133,171133,25,79,61,0,0,0,1,0,0,0,0,0,0,0,0,3,1,0,0,0,0,0,0,0,0,0,0,2,0,0,0,40,0,0,1,0,0,0,0,0,0,0,0,0,0,0,0,13,0,0,0,0,0
0,0,43,0,0,0,1,0,1,0,1,0,0,0,0,0,19,2,150034,36,1,0,11,3,0,0,19,0,0,1,9,0,1,0,7,0,0,0,0,0,0,0,0,0,0,0,0,0,0,0,0,0,0,0,0,0,0,0,0,0,0,0,0,0,0,0
66402,3,83574,19,2,0,4,0,79,0,36,0,6,0,14,0,2,0,7,0,0,0,1,1,0,0,0,0,0,0,0,0,10,0,20,0,0,0,0,0,0,0,0,0,0,0,0,0,0,0,0,1,0,0,0,0,0,0,0,0,0,1,0,0,1,0
1,0,0,0,1,0,0,0,1,0,0,0,38,0,0,0,0,0,0,0,1,0,0,0,0,0,0,0,26,0,0,0,0,0,0,0,0,0,0,0,4,0,0,0,59,0,0,2,0,0,0,2,22,0,0,1,0,0,0,0,144783,14,15,10,0,0
0,0,1,0,0,0,0,0,0,0,0,2,0,0,42,0,0,0,0,0,0,0,0,0,0,0,0,0,0,0,5,0,1,0,52,0,1,0,29,0,0,0,40,2,124,7,129874,68,0,0,0,1,0,0,0,0,0,0,0,3,0,1,18,1,0,0
0,0,0,0,1,0,0,0,74,0,0,1,0,0,0,0,0,0,0,0,0,0,0,0,14,0,0,0,0,0,0,0,38,0,0,0,6,0,0,0,129310,6,18,12,67,0,0,1,0,0,0,0,0,0,0,0,0,0,0,1,0,1,0,0,0,0
129705,9,25,11,4,1,0,0,43,0,0,0,9,0,0,0,10,0,0,1,1,2,0,0,0,0,0,0,0,0,0,0,18,0,0,0,0,0,0,0,0,0,0,0,0,0,0,0,0,0,0,1,0,0,0,0,0,0,0,0,7,0,0,0,1,0
0,0,0,0,0,0,0,0,0,0,1,0,1,0,24,4,0,0,0,0,0,0,0,0,0,0,0,0,1,2,19,0,0,0,1,0,0,0,0,0,0,0,3,0,1,0,94,0,0,0,0,1,1,0,13,0,0,0,38,0,24,8,129204,62,1,0
30,28,48,129337,0,0,1,12,0,0,0,15,2,0,0,10,0,0,1,10,0,0,0,1,0,0,0,0,0,0,0,0,0,0,1,22,0,0,0,0,0,0,0,1,0,0,0,1,0,0,0,26,0,0,0,0,0,0,0,0,0,0,1,2,1,0
0,0,0,0,0,0,0,0,0,0,28,1,0,0,1,0,0,0,0,0,0,0,1,0,0,0,14,1,0,0,0,0,0,0,0,0,0,0,0,0,0,0,31,1,0,0,1,0,0,0,0,0,1,1,5,1,0,12,127384,78,0,0,70,2,1,0
1,0,0,0,56,0,1,0,0,0,0,0,0,0,0,0,1,0,0,0,8,1,1,0,0,0,0,0,12,0,0,0,80,0,0,0,126447,5,127,11,23,0,1,0,31,0,1,0,0,0,0,0,46,0,0,2,0,0,0,0,0,0,0,0,0,0
0,0,0,78,0,2,1,2,31,16,65,127139,1,0,2,22,0,0,0,0,0,0,0,0,0,0,0,7,0,0,0,1,0,0,0,1,0,0,0,0,0,1,1,40,0,1,0,1,0,0,0,0,0,0,0,0,0,0,0,13,0,0,0,0,0,0
1,0,84,2,0,0,0,0,1,0,0,0,1,0,0,0,18,6,125832,34,0,0,9,0,0,0,25,0,0,0,15,0,0,0,12,0,0,0,0,0,0,0,0,0,0,0,0,0,0,0,0,0,0,0,0,0,0,0,0,0,0,0,0,0,0,0
1,0,0,24,0,0,0,19,0,0,1,65,20,15,93,126097,0,0,0,0,0,0,0,0,0,0,0,0,0,0,1,4,0,0,0,0,0,0,0,0,1,0,0,0,0,0,0,16,0,0,0,0,0,0,0,0,0,0,0,1,0,0,0,13,0,0
0,1,0,13,0,0,0,0,0,0,0,1,0,0,1,1,0,0,0,15,0,0,0,0,0,0,0,0,0,0,0,0,1,0,3,45,0,0,0,0,0,0,0,0,0,0,0,0,0,22,0,121812,0,0,0,4,0,0,1,17,0,0,0,4,0,0
0,0,0,0,35,0,0,0,0,0,0,0,1,0,0,0,1,0,1,0,10,0,0,0,0,0,0,0,0,0,0,0,49,1,0,0,115698,12,29,19,14,1,0,0,50,0,0,0,0,0,0,0,15,1,0,1,0,0,0,0,0,0,0,0,0,0
0,0,1,0,0,0,0,0,1,0,22,1,0,0,0,0,0,0,0,0,0,0,0,0,0,0,4,0,0,0,0,0,2,3,44,0,0,0,7,0,32,5,114684,52,0,1,75,4,0,0,0,0,0,0,3,0,0,0,64,1,0,0,1,0,0,0
2,0,0,14,0,0,0,7,1,0,2,34,16,13,15,113699,0,0,0,0,0,0,0,0,0,0,0,0,0,0,0,7,0,0,0,0,0,0,0,0,0,0,0,0,0,0,0,24,0,0,0,0,0,0,0,0,0,0,0,0,1,0,0,13,0,1
113560,10,16,5,4,0,0,1,68,0,0,0,12,0,0,0,5,2,0,0,0,1,0,0,0,0,0,0,0,0,0,0,18,0,0,0,0,0,0,0,0,0,0,0,0,1,0,0,0,0,0,0,0,0,0,0,0,0,0,0,0,0,0,0,0,0
2,0,0,0,0,0,0,0,1,0,0,0,21,0,0,0,0,0,0,0,0,0,0,0,0,0,0,0,4,0,0,0,20,0,0,0,13,0,0,0,32,0,0,0,94849,13,20,10,0,0,0,0,0,0,0,0,0,0,0,0,20,0,0,0,0,0
5,4,45815,15,0,0,7,0,9,5,48907,13,1,0,21,0,0,0,3,0,0,0,1,0,0,0,6,0,0,0,1,0,0,0,60,0,0,0,0,0,0,0,26,0,0,0,0,0,0,0,0,0,0,0,0,0,0,0,6,0,0,0,0,0,0,0
86,0,1,1,0,0,0,0,0,0,0,0,0,0,0,0,88302,5,22,14,3,2,0,1,13,0,0,0,4,0,0,0,5,0,0,0,0,0,0,0,0,0,0,0,0,0,0,0,0,0,0,0,0,0,0,0,0,0,0,0,0,0,0,0,0,0
2,0,0,0,0,0,0,0,0,0,0,0,16,0,1,0,0,0,0,0,0,0,0,0,0,0,0,0,5,0,0,2,0,0,0,0,0,0,0,0,2,0,0,0,37,0,0,0,0,0,0,2,10,0,0,0,0,0,0,0,67991,5,5,7,0,0
0,0,0,0,0,0,0,0,1,0,0,6,0,0,0,0,0,0,0,0,0,0,0,0,0,0,0,8,0,0,0,0,0,0,0,0,0,0,0,0,0,0,2,21,2,0,0,0,0,0,0,16,0,0,0,3,0,8,11,66140,0,0,0,13,0,0
63689,25,44,33,7,2,0,0,16,0,0,0,7,0,1,0,1,0,0,0,0,2,0,0,0,0,0,0,0,0,0,0,5,1,2,0,0,0,0,0,0,0,0,0,0,0,0,0,0,0,0,0,0,0,0,0,0,0,0,0,0,1,0,0,0,0
2,2,0,0,0,0,0,0,1,1,0,0,0,10,1,3,3,17,0,7,0,3,0,7,1,36,1,14,45,33021,19,26994,0,0,0,0,0,0,0,0,0,0,0,0,0,0,0,3,0,0,0,0,0,1,0,0,0,0,0,0,0,3,1,0,0,0
0,0,0,0,0,0,0,0,0,0,0,0,0,0,0,68,0,0,0,16,0,0,0,7,0,0,3,26,8,7,23,57867,0,0,0,0,0,0,0,0,0,0,0,0,0,0,0,1,0,0,0,0,0,0,0,0,0,0,0,0,3,0,0,3,0,0
0,0,9,0,0,0,2,1,18,0,54592,24,0,1,9,1,0,0,0,0,0,0,0,0,0,0,4,0,0,0,0,1,0,0,0,0,0,0,0,0,0,0,7,0,0,0,0,0,0,0,0,0,0,0,0,0,0,0,4,0,0,0,1,0,0,0
0,0,0,0,0,0,0,0,10,0,0,0,0,0,0,0,0,0,0,0,0,0,0,0,1,0,0,0,1,0,0,0,13,0,1,0,2,0,0,0,35022,7,20,4,18,0,0,1,0,0,0,0,0,0,0,0,0,0,0,0,5,0,0,0,0,0
0,18,0,1,49,34795,3,2,0,1,0,1,0,7,0,0,0,0,0,3,0,17,0,0,0,0,0,0,0,0,0,0,0,0,0,0,0,23,0,0,0,0,0,0,0,0,0,1,0,0,0,0,0,19,0,0,0,0,0,0,0,0,0,0,0,0
33986,4,7,4,0,0,0,1,7,0,0,0,3,0,0,0,8,0,0,0,0,0,0,0,0,0,0,0,0,0,0,0,5,0,0,0,0,0,0,0,0,0,0,0,0,0,0,0,0,1,0,0,0,0,0,0,0,0,0,1,1,0,0,0,0,0
0,0,0,0,3,0,0,1,0,5,0,0,0,0,0,0,0,0,0,0,1,0,0,0,0,0,0,0,0,0,0,0,9,1,0,0,31549,16,31,20,1,0,0,0,5,0,0,0,0,0,0,0,9,0,0,1,0,1,0,1,0,0,0,0,0,0
1,0,0,0,0,0,0,0,1,0,0,0,14,0,0,0,6,0,0,0,3,0,0,0,13,0,0,0,28705,5,5,6,0,0,0,0,0,0,0,0,0,0,0,0,2,0,0,0,0,0,0,0,0,0,0,0,0,0,0,0,5,0,0,1,0,0
8,4,2,0,27836,3,10,6,2,0,0,0,2,0,0,0,0,0,0,0,6,0,0,0,0,0,0,0,0,0,0,0,0,0,0,0,10,0,0,0,0,0,0,0,0,0,0,0,0,0,0,0,9,0,0,0,0,0,0,0,0,0,0,0,0,0
7,0,6,0,0,0,0,0,3,0,0,3,0,0,0,0,1,0,0,0,0,0,0,0,0,0,0,0,0,0,1,0,22811,1,22,6,341,0,0,3,1,0,1,0,8,0,5,2,0,0,0,0,0,0,0,0,0,0,0,0,2,0,1,0,0,0
0,0,0,0,0,0,0,0,0,0,0,0,5,0,0,0,0,0,0,0,0,0,0,0,0,0,0,0,1,0,0,2,0,0,0,0,11,0,0,0,3,0,0,1,16747,7,9,359,0,0,0,0,0,0,0,0,0,0,0,0,9,0,3,0,0,2
0,1,0,0,1,0,0,0,1,0,0,353,14487,4,6,14,0,0,0,0,0,0,0,0,0,0,0,0,0,0,0,1,0,0,0,0,0,0,0,0,0,0,0,0,23,0,9,15,0,5,0,0,0,0,0,2,0,0,0,0,5,0,0,0,0,0
0,0,0,0,0,0,0,0,0,0,0,13,0,0,0,0,0,0,4,0,3363,18,0,93,0,0,0,0,1,0,12,6,0,0,0,0,0,0,0,12,0,0,0,339,9,0,0,0,0,0,0,0,0,0,0,0,0,0,0,0,4,0,2,0,0,0
0,0,0,0,0,0,0,0,0,0,0,0,1,2,0,338,0,0,0,0,0,0,0,0,0,0,0,0,22,0,16,7,0,0,0,0,0,0,0,0,0,0,0,0,1,0,0,811,0,0,0,0,0,0,0,24,0,0,0,0,20,1,12,0,0,0
0,0,0,0,16,2,0,338,1,0,0,803,0,0,0,0,2,0,0,0,1,0,0,0,0,0,0,0,0,0,0,0,0,0,0,0,0,0,0,0,0,0,0,0,0,0,0,7,0,0,0,0,0,0,0,3,0,0,0,0,0,0,0,0,0,0
2,0,0,0,0,0,0,0,0,0,1,0,0,0,0,0,1,0,0,0,0,0,0,0,0,0,0,0,0,0,0,0,14,0,0,0,0,0,0,7,0,0,0,21,0,0,0,0,0,0,0,0,0,0,0,274,0,0,0,0,0,0,0,0,0,0
0,0,0,0,0,0,0,0,0,0,0,0,0,0,0,2,0,0,0,0,0,0,0,0,0,0,0,0,0,0,0,0,14,0,0,0,0,0,0,0,0,0,1,0,0,0,0,39,0,0,0,0,0,0,0,0,0,0,0,0,0,0,0,0,0,0
0,0,1,0,0,0,0,0,0,0,0,36,0,0,0,0,0,0,0,0,0,0,0,0,0,0,0,0,0,0,0,0,0,0,0,0,14,2,0,0,0,0,0,0,0,0,0,0,0,0,0,0,0,0,0,0,0,0,0,0,0,0,0,0,0,0
0,0,0,0,0,0,0,0,0,0,0,0,0,0,0,0,0,0,0,0,0,0,0,0,0,0,0,0,0,0,0,0,0,0,15,0,0,1,0,0,0,0,0,0,0,0,0,0,0,0,0,0,0,0,0,2,0,0,0,0,0,0,0,0,0,0
0,0,0,0,0,0,0,0,0,0,1,0,0,0,0,0,0,0,0,0,0,0,0,0,0,0,0,0,17,0,0,0,0,0,0,0,0,0,0,0,0,0,0,0,0,0,0,0,0,0,0,0,0,0,0,0,0,0,0,0,0,0,0,0,0,0
0,0,0,0,0,0,0,0,0,0,0,0,0,0,0,0,0,0,0,0,0,0,0,0,0,0,0,0,0,0,0,0,18,0,0,0,0,0,0,0,0,0,0,0,0,0,0,0,0,0,0,0,0,0,0,0,0,0,0,0,0,0,0,0,0,0
0,0,0,0,0,0,0,0,0,0,0,0,0,0,0,0,0,0,0,0,0,0,0,0,0,0,0,0,0,0,16,0,0,0,0,0,0,0,0,0,0,0,0,0,0,0,0,0,0,0,0,0,0,0,0,0,0,0,0,0,0,0,0,1,0,0
0,0,0,0,0,0,0,0,0,0,0,0,0,0,0,0,0,0,0,0,0,0,0,0,0,0,0,0,0,0,0,0,0,0,0,0,16,0,0,0,0,0,0,0,0,0,0,0,0,0,0,0,0,0,0,1,0,0,0,0,0,0,0,0,0,0
0,0,0,0,0,0,0,0,0,0,0,0,0,0,0,0,0,0,0,0,0,0,0,0,0,0,0,0,0,0,0,0,16,0,0,0,0,0,0,0,0,0,0,0,0,0,0,0,0,0,0,0,1,0,0,0,0,0,0,0,0,0,0,0,0,0
0,16,0,0,0,0,0,0,0,0,0,0,0,0,0,0,0,0,0,0,0,0,0,0,0,0,0,0,0,0,0,0,0,0,1,0,0,0,0,0,0,0,0,0,0,0,0,0,0,0,0,0,0,0,0,0,0,0,0,0,0,0,0,0,0,0
0,0,0,0,0,0,0,0,0,0,16,0,0,0,0,0,0,0,1,0,0,0,0,0,0,0,0,0,0,0,0,0,0,0,0,0,0,0,0,0,0,0,0,0,0,0,0,0,0,0,0,0,0,0,0,0,0,0,0,0,0,0,0,0,0,0
0,0,0,0,0,0,0,0,0,0,0,0,0,0,0,0,0,0,0,0,0,0,0,0,0,0,0,0,0,0,0,0,0,0,16,0,0,0,0,0,0,0,0,0,0,0,0,0,0,0,0,0,0,0,0,0,0,0,0,0,0,0,0,0,0,0
0,0,0,0,0,0,0,0,0,0,0,0,0,0,0,16,0,0,0,0,0,0,0,0,0,0,0,0,0,0,0,0,0,0,0,0,0,0,0,0,0,0,0,0,0,0,0,0,0,0,0,0,0,0,0,0,0,0,0,0,0,0,0,0,0,0
0,0,0,0,0,0,0,0,0,0,0,0,0,0,0,0,0,0,0,0,0,0,0,0,0,0,0,0,17,0,0,0,0,0,0,0,0,0,0,0,0,0,0,0,0,0,0,0,0,0,0,0,0,0,0,0,0,0,0,0,0,0,0,0,0,0
18,0,0,0,0,0,0,0,0,0,0,0,0,0,0,0,0,0,0,0,0,0,0,0,0,0,0,0,0,0,0,0,0,0,0,0,0,0,0,0,0,0,0,0,0,0,0,0,0,0,0,0,0,0,0,0,0,0,0,0,0,0,0,0,0,0
0,0,0,0,0,0,0,0,0,0,0,0,0,0,0,0,0,0,0,0,0,0,0,0,0,0,0,0,0,0,0,0,18,0,0,0,0,0,0,0,0,0,0,0,0,0,0,0,0,0,0,0,0,0,0,0,0,0,0,0,0,0,0,0,0,0
0,0,0,0,0,0,0,0,0,0,0,0,0,0,0,0,0,0,0,0,9,0,9,0,0,0,0,0,0,0,0,0,0,0,0,0,0,0,0,0,0,0,0,0,0,0,0,0,0,0,0,0,0,0,0,0,0,0,0,0,0,0,0,0,0,0
0,0,0,0,0,0,0,0,0,0,0,0,0,0,0,0,0,0,0,0,0,0,0,0,0,0,0,0,0,0,0,0,0,0,0,0,0,0,0,0,0,0,0,0,19,0,0,0,0,0,0,0,0,0,0,0,0,0,0,0,0,0,0,0,0,0
0,0,0,0,0,0,0,0,0,0,0,0,0,0,0,0,0,0,0,20,0,0,0,0,0,0,0,0,0,0,0,0,0,0,0,0,0,0,0,0,0,0,0,0,0,0,0,0,0,0,0,0,0,0,0,0,0,0,0,0,0,0,0,0,0,0
0,0,0,0,0,0,0,0,0,0,0,0,0,0,0,0,0,0,0,0,0,0,0,0,0,0,0,0,0,0,0,0,0,0,0,0,0,0,0,0,20,0,0,0,0,0,0,0,0,0,0,0,0,0,0,0,0,0,0,0,0,0,0,0,0,0
0,0,0,0,0,0,0,0,0,0,0,0,0,0,0,0,0,0,0,0,0,0,0,0,0,0,0,0,0,0,0,0,0,0,0,0,0,0,0,0,0,0,0,0,0,0,19,0,0,0,0,0,0,0,0,0,0,0,0,0,0,0,0,0,0,0
0,0,0,0,0,0,0,0,0,0,0,0,0,0,0,0,0,0,0,0,0,0,0,0,0,0,0,0,0,0,0,0,0,0,0,0,0,0,0,0,0,0,0,0,0,0,0,0,0,0,0,21,0,0,0,0,0,0,0,0,0,0,0,0,0,0
0,0,0,0,0,0,0,0,0,0,0,0,0,0,0,0,0,0,0,0,0,0,0,0,0,0,0,0,0,0,0,0,0,0,0,0,0,0,0,0,0,0,0,0,0,0,0,0,0,0,0,23,0,0,0,0,0,0,0,0,0,0,0,0,0,0
0,0,0,0,0,0,0,0,0,0,0,0,0,0,0,0,0,0,0,0,0,0,0,0,0,0,0,0,0,0,0,0,0,22,0,0,0,0,0,0,0,0,0,0,0,0,0,0,0,0,0,0,0,0,0,0,0,0,0,0,0,0,0,0,0,0
0,0,0,0,0,0,0,0,0,0,0,0,0,0,0,0,0,0,0,0,21,0,0,0,0,0,0,0,0,0,0,0,0,0,0,0,0,0,0,0,0,0,0,0,0,0,0,0,0,0,0,0,0,0,0,0,0,0,0,0,0,0,0,0,0,0
0,0,0,0,9,0,0,0,0,0,0,0,0,0,0,0,0,0,0,0,0,0,0,0,0,0,0,0,0,0,0,0,0,0,0,0,0,0,0,0,0,0,0,0,0,0,0,0,0,0,0,0,12,0,0,0,0,0,0,0,0,0,0,0,0,0
21,0,0,0,0,0,0,0,0,0,0,0,0,0,0,0,0,0,0,0,0,0,0,0,0,0,0,0,0,0,0,0,0,0,0,0,0,0,0,0,0,0,0,0,0,0,0,0,0,0,0,0,0,0,0,0,0,0,0,0,0,0,0,0,0,0
0,0,0,0,0,0,0,0,0,0,0,0,0,0,0,0,0,0,0,0,0,0,0,0,0,0,0,0,0,0,0,0,0,21,0,0,0,0,0,0,0,0,0,0,0,0,0,0,0,0,0,0,0,0,0,0,0,0,0,0,0,0,0,0,0,0
0,0,0,0,0,0,0,0,0,0,0,0,0,0,0,0,0,0,0,0,0,0,0,0,0,0,0,0,0,0,0,0,0,0,0,0,0,0,0,0,0,0,0,0,0,0,0,0,0,0,0,0,0,0,0,0,0,0,0,0,21,0,0,0,0,0
0,0,0,0,0,0,0,0,0,0,0,0,22,0,0,0,0,0,0,0,0,0,0,0,0,0,0,0,0,0,0,0,0,0,0,0,0,0,0,0,0,0,0,0,0,0,0,0,0,0,0,0,0,0,0,0,0,0,0,0,0,0,0,0,0,0
0,0,0,0,0,0,0,0,0,0,0,0,0,0,0,0,0,0,0,0,0,0,0,0,0,0,0,0,0,0,0,0,0,0,0,0,21,0,0,0,0,0,0,0,0,0,0,0,0,0,0,0,0,0,0,0,0,0,0,0,0,0,0,0,0,0
0,0,0,0,0,0,0,0,0,0,0,0,0,0,0,0,0,0,0,0,0,0,0,0,0,0,0,0,0,0,0,0,12,0,10,0,0,0,0,0,0,0,0,0,0,0,0,0,0,0,0,0,0,0,0,0,0,0,0,0,0,0,0,0,0,0
0,0,0,0,0,0,0,0,0,0,0,0,13,0,0,0,0,0,0,0,0,0,0,0,0,0,0,0,10,0,0,0,0,0,0,0,0,0,0,0,0,0,0,0,0,0,0,0,0,0,0,0,0,0,0,0,0,0,0,0,0,0,0,0,0,0
0,0,0,0,0,0,0,0,0,0,0,0,0,0,0,0,0,0,23,0,0,0,0,0,0,0,0,0,0,0,0,0,0,0,0,0,0,0,0,0,0,0,0,0,0,0,0,0,0,0,0,0,0,0,0,0,0,0,0,0,0,0,0,0,0,0
0,0,21,0,0,0,0,0,0,0,0,0,0,0,0,0,0,0,0,0,0,0,0,0,0,0,0,0,0,0,0,0,0,0,0,0,0,0,0,0,0,0,0,0,0,0,0,0,0,0,0,0,0,0,0,0,0,0,0,0,0,0,0,0,0,0
0,0,0,0,0,0,0,0,0,0,0,0,0,0,0,0,0,0,21,0,0,0,0,0,0,0,0,0,0,0,0,0,0,0,0,0,0,0,0,0,0,0,0,0,0,0,0,0,0,0,0,0,0,0,0,0,0,0,0,0,0,0,0,0,0,0
0,0,0,0,0,0,0,0,0,0,0,0,0,0,0,0,0,0,0,0,0,0,0,0,0,0,0,0,0,0,0,0,0,0,0,0,0,0,0,0,0,0,22,0,0,0,0,0,0,0,0,0,0,0,0,0,0,0,0,0,0,0,0,0,0,0
0,0,0,0,0,0,0,0,0,0,0,0,0,0,0,0,13,0,9,0,0,0,0,0,0,0,0,0,0,0,0,0,0,0,0,0,0,0,0,0,0,0,0,0,0,0,0,0,0,0,0,0,0,0,0,0,0,0,0,0,0,0,0,0,0,0
0,0,0,0,0,0,0,0,0,0,0,0,0,0,0,0,0,0,0,0,0,0,0,0,0,0,0,0,0,0,0,0,0,0,0,0,0,0,0,0,0,22,0,0,0,0,0,0,0,0,0,0,0,0,0,0,0,0,0,0,0,0,0,0,0,0
0,0,0,0,0,0,0,0,0,0,0,0,0,0,0,0,20,0,0,0,0,0,0,0,0,0,0,0,0,0,0,0,0,0,0,0,0,0,0,0,0,0,0,0,0,0,0,0,0,0,0,0,0,0,0,0,0,0,0,0,0,0,0,0,0,0
0,0,0,0,0,0,0,0,0,0,0,0,0,0,0,0,0,0,0,0,0,0,0,0,0,0,0,0,0,0,0,0,0,0,0,0,0,0,0,0,0,0,0,0,0,0,0,0,0,0,0,0,0,0,0,0,0,0,20,0,0,0,0,0,0,0
0,0,0,0,20,0,0,0,0,0,0,0,0,0,0,0,0,0,0,0,0,0,0,0,0,0,0,0,0,0,0,0,0,0,0,0,0,0,0,0,0,0,0,0,0,0,0,0,0,0,0,0,0,0,0,0,0,0,0,0,0,0,0,0,0,0
0,0,0,0,0,0,0,0,0,0,0,0,0,0,0,0,0,0,0,0,0,0,0,0,0,0,0,0,0,0,0,0,0,0,0,0,0,0,0,0,0,0,0,0,0,0,0,0,0,0,0,21,0,0,0,0,0,0,0,0,0,0,0,0,0,0
0,0,0,0,0,0,0,0,0,0,0,0,0,0,0,0,21,0,0,0,0,0,0,0,0,0,0,0,0,0,0,0,0,0,0,0,0,0,0,0,0,0,0,0,0,0,0,0,0,0,0,0,0,0,0,0,0,0,0,0,0,0,0,0,0,0
0,0,0,0,0,0,0,0,0,0,0,0,0,0,0,21,0,0,0,0,0,0,0,0,0,0,0,0,0,0,0,0,0,0,0,0,0,0,0,0,0,0,0,0,0,0,0,0,0,0,0,0,0,0,0,0,0,0,0,0,0,0,0,0,0,0
0,0,0,0,0,0,0,0,0,0,0,0,0,0,0,0,0,0,0,0,0,0,0,0,0,0,0,0,0,0,0,0,0,0,0,0,0,0,0,0,0,0,0,0,0,0,0,0,0,0,0,21,0,0,0,0,0,0,0,0,0,0,0,0,0,0
0,0,0,0,0,0,0,0,0,0,0,0,0,0,0,0,11,0,10,0,0,0,0,0,0,0,0,0,0,0,0,0,0,0,0,0,0,0,0,0,0,0,0,0,0,0,0,0,0,0,0,0,0,0,0,0,0,0,0,0,0,0,0,0,0,0
0,0,0,0,0,0,0,0,0,0,0,0,0,0,0,0,0,0,0,0,0,0,0,0,0,0,0,0,0,0,0,0,0,0,21,0,0,0,0,0,0,0,0,0,0,0,0,0,0,0,0,0,0,0,0,0,0,0,0,0,0,0,0,0,0,0
0,0,0,0,0,0,0,0,0,0,0,0,0,0,0,0,0,0,0,0,21,0,0,0,0,0,0,0,0,0,0,0,0,0,0,0,0,0,0,0,0,0,0,0,0,0,0,0,0,0,0,0,0,0,0,0,0,0,0,0,0,0,0,0,0,0
0,0,0,0,0,0,0,0,0,0,0,0,0,0,0,0,0,0,0,0,0,0,0,0,0,0,0,0,0,0,0,0,0,0,0,0,0,0,0,0,0,0,0,0,0,0,0,0,0,0,0,10,0,0,0,0,0,0,0,0,0,0,0,11,0,0
22,0,0,0,0,0,0,0,0,0,0,0,0,0,0,0,0,0,0,0,0,0,0,0,0,0,0,0,0,0,0,0,0,0,0,0,0,0,0,0,0,0,0,0,0,0,0,0,0,0,0,0,0,0,0,0,0,0,0,0,0,0,0,0,0,0
0,0,0,22,0,0,0,0,0,0,0,0,0,0,0,0,0,0,0,0,0,0,0,0,0,0,0,0,0,0,0,0,0,0,0,0,0,0,0,0,0,0,0,0,0,0,0,0,0,0,0,0,0,0,0,0,0,0,0,0,0,0,0,0,0,0
0,0,0,0,0,0,0,0,0,0,0,0,0,0,0,0,0,0,1,0,0,0,0,0,0,0,0,0,0,0,21,0,0,0,0,0,0,0,0,0,0,0,0,0,0,0,0,0,0,0,0,0,0,0,0,0,0,0,0,0,0,0,0,0,0,0
21,0,0,0,0,0,0,0,0,0,0,0,0,0,0,0,0,0,0,0,0,0,0,0,0,0,0,0,0,0,0,0,1,0,0,0,0,0,0,0,0,0,0,0,0,0,0,0,0,0,0,0,0,0,0,0,0,0,0,0,0,0,0,0,0,0
0,0,0,0,22,0,0,0,0,0,0,0,0,0,0,0,0,0,0,0,0,0,0,0,0,0,0,0,0,0,0,0,0,0,0,0,0,0,0,0,0,0,0,0,0,0,0,0,0,0,0,0,0,0,0,0,0,0,0,0,0,0,0,0,0,0
0,0,0,0,0,0,0,0,0,0,0,0,0,0,0,0,0,0,0,0,0,0,0,0,0,0,0,0,0,0,0,0,0,0,0,0,0,0,0,0,22,0,0,0,0,0,0,0,0,0,0,0,0,0,0,0,0,0,0,0,0,0,0,0,0,0
10,0,11,0,0,0,0,0,0,0,0,0,0,0,0,0,0,0,0,0,0,0,0,0,0,0,0,0,0,0,0,0,1,0,0,0,0,0,0,0,0,0,0,0,0,0,0,0,0,0,0,0,0,0,0,0,0,0,0,0,0,0,0,0,0,0
0,0,0,0,0,0,0,0,0,0,0,0,0,0,0,0,0,0,0,0,0,0,0,0,0,0,0,0,0,0,0,0,0,0,0,0,0,0,0,0,0,0,0,0,0,0,0,0,0,0,0,22,0,0,0,0,0,0,0,0,0,0,0,0,0,0
0,0,0,0,0,0,0,0,0,0,0,0,0,0,0,0,0,0,0,0,0,0,0,0,0,0,0,0,0,0,0,0,0,0,0,0,21,0,0,0,0,0,0,0,0,0,0,0,0,0,0,0,1,0,0,0,0,0,0,0,0,0,0,0,0,0
0,0,0,0,0,0,0,0,21,0,0,0,1,0,0,0,0,0,0,0,0,0,0,0,0,0,0,0,0,0,0,0,0,0,0,0,0,0,0,0,0,0,0,0,0,0,0,0,0,0,0,0,0,0,0,0,0,0,0,0,0,0,0,0,0,0
0,0,0,0,0,0,0,0,0,0,0,0,0,0,20,0,0,0,0,0,0,0,0,0,0,0,0,0,0,0,0,0,0,0,0,0,0,0,0,0,0,0,0,0,0,0,0,0,0,0,0,0,0,0,0,0,0,0,0,0,0,0,0,0,0,0
0,0,10,0,0,0,0,0,0,0,10,0,0,0,0,0,0,0,0,0,0,0,0,0,0,0,0,0,0,0,0,0,0,0,0,0,0,0,0,0,0,0,0,0,0,0,0,0,0,0,0,0,0,0,0,0,0,0,0,0,0,0,0,0,0,0
0,0,0,0,0,0,0,0,0,0,0,0,0,0,0,0,0,0,0,0,0,0,0,0,0,0,0,0,0,0,0,0,0,0,0,0,0,0,0,0,0,0,0,20,0,0,0,0,0,0,0,0,0,0,0,0,0,0,0,0,0,0,0,0,0,0
0,0,0,0,0,0,0,0,0,0,0,0,0,0,0,0,0,0,0,0,0,0,0,0,0,0,0,0,0,0,0,0,0,0,0,0,0,20,0,0,0,0,0,0,0,0,0,0,0,0,0,0,0,0,0,0,0,0,0,0,0,0,0,0,0,0
0,0,0,0,0,0,0,0,0,0,0,0,0,0,0,0,0,20,0,0,0,0,0,0,0,0,0,0,0,0,0,0,0,0,0,0,0,0,0,0,0,0,0,0,0,0,0,0,0,0,0,0,0,0,0,0,0,0,0,0,0,0,0,0,0,0
0,0,0,0,0,0,0,20,0,0,0,0,0,0,0,0,0,0,0,0,0,0,0,0,0,0,0,0,0,0,0,0,0,0,0,0,0,0,0,1,0,0,0,0,0,0,0,0,0,0,0,0,0,0,0,0,0,0,0,0,0,0,0,0,0,0
0,0,0,21,0,0,0,0,0,0,0,0,0,0,0,0,0,0,0,0,0,0,0,0,0,0,0,0,0,0,0,0,0,0,0,0,0,0,0,0,0,0,0,0,0,0,0,0,0,0,0,0,0,0,0,0,0,0,0,0,0,0,0,0,0,0
0,0,0,0,0,0,0,0,0,0,0,0,0,0,0,0,0,0,0,0,0,0,0,0,0,0,0,0,0,0,0,0,0,0,0,19,0,0,0,0,0,0,0,0,0,0,0,0,0,0,0,0,0,0,0,0,0,0,0,0,0,0,0,0,0,0
0,0,0,0,0,0,0,0,0,0,0,0,0,0,0,0,0,0,0,0,0,0,0,0,0,0,0,0,0,0,0,0,0,0,0,0,0,0,0,0,0,0,0,0,8,0,11,0,0,0,0,0,0,0,0,0,0,0,0,0,0,0,0,0,0,0
19,0,0,0,0,0,0,0,0,0,0,0,0,0,0,0,0,0,0,0,0,0,0,0,0,0,0,0,0,0,0,0,0,0,0,0,0,0,0,0,0,0,0,0,0,0,0,0,0,0,0,0,0,0,0,0,0,0,0,0,0,0,0,0,0,0
0,0,0,0,0,0,0,0,0,0,0,0,0,0,0,0,18,0,0,0,0,0,0,0,0,0,0,0,0,0,0,0,0,0,0,0,0,0,0,0,0,0,0,0,0,0,0,0,0,0,0,0,0,0,0,0,0,0,0,0,0,0,0,0,0,0
0,0,0,0,0,0,0,0,0,0,0,0,0,0,0,0,0,0,0,0,0,0,0,0,0,0,0,0,0,0,0,0,0,0,0,0,0,0,0,0,0,0,0,0,0,0,0,0,0,0,0,0,0,0,0,0,0,0,0,0,17,0,1,0,0,0
0,0,0,0,17,0,0,0,0,0,0,0,0,0,0,0,0,0,0,0,0,0,0,0,0,0,0,0,0,0,0,0,0,0,0,0,0,0,0,0,0,0,0,0,0,0,0,0,0,0,0,0,0,0,0,0,0,0,0,0,0,0,0,0,0,0
0,0,0,0,0,0,0,0,0,0,0,0,0,0,0,0,0,0,0,0,0,0,0,0,0,0,0,0,0,0,0,0,0,0,16,0,0,0,0,0,0,0,1,0,0,0,0,0,0,0,0,0,0,0,0,0,0,0,0,0,0,0,0,0,0,0
0,0,0,0,0,0,0,0,0,0,0,0,0,0,0,0,0,0,0,0,0,0,0,0,0,0,0,0,0,0,0,0,0,0,0,0,16,0,0,0,0,0,0,0,0,0,0,0,0,0,0,0,0,0,0,0,0,0,0,0,0,0,0,0,0,0
0,0,0,0,0,0,0,0,0,0,0,0,0,0,0,0,0,0,0,0,0,0,0,0,0,0,0,0,0,0,0,0,0,0,0,0,0,0,0,0,0,0,0,0,10,0,6,0,0,0,0,0,0,0,0,0,0,0,0,0,0,0,0,0,0,0
0,0,0,0,0,0,0,0,0,0,0,0,0,0,0,0,16,0,0,0,0,0,0,0,0,0,0,0,0,0,0,0,0,0,0,0,0,0,0,0,0,0,0,0,0,0,0,0,0,0,0,0,0,0,0,0,0,0,0,0,0,0,0,0,0,0
15,0,0,0,0,0,0,0,0,0,0,0,0,0,0,0,0,0,0,0,0,0,0,0,0,0,0,0,0,0,0,0,0,0,0,0,0,0,0,0,0,0,0,0,0,0,0,0,0,0,0,0,0,0,0,0,0,0,0,0,0,0,0,0,0,0
0,0,0,0,0,0,0,0,0,0,0,0,15,0,0,0,0,0,0,0,0,0,0,0,0,0,0,0,0,0,0,0,0,0,0,0,0,0,0,0,0,0,0,0,0,0,0,0,0,0,0,0,0,0,0,0,0,0,0,0,0,0,0,0,0,0
0,0,0,0,0,0,0,0,0,0,0,0,0,0,0,0,0,0,0,0,0,0,0,0,0,0,0,0,0,0,0,0,0,0,0,0,0,15,0,0,0,0,0,0,0,0,0,0,0,0,0,0,0,0,0,0,0,0,0,0,0,0,0,0,0,0
0,0,0,0,16,0,0,0,0,0,0,0,0,0,0,0,0,0,0,0,0,0,0,0,0,0,0,0,0,0,0,0,0,0,0,0,0,0,0,0,0,0,0,0,0,0,0,0,0,0,0,0,0,0,0,0,0,0,0,0,0,0,0,0,0,0
0,0,0,0,0,0,0,0,0,0,0,0,0,0,0,0,0,0,0,0,0,0,0,0,0,0,0,0,0,0,0,0,17,0,0,0,0,0,0,0,0,0,0,0,0,0,0,0,0,0,0,0,0,0,0,0,0,0,0,0,0,0,0,0,0,0
0,0,0,0,0,0,0,0,0,17,0,0,0,0,0,0,0,0,0,0,0,0,0,0,0,0,0,0,0,0,0,0,0,0,0,0,0,0,0,0,0,0,0,0,0,0,0,0,0,0,0,0,0,0,0,0,0,0,0,0,0,0,0,0,0,0
0,0,0,0,0,0,0,0,0,0,0,0,19,0,0,0,0,0,0,0,0,0,0,0,0,0,0,0,0,0,0,0,0,0,0,0,0,0,0,0,0,0,0,0,0,0,0,0,0,0,0,0,0,0,0,0,0,0,0,0,0,0,0,0,0,0
0,0,0,0,0,0,0,0,0,0,0,0,0,0,0,0,0,0,0,0,0,0,0,0,0,0,0,0,0,0,0,0,0,0,0,0,0,0,0,0,0,0,0,0,20,0,0,0,0,0,0,0,0,0,0,0,0,0,0,0,0,0,0,0,0,0
0,0,0,0,0,0,0,0,0,0,0,0,19,0,0,0,0,0,0,0,0,0,0,0,0,0,0,0,0,0,0,0,0,0,0,0,0,0,0,0,0,0,0,0,0,0,0,0,0,0,0,0,0,0,0,0,0,0,0,0,0,0,0,0,0,0
0,0,0,0,0,0,0,0,0,0,0,0,0,0,0,0,0,0,0,0,0,0,0,0,0,0,0,0,0,0,0,0,0,0,0,0,0,0,0,0,0,0,0,0,0,0,0,0,0,0,0,0,0,0,0,0,0,0,20,0,0,0,0,0,0,0
0,0,0,0,0,0,0,0,0,0,0,0,0,0,0,0,0,0,0,0,0,0,0,0,0,0,0,0,0,0,0,0,0,0,0,0,0,0,0,0,19,0,0,0,0,0,0,0,0,0,0,0,0,0,0,0,0,0,0,0,0,0,0,0,0,0
0,0,19,0,0,0,0,0,0,0,0,0,0,0,0,0,0,0,0,0,0,0,0,0,0,0,0,0,0,0,0,0,0,0,0,0,0,0,0,0,0,0,0,0,0,0,0,0,0,0,0,0,0,0,0,0,0,0,0,0,0,0,0,0,0,0
0,0,0,0,0,0,0,19,0,0,0,0,0,0,0,0,0,0,0,0,0,0,0,0,0,0,0,0,0,0,0,0,0,0,0,0,0,0,0,0,0,0,0,0,0,0,0,0,0,0,0,0,0,0,0,0,0,0,0,0,0,0,0,0,0,0
0,0,0,0,0,0,0,0,0,0,0,0,0,0,0,0,0,0,0,0,0,0,0,19,0,0,0,0,0,0,0,0,0,0,0,0,0,0,0,0,0,0,0,0,0,0,0,0,0,0,0,0,0,0,0,0,0,0,0,0,0,0,0,0,0,0
19,0,0,0,0,0,0,0,0,0,0,0,0,0,0,0,0,0,0,0,0,0,0,0,0,0,0,0,0,0,0,0,0,0,0,0,0,0,0,0,0,0,0,0,0,0,0,0,0,0,0,0,0,0,0,0,0,0,0,0,0,0,0,0,0,0
0,0,0,0,0,0,0,0,0,0,0,0,0,0,0,0,0,0,0,0,0,0,0,0,0,0,0,0,0,0,0,0,0,0,0,0,0,0,0,0,0,0,0,0,0,0,0,0,0,0,0,0,0,0,0,0,0,0,0,0,0,0,0,19,0,0
19,0,0,0,0,0,0,0,0,0,0,0,0,0,0,0,0,0,0,0,0,0,0,0,0,0,0,0,0,0,0,0,0,0,0,0,0,0,0,0,0,0,0,0,0,0,0,0,0,0,0,0,0,0,0,0,0,0,0,0,0,0,0,0,0,0
0,0,0,0,0,0,0,0,0,0,0,0,0,0,0,0,0,0,0,0,0,0,0,0,0,0,0,0,8,0,0,0,0,0,0,0,0,0,0,0,0,0,0,0,0,0,0,0,0,0,0,0,0,0,0,0,0,0,0,0,11,0,0,0,0,0
0,0,0,0,0,0,0,0,0,0,0,0,0,0,0,0,0,0,0,0,0,19,0,0,0,0,0,0,0,0,0,0,0,0,0,0,0,0,0,0,0,0,0,0,0,0,0,0,0,0,0,0,0,0,0,0,0,0,0,0,0,0,0,0,0,0
0,0,0,0,0,0,0,0,0,0,0,0,12,0,0,8,0,0,0,0,0,0,0,0,0,0,0,0,0,0,0,0,0,0,0,0,0,0,0,0,0,0,0,0,0,0,0,0,0,0,0,0,0,0,0,0,0,0,0,0,0,0,0,0,0,0
0,0,0,0,0,0,0,0,0,0,0,0,0,0,0,0,21,0,0,0,0,0,0,0,0,0,0,0,0,0,0,0,0,0,0,0,0,0,0,0,0,0,0,0,0,0,0,0,0,0,0,0,0,0,0,0,0,0,0,0,0,0,0,0,0,0
0,0,22,0,0,0,0,0,0,0,0,0,0,0,0,0,0,0,0,0,0,0,0,0,0,0,0,0,0,0,0,0,0,0,0,0,0,0,0,0,0,0,0,0,0,0,0,0,0,0,0,0,0,0,0,0,0,0,0,0,0,0,0,0,0,0
0,0,0,0,0,0,0,0,0,0,0,0,0,0,0,0,0,0,0,0,0,0,0,0,0,0,0,0,0,0,0,0,22,0,0,0,0,0,0,0,0,0,0,0,0,0,0,0,0,0,0,0,0,0,0,0,0,0,0,0,0,0,0,0,0,0
0,1,0,0,22,0,0,0,0,0,0,0,0,0,0,0,0,0,0,0,0,0,0,0,0,0,0,0,0,0,0,0,0,0,0,0,0,0,0,0,0,0,0,0,0,0,0,0,0,0,0,0,0,0,0,0,0,0,0,0,0,0,0,0,0,0
0,0,0,0,0,0,0,0,0,0,0,0,0,0,0,0,0,0,0,0,0,0,0,0,0,0,0,0,0,0,0,0,0,0,0,0,0,0,0,0,0,0,0,0,0,0,0,0,0,0,0,0,0,0,0,0,0,0,23,0,0,0,0,0,0,0
0,0,0,0,0,0,0,0,0,0,0,0,0,0,0,0,0,0,0,0,0,0,0,0,0,0,0,0,0,0,0,0,23,0,0,0,0,0,0,0,0,0,0,0,0,0,0,0,0,0,0,0,0,0,0,0,0,0,0,0,0,0,0,0,0,0
0,0,0,0,0,0,0,0,0,0,0,0,0,0,0,0,0,0,0,0,0,0,0,0,0,0,0,0,0,0,0,0,0,0,0,0,23,0,0,0,0,0,0,0,0,0,0,0,0,0,0,0,0,0,0,0,0,0,0,0,0,0,0,0,0,0
0,0,0,0,0,0,0,0,0,0,0,0,0,0,0,0,0,0,0,0,0,0,0,0,0,0,0,0,0,0,0,0,0,0,0,0,0,0,0,0,0,0,0,0,0,0,0,0,0,0,0,0,0,0,0,0,0,0,23,0,0,0,0,0,0,0
0,0,0,0,0,0,0,0,0,0,0,0,0,0,0,0,0,0,0,0,0,0,0,0,0,0,0,0,0,0,0,0,0,0,0,0,0,0,0,0,0,0,0,0,0,0,0,0,0,0,0,0,0,0,0,0,0,0,22,0,0,0,0,0,0,0
0,0,0,0,21,0,0,0,0,0,0,0,0,0,0,0,0,0,0,0,0,0,0,0,0,0,0,0,0,0,0,0,0,0,0,0,0,0,0,0,0,0,0,0,0,0,0,0,0,0,0,0,0,0,0,0,0,0,0,0,0,0,0,0,0,0
0,0,0,0,0,0,0,0,0,0,0,0,0,0,0,0,0,0,0,0,0,0,0,0,0,0,0,0,0,0,0,0,0,0,12,9,0,0,0,0,0,0,0,0,0,0,0,0,0,0,0,0,0,0,0,0,0,0,0,0,0,0,0,0,0,0
0,0,0,0,0,0,0,0,0,0,0,0,0,0,0,0,0,0,0,0,0,0,0,0,0,0,0,0,0,0,0,0,0,0,0,0,0,0,0,0,0,0,0,0,0,0,0,0,0,0,0,22,0,0,0,0,0,0,0,0,0,0,0,0,0,0
0,0,0,0,0,0,0,0,0,0,0,0,0,0,0,0,0,0,0,0,0,0,0,0,0,0,0,0,0,0,0,0,0,0,0,0,0,0,0,0,0,0,0,0,0,0,0,0,0,0,0,0,0,0,0,0,0,0,23,0,0,0,0,0,0,0
0,0,0,0,0,0,0,0,0,0,0,0,0,0,0,0,23,0,0,0,0,0,0,0,0,0,0,0,0,0,0,0,0,0,0,0,0,0,0,0,0,0,0,0,0,0,0,0,0,0,0,0,0,0,0,0,0,0,0,0,0,0,0,0,0,0
0,0,0,0,0,0,0,0,0,0,0,0,0,0,0,0,0,0,0,0,0,0,0,0,0,0,0,0,0,0,0,0,0,0,0,0,0,23,0,0,0,0,0,0,0,0,0,0,0,0,0,0,0,0,0,0,0,0,0,0,0,0,0,0,0,0
0,0,0,0,0,22,0,0,0,0,0,0,0,0,0,0,0,0,0,0,0,0,0,0,0,0,0,0,0,0,0,0,0,0,0,0,0,1,0,0,0,0,0,0,0,0,0,0,0,0,0,0,0,0,0,0,0,0,0,0,0,0,0,0,0,0
0,0,0,0,0,0,0,0,0,0,0,0,0,0,0,0,0,0,0,0,0,0,0,0,0,0,0,0,0,0,0,0,0,0,0,0,0,0,0,0,0,0,0,0,0,0,0,0,0,0,0,0,0,0,0,0,0,0,23,0,0,0,0,0,0,0
0,0,0,0,0,0,0,0,0,0,0,0,0,0,0,23,0,0,0,0,0,0,0,0,0,0,0,0,0,0,0,0,0,0,0,0,0,0,0,0,0,0,0,0,0,0,0,0,0,0,0,0,0,0,0,0,0,0,0,0,0,0,0,0,0,0
0,0,0,0,0,0,0,0,0,0,0,0,0,0,0,0,0,0,0,1,0,0,0,22,0,0,0,0,0,0,0,0,0,0,0,0,0,0,0,0,0,0,0,0,0,0,0,0,0,0,0,0,0,0,0,0,0,0,0,0,0,0,0,0,0,0
0,0,0,0,0,0,0,0,0,0,0,0,0,0,0,0,0,0,0,0,0,0,0,0,0,0,0,0,0,0,0,0,0,0,23,0,0,0,0,0,0,0,0,0,0,0,0,0,0,0,0,0,0,0,0,0,0,0,0,0,0,0,0,0,0,0
0,0,0,0,0,0,0,0,0,0,0,0,0,0,0,0,0,0,0,0,0,0,0,0,0,0,0,0,0,0,0,0,0,0,0,0,0,0,0,0,0,0,0,0,0,0,0,0,0,0,0,0,0,0,0,0,0,0,24,0,0,0,0,0,0,0
0,0,0,0,0,0,0,0,0,0,0,0,0,0,0,0,0,0,0,0,0,0,0,0,0,0,0,0,0,0,0,0,0,0,24,0,0,0,0,0,0,0,0,0,0,0,0,0,0,0,0,0,0,0,0,0,0,0,0,0,0,0,0,0,0,0
0,0,0,0,0,0,0,0,0,0,0,0,0,0,0,0,0,0,0,0,0,0,0,0,0,0,0,0,0,0,0,0,0,0,0,0,0,0,0,0,0,0,0,0,0,0,0,0,0,0,0,0,0,0,0,0,0,0,0,0,0,0,0,23,0,0
0,0,0,0,0,0,0,0,0,0,0,0,0,0,0,0,0,0,0,0,0,0,0,0,0,0,0,0,0,0,0,0,0,0,0,0,0,0,0,0,0,0,0,0,0,23,0,0,0,0,0,0,0,0,0,0,0,0,0,0,0,0,0,0,0,0
0,0,0,23,0,0,0,0,0,0,0,0,0,0,0,0,0,0,0,0,0,0,0,0,0,0,0,0,0,0,0,0,0,0,0,0,0,0,0,0,0,0,0,0,0,0,0,0,0,0,0,0,0,0,0,0,0,0,0,0,0,0,0,0,0,0
0,0,0,0,0,23,0,0,0,0,0,0,0,0,0,0,0,0,0,0,0,0,0,0,0,0,0,0,0,0,0,0,0,0,0,0,0,0,0,0,0,0,0,0,0,0,0,0,0,0,0,0,0,0,0,0,0,0,0,0,0,0,0,0,0,0
0,0,0,0,0,0,0,0,0,0,0,0,0,0,0,0,0,0,0,0,0,0,1,21,0,0,0,0,0,0,0,0,0,0,0,0,0,0,0,0,0,0,0,0,0,0,0,0,0,0,0,0,0,0,0,0,0,0,0,0,0,0,0,0,0,0
0,0,0,0,0,0,0,0,0,0,0,0,0,0,0,0,0,2,0,0,0,20,0,0,0,0,0,0,0,0,0,0,0,0,0,0,0,0,0,0,0,0,0,0,0,0,0,0,0,0,0,0,0,0,0,0,0,0,0,0,0,0,0,0,0,0
0,0,0,0,0,0,0,0,0,0,0,0,0,0,0,0,0,0,0,0,0,0,0,0,0,0,0,0,0,0,0,0,0,0,0,0,0,0,0,0,0,0,0,0,0,0,0,0,0,0,0,0,0,0,0,0,0,0,0,0,22,0,0,0,0,0
0,0,0,0,0,0,0,0,0,0,0,0,0,0,0,0,0,0,0,0,0,0,0,0,0,0,0,0,0,0,0,0,0,0,0,0,0,0,0,0,0,0,0,0,0,0,22,0,0,0,0,0,0,0,0,0,0,0,0,0,0,0,0,0,0,0
9,0,11,0,0,0,0,0,0,0,0,0,0,0,0,0,0,0,0,0,0,0,0,0,0,0,0,0,0,0,0,0,0,0,0,0,0,0,0,0,0,0,0,0,0,0,0,0,0,0,0,0,0,0,0,0,0,0,0,0,0,0,0,0,0,0
0,0,0,0,0,0,0,0,0,0,0,0,0,0,0,0,0,0,0,0,0,0,0,0,0,0,0,0,0,0,0,0,0,0,0,0,0,0,0,0,0,0,0,0,0,0,0,0,0,0,0,0,0,0,0,0,0,0,0,0,20,0,0,0,0,0
0,0,0,0,0,0,0,0,0,0,0,0,0,0,0,0,0,0,0,0,0,0,0,0,0,0,0,0,0,0,0,0,0,0,0,0,0,0,0,0,0,0,0,0,0,0,0,0,0,0,0,0,0,0,0,0,0,0,20,0,0,0,0,0,0,0
0,0,0,0,0,0,0,0,0,0,0,0,0,0,0,0,0,0,0,0,0,0,0,0,0,0,0,0,0,0,0,0,0,0,0,0,0,0,0,0,0,0,0,0,0,0,0,0,0,11,0,7,0,0,0,1,0,0,0,0,0,0,0,0,0,0
0,0,0,0,0,0,0,0,0,0,0,0,0,0,0,0,0,0,19,0,0,0,0,0,0,0,0,0,0,0,0,0,0,0,0,0,0,0,0,0,0,0,0,0,0,0,0,0,0,0,0,0,0,0,0,0,0,0,0,0,0,0,0,0,0,0
0,0,0,0,0,0,0,0,0,0,0,0,0,0,0,0,0,0,0,0,0,0,0,0,0,0,0,0,0,0,0,0,0,0,0,0,0,0,0,0,0,0,0,0,0,0,0,0,0,0,0,0,0,0,0,0,0,0,0,0,18,0,0,0,0,0
0,0,0,0,0,0,0,0,0,0,0,0,0,0,0,0,0,0,0,0,0,0,0,0,0,0,0,0,0,0,0,0,0,0,17,0,0,0,0,0,0,0,0,0,0,0,0,0,0,0,0,0,0,0,0,0,0,0,0,0,0,0,0,0,0,0
17,0,0,0,0,0,0,0,0,0,0,0,0,0,0,0,0,0,0,0,0,0,0,0,0,0,0,0,0,0,0,0,0,0,0,0,0,0,0,0,0,0,0,0,0,0,0,0,0,0,0,0,0,0,0,0,0,0,0,0,0,0,0,0,0,0
0,0,0,0,0,0,0,0,0,0,0,0,0,0,0,0,0,0,0,0,0,0,0,0,0,0,0,0,0,0,0,0,17,0,0,0,0,0,0,0,0,0,0,0,0,0,0,0,0,0,0,0,0,0,0,0,0,0,0,0,0,0,0,0,0,0
0,0,0,0,0,0,0,0,0,0,0,0,0,0,0,0,0,0,0,0,0,17,0,0,0,0,0,0,0,0,0,0,0,0,0,0,0,0,0,0,0,0,0,0,0,0,0,0,0,0,0,0,0,0,0,0,0,0,0,0,0,0,0,0,0,0
0,0,0,0,0,0,0,0,0,0,0,0,17,0,0,0,0,0,0,0,0,0,0,0,0,0,0,0,0,0,0,0,0,0,0,0,0,0,0,0,0,0,0,0,0,0,0,0,0,0,0,0,0,0,0,0,0,0,0,0,0,0,0,0,0,0
0,0,0,0,0,0,0,0,0,0,0,0,10,0,0,0,0,0,0,0,0,0,0,0,0,0,0,0,0,0,0,0,0,0,0,0,0,0,0,0,0,0,0,0,7,0,0,0,0,0,0,0,0,0,0,0,0,0,0,0,0,0,0,0,0,0
0,0,0,0,0,0,0,0,0,0,0,0,0,0,0,0,0,0,0,0,0,0,0,0,0,0,0,0,0,0,0,0,0,0,0,0,0,0,0,0,16,0,0,0,0,0,0,0,0,0,0,0,0,0,0,0,0,0,0,0,0,0,0,0,0,0
0,0,0,0,0,0,0,0,0,0,0,0,0,0,0,0,0,0,0,0,0,0,0,0,0,0,0,0,0,0,0,0,0,0,0,0,15,0,0,0,0,0,0,0,0,0,0,0,0,0,0,0,0,0,0,0,0,0,0,0,0,0,0,0,0,0
0,0,0,0,0,0,0,0,0,0,0,0,0,0,0,0,0,0,0,0,0,0,0,0,0,0,0,0,0,0,0,0,14,0,0,0,1,0,0,0,0,0,0,0,0,0,0,0,0,0,0,0,0,0,0,0,0,0,0,0,0,0,0,0,0,0
0,0,0,0,0,0,0,15,0,0,0,0,0,0,0,0,0,0,0,0,0,0,0,0,0,0,0,0,0,0,0,0,0,0,0,0,0,0,0,0,0,0,0,0,0,0,0,0,0,0,0,0,0,0,0,0,0,0,0,0,0,0,0,0,0,0
0,0,0,0,0,0,0,0,0,0,0,0,0,0,0,0,0,0,0,0,0,0,0,0,0,0,0,0,0,0,0,0,0,0,0,0,0,0,0,0,0,0,0,0,0,0,0,0,0,0,0,0,0,0,0,0,0,0,0,0,0,15,0,0,0,0
