AAA,AAC,AAG,AAT,ACA,ACC,ACG,ACT,AGA,AGC,AGG,AGT,ATA,ATC,ATG,ATT,CAA,CAC,CAG,CAT,CCA,CCC,CCG,CCT,CGA,CGC,CGG,CGT,CTA,CTC,CTG,CTT,GAA,GAC,GAG,GAT,GCA,GCC,GCG,GCT,GGA,GGC,GGG,GGT,GTA,GTC,GTG,GTT,TAA,TAC,TAG,TAT,TCA,TCC,TCG,TCT,TGA,TGC,TGG,TGT,TTA,TTC,TTG,TTT
1,0,2,12,22,14,21,649,9,6,0,2,0,3,2,7,8,32,61,603,399,650,1116,219049,2,7,3,76,4,364,15,104,1,1,0,5,11,0,9,107,0,0,0,0,0,0,0,0,0,1,3,6,65,30,5,109,0,0,0,4,6,14,0,2
11,4,537,2,15,1,53,1,355,2,11,4,0,31,6,0,289,86,219525,193,47,8,514,26,12,1,112,1,4,25,83,7,1,1,55,66,8,0,3,6,0,0,0,0,3,2,1,0,5,1,106,8,327,12,12,2,0,0,3,1,0,5,0,0
15,455,2,9,49,265,0,36,51,891,2,14,567,218370,55,94,3,105,15,1,2,11,0,5,1,8,0,0,23,582,2,6,0,23,8,317,3,1,0,0,0,3,1,2,5,152,0,2,0,6,1,2,343,20,0,5,2,16,0,0,6,132,3,3
9,42,28,390,456,356,1040,215025,16,2,6,35,4,22,9,72,3,337,9,91,17,55,28,942,2,6,1,8,2,346,3,43,1,4,3,12,13,3,32,567,1,0,0,1,1,0,0,3,1,2,2,11,35,3,16,495,0,1,1,2,0,1,5,12
3,0,1,8,0,1,1,43,7,0,0,28,23,10,13,402,17,11,15,425,13,10,3,368,10,4,20,1090,295,206,831,224483,1,0,1,3,2,0,3,4,0,9,0,3,2,0,6,66,1,0,2,5,18,2,3,314,1,0,31,11,1,4,62,406
0,9,7,0,0,1,8,5,8,2,273,3,0,1,10,0,27,2,5,0,0,1,1,0,7,6,131,5,0,15,11,15,1,0,10,4,56,3,4,0,3,380,472,2,1,3,21,0,4,1,186,7,11,0,89,1,169,152,226199,280,5,3,702,31
357,339,31,5,47,7,53,1,5,28,0,0,8,2,0,0,206774,724,18304,185,583,18,17,4,109,2,9,2,92,11,5,10,78,11,6,1,314,0,5,0,2,27,0,0,0,2,0,0,94,2,8,2,7,0,0,2,1,0,14,2,3,1,0,10
3,26,0,0,32,60,296,1,434,19,9,4,3,0,0,0,238,55,8,2,162,50,5,5,223333,689,338,392,320,18,12,10,7,357,0,0,5,3,18,0,49,17,3,0,2,2,0,0,0,0,0,0,5,0,1,4,90,3,5,7,3,0,2,7
3,20,0,1,66,1033,3,4,2,9,0,0,2,4,2,0,27,1019,6,5,962,222101,81,233,22,152,0,8,5,266,2,4,1,25,2,1,9,60,1,2,1,8,0,0,0,3,0,0,1,4,1,0,9,128,9,6,0,4,1,1,0,6,4,0
2,11,2,0,13,32,5,3,2,25,0,0,30,777,2,2,13,528,6,5,41,448,14,315,20,667,2,72,498,222704,44,80,0,15,1,0,4,0,1,0,0,3,2,0,7,118,1,1,0,6,2,0,10,10,377,1,0,13,2,0,4,116,0,4
1,6,0,3,31,13,3,0,3,15,0,1,9,163,0,1,13,76,0,1,2,23,1,0,5,11,3,302,9,121,0,5,14,486,0,2,47,585,2,9,19,534,1,11,658,223146,60,106,0,11,0,0,360,31,25,4,1,22,0,0,4,162,1,3
299,51,0,72,220440,833,85,95,37,2,0,0,130,8,1,0,432,339,0,5,1292,157,2,13,4,2,0,0,6,5,0,0,5,0,0,0,203,1,3,0,4,0,2,0,0,14,0,0,15,1,0,0,217,4,12,7,2,2,0,0,0,0,0,0
297,27,13,317,171,10,0,1,422,3,2,8,236342,876,81,141,54,8,0,0,4,4,0,4,5,0,0,2,834,90,5,9,7,2,0,0,0,0,0,0,0,0,2,0,98,5,3,1,370,4,0,1,19,0,5,1,4,1,0,2,178,8,1,6
214113,1305,25340,177,1107,39,98,13,193,5,24,63,203,17,25,5,879,109,104,18,20,12,4,1,1,0,0,4,11,3,3,1,72,2,13,6,3,0,0,0,2,0,1,0,21,1,2,0,174,19,24,10,11,1,0,1,4,0,0,0,6,1,1,3
48,9,34,4,68,2,0,1,65,4,66,313,24729,66,10,12,37,14,5,4,15,1,1,2,10,1,1,1,220,23,1,3,1713,156,49,66,1729,37,2,21,772,18,37,7,207871,597,67,113,26,5,384,1,28,2,6,2,29,0,0,3,143,18,3,9
6,1,21,4,3,0,10,0,22,7,793,7,4,0,5,0,1,2,12,1,1,0,4,0,12,11,167,9,0,1,3,1,4,10,306,7,12,2,144,3,328,153,231831,501,22,6,484,7,6,0,26,1,1,1,3,0,7,4,323,22,0,1,6,3
6,6,8,0,0,1,10,3,12,7,384,7,4,0,9,1,24,2,6,0,0,0,4,0,5,3,185,8,1,0,4,2,10,7,342,6,69,5,115,4,320,732,229501,232,7,6,480,4,1,0,13,0,0,0,4,1,5,14,530,21,1,2,14,1
565,546,6,46,82,2,0,58,2,1,2,4,9,0,0,5,229833,525,149,153,638,9,1,6,68,0,2,2,120,4,5,2,92,4,1,3,384,1,0,2,2,22,28,1,2,0,0,2,134,2,5,1,8,0,0,0,2,1,0,0,6,0,0,0
68,24,22,4,41,0,1,336,18,1,10,2,410,20,2,37,183,37,1,5,140,12,1,6,204,2,1,4,214798,728,79,139,2,0,0,0,0,2,0,0,6,11,11,0,66,0,0,1,568,4,0,1,14,0,0,2,11,0,0,1,22640,55,7,23
572,79,236867,292,29,1,572,5,5,5,668,2,3,0,107,2,9,6,818,8,3,0,6,0,0,0,4,0,15,0,5,0,22,0,84,2,2,0,0,1,59,5,8,0,0,0,4,0,24,1,173,7,0,0,2,0,0,1,1,2,3,0,5,0
219,11,564,7,37,1,2,3,2,55,23,2,5,3,0,0,136,13,5,3,3,1,0,1,0,0,0,0,9,6,0,0,229005,397,111,65,552,12,0,22,414,5,5,2,172,5,2,1,243,10,0,4,7,2,0,3,6,0,0,1,1,1,0,0
3,3,22,2,20,13,11,162,3,356,10,6,0,2,0,4,4,8,2,13,5,14,2,62,0,6,1,2,18,529,1,2,26,49,16,494,510,412,458,227254,3,7,6,89,7,13,5,109,5,0,0,11,4,4,2,222,5,0,0,5,2,0,0,1
10,0,12,5,16,1,0,2,15,1,5,0,494,9,1,55,221,26,3,15,207,2,0,5,299,2,0,3,245860,467,59,99,6,2,0,4,1,0,0,13,4,1,3,0,60,3,2,0,5,3,8,532,8,0,0,350,14,0,0,2,221,2,0,3
9,0,12,0,4,1,0,1,57,3,6,4,226,5,5,349,9,1,0,0,2,1,0,1,0,0,0,0,186,17,2,5,8,1,5,16,1,0,0,3,16,0,0,0,509,6,2,3,182,22,544,25,169,2,1,1,293,1,3,2,254789,421,124,79
29,5,2,148,25,1,0,22,348,5,4,6,498,2,3,4,4,5,6,76,0,1,0,5,0,1,0,0,12,6,0,4,309,201,401,255915,38,6,4,578,12,0,3,92,21,5,4,151,4,55,25,288,2,1,0,12,2,0,0,3,13,0,0,10
405,49,11,2,243094,447,96,91,36,7,53,0,70,5,3,2,51,13,487,2,325,16,7,2,0,0,0,0,10,0,4,0,6,4,5,13,295,3,2,5,16,1,1,0,2,0,0,0,2,333,8,7,198,4,3,17,3,3,0,0,3,0,0,0
8,0,3,0,17,0,1,0,206,58,342,1,9,1,0,4,5,3,24,1,2,0,0,0,61,6,1,2,7,0,0,0,203,31,504,11,135,6,1,4,243461,588,164,203,374,11,6,11,7,0,6,0,2,1,0,2,284,12,2,12,5,0,0,0
6,7,2,0,296,10,1,3,68,323,2,0,7,1,5,2,16,3,487,2,81,6,3,1,0,2,0,0,3,0,2,0,708,52,39,24,243691,250,111,87,136,4,4,1,124,3,3,4,5,0,0,0,239,9,4,8,10,0,0,0,4,0,1,0
14,2,13,121,7,3,0,22,331,2,2,5,9,0,473,3,4,1,23,31,0,1,0,1,0,0,0,0,0,0,4,3,394,194,373,253551,73,3,9,705,13,1,2,77,11,9,18,275,1,8,3,134,1,0,0,2,50,0,0,7,0,0,1,3
37,5,6,139,24,0,1,21,7,0,4,10,469,1,14,1,7,3,11,41,0,0,0,3,0,0,0,1,2,0,0,2,787,205,410,253325,68,2,10,490,15,3,2,107,17,8,7,137,12,52,7,311,0,0,0,9,326,0,0,7,0,0,0,9
602,64,16,5,252626,404,117,104,37,4,4,44,183,4,6,5,66,18,469,0,356,18,7,5,4,0,0,0,4,0,0,1,10,2,2,10,162,4,1,1,5,0,0,0,12,0,0,0,8,327,1,4,163,3,0,9,4,0,0,0,2,0,0,1
8,0,0,2,20,1,0,1,23,3,2,311,139,4,6,47,6,1,13,1,0,1,0,0,3,0,0,0,31,0,1,1,915,48,3,18,388,8,0,3,568,8,1,4,279280,301,78,67,14,4,3,438,6,0,0,2,7,2,0,1,162,6,0,3
17,1,3,1,6,1,1,0,54,1,0,7,351,11,3,308,11,0,5,0,2,0,0,2,0,0,0,0,135,8,1,1,16,0,1,4,0,0,0,0,13,0,0,0,638,5,4,0,205,28,451,19,81,3,0,5,361,3,0,5,279798,366,81,105
342,14,420,5,38,0,0,1,353,1,0,0,7,0,1,3,64,4,8,4,4,4,0,0,1,0,0,0,4,0,2,0,281415,442,187,128,438,3,2,9,125,1,0,3,172,4,4,3,235,10,13,10,6,1,1,0,8,0,0,0,7,1,0,6
123,209,14,5,416,31,2,1,302,11,2,2,1,4,10,0,6,42,0,32,2,3,0,0,0,0,1,0,1,1,0,0,25790,240550,60,158,129,304,0,2,39,243,3,2,24,187,2,1,17,233,6,9,1,11,0,2,0,6,4,0,4,8,0,5
8,3,308,42,18,0,104,5,10,0,397,22,176,47,267393,387,8,1,26,282,0,0,1,1,2,0,1,0,3,6,201,8,11,13,14,1,0,4,0,0,32,0,1,0,5,1,83,8,0,0,9,3,0,0,1,1,51,0,386,3,3,2,95,8
44,12,267,28699,13,2,29,46,14,6,65,5539,1,2,17,70,3,2,68,40,0,0,4,0,0,0,1,1,0,1,2,2,239,49,238794,221,33,12,382,7,281,0,141,10,5,0,139,37,4,1,292,20,2,0,6,4,2,1,17,5,3,0,21,13
4,0,17,0,0,1,4,0,4,6,20,12,10,1,385,6,0,0,7,0,14,0,3,2,0,1,0,0,2,2,182,3,6,1,22,1,0,42,0,0,9,28,11,1,6,1,443,272,2,6,213,5,3,2,103,4,45,5534,401,22,124,56,263123,223
25,3,33,4,733,7,4,3,9,1,40,2,6,0,6,3,906,63,5583,29,264325,288,101,130,106,6,4,2,245,4,14,4,9,6,14,0,149,283,3,2,9,0,7,0,5,1,0,3,3,2,8,1,248,5,4,6,6,14,0,0,6,0,14,2
0,0,17,2,0,0,1,0,54,1,396,5,1,0,14,5,1,1,11,2,15,0,1,0,2,3,30,1,0,0,1,0,120,2,200,4,9,7,47,1,35526,96,237127,276,39,3,411,7,1,0,2,0,0,0,0,0,57,6,334,14,0,1,5,3
138,9,34,4,30,5,0,3,266099,397,91,181,153,5,40,2,17,0,4,1,5,1,0,0,489,24,1,6,4,1,0,2,44,1,279,5620,2,2,1,3,205,4,10,12,3,0,1,1,6,1,1,10,0,0,0,0,158,7,16,7,4,0,2,2
18,0,5,0,0,11,1,0,27,2,291,1,2,0,296,2,0,0,7,0,3,0,1,0,2,3,109,1,0,0,1,0,43,0,13,19,0,2,1,0,5623,2,372,6,9,0,15,3,1,1,154,2,1,0,30,2,251,48,266911,231,1,1,266,7
265758,5937,242,218,391,43,0,5,142,8,5,1,128,6,7,2,486,36,3,4,22,4,0,0,0,0,0,0,4,0,1,0,464,7,4,5,2,2,1,0,20,0,0,0,2,0,0,0,133,11,2,6,2,0,0,0,0,0,13,2,1,0,0,0
96,19,3,11,547,295,2,0,7,1,2,0,2,0,2,0,6554,41,6,10,267533,148,79,35,60,3,0,1,127,1,2,2,15,0,2,8,80,3,0,0,6,0,4,0,0,0,0,0,6,0,0,0,123,2,2,5,3,1,4,0,2,0,0,0
273816,563,101,196,403,15,0,6,92,0,6,2,79,2,18,3,272,19,4,5,15,4,0,0,0,0,0,0,4,0,0,0,83,1,3,11,1,0,0,1,6,0,0,0,1,0,0,0,72,2,2,5,2,0,0,0,0,0,1,0,1,0,0,0
42,6,259,317,7,2,94,4,19,1,443,11,191,35,267614,155,4,1,20,1,5,0,3,1,4,1,2,0,9,1,487,2,2,0,3,38,0,0,0,0,37,0,6,0,3,1,103,0,1,1,8,2,2,0,2,0,5654,2,19,8,10,0,186,3
469,25,15,11,135,4,0,1,261,2,37,5,267966,356,100,112,45,4,5,0,3,1,0,0,1,0,0,0,574,18,6,6,11,2,26,308,1,0,0,1,4,0,27,0,131,6,4,3,19,2,5667,6,6,0,4,3,17,1,1,0,307,13,8,13
7,2,3,13,0,2,1,0,9,2,515,5,13,0,6,0,0,0,2,0,2,0,0,0,0,2,29,0,1,1,1,0,2,0,192,10,2,2,44,2,284,41,272400,415,3,1,413,5,0,0,19,2,0,0,0,0,5,0,341,19,1,1,6,1
14,1,1,41,1,0,0,0,251,5,12,5,8,0,1,13,3,0,0,1,1,0,0,0,32,1,0,0,3,0,0,0,5996,27,9,14,43,2,2,3,265439,884,599,255,313,3,6,7,13,0,5,0,2,0,0,0,420,7,13,11,5,1,0,5
7,2,9,603,3,2,0,74,5,1,24,544,177,77,374,268856,1,0,2,13,0,0,0,0,0,0,0,4,5,2,7,459,26,0,0,3,0,0,0,1,26,0,14,2,2,0,26,91,0,0,9,5,1,0,1,2,0,0,49,6,5,1,5697,162
4,0,4,5,2,0,0,0,108,1,43,1,6,0,0,14,0,0,0,0,0,0,0,0,20,3,0,0,1,0,0,0,162,16,5749,17,33,2,4,1,267528,475,197,168,293,6,5,2,2,0,9,4,0,0,0,0,274,2,363,5,8,0,26,11
1,0,1,6,1,0,0,1,11,4,378,158,1,0,3,9,4,0,0,0,0,0,0,3,1,1,3,22,0,0,0,3,9,1,35,87,2,1,0,19,1040,534,1172,263739,6,7,32,5819,0,1,2,13,0,0,0,4,3,6,15,309,0,0,5,61
1,0,0,9,0,1,0,4,3,0,5,13,14,13,12,208,13,0,0,4,0,1,0,1,0,0,0,2,9,1,2,107,2,0,5,7,0,0,0,1,6,2,7,15,31,3,16,388,12,4,5,182,11,1,0,101,21,1,5,370,5895,91,182,265018
21,171,4,4,19,72,1,2,26,251,4,12,769,263711,61,164,37,7,2,0,0,1,0,0,1,0,0,0,19,203,4,5,5,1,4,1,11,0,0,2,2,1,1,4,4,66,1,4,17,4,0,361,5698,8,3,0,4,1,3,0,32,88,1,22
262084,345,5888,135,352,3,2,5,81,0,2,39,128,16,3,5,615,18,3,2,6,3,0,0,3,0,0,0,0,0,1,1,97,5,2,0,2,0,0,0,2,0,0,1,11,0,0,4,82,5,3,14,30,1,0,0,1,0,2,0,8,0,2,8
23,1,64,1,17,0,2,0,27,1,4,357,113,7,0,2,16,2,0,0,2,0,0,0,0,0,0,0,12,1,0,0,999,31,11,7,410,8,0,3,620,1,4,3,271346,177,169,57,5719,5,2,3,15,0,0,1,23,0,0,3,154,3,1,7
165,22,368,2,59,2,1,3,273301,423,172,194,239,7,4,4,9,3,12,1,2,0,0,1,288,16,3,5,4,0,0,0,22,5736,3,2,4,4,0,0,136,13,4,0,22,2,1,3,29,3,2,2,5,0,0,0,137,0,3,9,3,0,1,7
11,0,647,10,357,1,31,4,23,2,31,5605,2,2,4,3,148,25,263953,105,7,1,201,4,3,0,75,6,3,1,60,3,3,27,47,2,3,0,1,0,0,0,1,1,41,0,1,1,5,3,77,12,2,0,2,1,9,0,2,2,2,0,0,0
49,5,43,946,16,1,2,24,4,1,5,32,4,2,5617,22,6,4,22,253,1,0,0,3,0,0,0,0,2,2,1,2,17,5,20,376,3,0,0,0,2,0,0,1,359,0,2,3,211,77,220,272378,18,1,0,149,38,0,1,57,7,1,3,66
10,5,192,24,5,1,6,1,15,5282,16,7,3,296,28,3,0,0,37,4,0,0,0,0,0,1,0,0,0,2,1,0,369,59,247644,25223,46,4,265,14,8,4,164,11,10,1,143,9,3,3,319,36,5,0,2,3,355,3,7,1,0,0,8,3
31,0,704,7,8,0,35,7,5460,29,15,4,12,2,15,1,170,22,261753,182,12,0,170,4,15,0,109,1,3,0,105,1,9,0,59,39,187,1,0,0,1,1,1,1,2,0,2,0,4,0,133,7,17,0,4,0,7,0,0,0,1,0,2,0
369,28,15,7,123,1,0,3,278,6,1,5,268341,248,151,112,23,6,16,9,1,0,0,0,6,0,0,0,314,14,4,1,10,3,9,177,3,0,0,0,1,0,0,1,97,2,0,0,16,288,5137,7,7,1,2,3,4,1,1,1,155,5,6,5
23,153,1,1,5108,12,2,16,162,10,1,2,22,55,0,0,3,64,4,38,7,9,0,10,4,27,0,0,51,31555,3,7,475,235286,29,80,49,312,3,4,6,213,0,1,16,247,1,2,5,199,31,3,302,5,0,1,5,4,0,0,0,20,2,1
236,14,10,11,94,1,0,2,298,0,1,2,258275,153,61,39,14,1,4,168,2,0,0,0,0,0,0,0,189,16,1,4,4,13,10,2,1,0,0,0,0,0,1,0,224,0,0,1,13,5,5313,8,6,0,1,0,3,0,2,4,98,3,0,5
5458,7,4,41,22,0,0,2,156,2,0,0,21,1,3,0,37,2,2,5,1,0,0,0,0,0,0,0,0,1,6,0,257457,252,78,92,330,5,0,3,76,1,0,1,132,5,1,2,211,6,29,2,7,1,1,2,4,1,1,0,8,1,0,3
34,294,3,149,14,91,1,16,26,442,4,3,497,251330,49,117,0,11,1,4,2,2,0,1,0,5,4,0,8,275,36,2,13,6,0,3,0,0,1,16,0,1,0,0,2,78,1,0,1,4,3,7,7,5,7,5170,1,6,2,5,1,126,0,8
6,0,0,6,6,0,1,1,27,22,12,125,3,13,5,2,0,0,0,3,0,0,0,3,4,11,3,94,3,0,137,2,4,4,2,3,0,0,272,3,20,17,29,197,5,2,4918,12,4,13,12,99,1,7,2,47,465,25740,468,223901,8,16,14,148
3,2,0,2,39,2,0,0,179,7,10,4,3,4,2,0,0,1,0,5,1,0,0,0,33,3,16,3,1,1,5,0,167,5223,8,2,43,2,2,3,248619,484,153,225,247,10,23,5,9,8,3,0,3,0,0,3,348,5,122,25,10,1,1,1
51,4,14,517,141,0,0,26,5,6,0,2,5179,4,1,13,220,61,126,249405,11,0,0,210,2,0,2,48,8,1,5,100,3,24,1,38,1,0,0,0,12,0,0,0,3,0,3,2,40,1,3,112,2,1,0,6,0,1,3,4,3,0,0,4
249436,311,5307,94,239,4,2,4,66,40,3,1,97,4,3,6,173,12,7,15,4,2,0,0,0,0,2,0,4,0,2,0,45,2,1,0,0,0,2,3,4,1,0,2,0,0,0,0,171,4,8,2,2,0,0,1,1,2,0,0,1,0,0,1
18,0,24,11,19,2,3,251,0,130,6,6,13,1,1,1,1,2,2,11,8,2,0,55,5,0,2,3,5157,1,3,2,9,12,13,547,266,62,189,260824,3,1,1,50,8,4,2,117,39,2,0,11,3,1,0,229,0,0,0,5,1,0,0,4
231164,333,4986,89,274,4,0,2,83,5,42,2,32013,26,12,10,152,9,5,5,1,5,0,0,0,0,0,0,45,1,0,0,72,0,0,0,0,0,0,12,2,0,1,3,13,0,2,0,159,5,341,14,0,0,0,4,0,1,3,0,10,0,0,3
13,0,23,3,7,0,0,0,35,5,137,137,8,0,1,4,1,1,1,4,0,1,0,2,8,1,2,32,4,0,0,2,49,22,21,215,18,5,4,50,2958,729,789,259941,4982,9,24,245,7,40,4,5,1,1,0,4,13,9,8,289,6,0,0,15
938,63,25,9,256432,293,104,117,62,3,6,40,136,7,2,5,74,5,4970,8,241,8,8,8,4,0,0,0,6,0,1,0,4,6,4,0,125,0,0,3,0,0,0,10,29,0,1,1,12,117,0,4,201,9,1,12,3,0,0,0,1,2,0,1
17,1,4,8,15,0,1,0,8,2,3,121,125,3,1,34,7,1,24,3,2,1,0,0,0,0,0,0,42,1,1,1,1264,59,5,37,387,5,0,8,463,3,3,7,283263,304,85,228,30,3,11,4909,3,1,0,5,17,0,0,4,207,5,4,16
17,0,7,0,6,1,1,0,10,0,2,35,249,6,4,122,5,2,5,0,1,0,0,2,0,0,0,1,90,1,2,2,11,0,2,0,2,0,0,1,11,0,0,2,434,1,4,3,313,16,4965,28,109,0,0,2,236,0,5,1,282365,189,70,99
20,2,9,0,11,1,0,0,21,1,28,116,212,10,0,9,12,1,3,0,3,0,1,0,2,0,0,0,48,1,2,3,1198,41,19,7,317,1,1,1,351,2,1,6,278526,203,86,99,37,5,4673,7,7,0,1,1,18,1,3,5,258,10,3,8
8,3,2,0,5,32,0,1,290,5,103,10,2,0,1,4,7,0,0,0,1,0,0,9,67,5,1,4,5,0,2,0,378,4673,11,9,77,5,0,3,258715,343,232,441,486,17,13,12,5,7,25,1,4,1,0,1,524,14,8,22,15,2,0,2
1,4,4,20,49,92,13,764,0,0,3,9,9,0,0,7,22,9,18,900,306,85,198,273726,5,1,1,52,4627,6,8,231,0,23,0,6,5,3,3,86,6,0,0,2,11,0,2,1,1,30,4,3,3,3,3,188,1,0,0,2,3,0,0,3
674,54,13,8,273913,424,445,719,43,0,5,8,145,6,11,5,51,4587,4,5,196,19,2,22,1,13,0,0,26,15,1,2,8,4,0,0,148,2,12,9,6,0,1,0,5,1,1,1,7,96,1,4,200,15,8,48,3,0,1,1,4,1,0,1
2,0,4,12,27,95,7,476,0,1,0,2,0,0,10,3,12,39,15,529,243,130,270,256098,2,0,4,26,6,5,4393,117,0,1,1,1,3,0,0,63,3,0,0,1,2,9,0,5,0,3,2,5,6,2,2,203,0,0,1,28,1,0,2,4
5,13,0,1,8,9,0,0,2,5,0,0,11,182,2,1,26,4,0,0,2,5,0,8,0,1,0,0,4,57,24,0,16,334,4,6,39,165,0,6,24,322,3,17,824,256963,57,185,7,15,3,0,4364,10,2,2,6,27,2,87,19,390,3,16
673,256635,51,108,4416,365,1,11,2,127,2,1,22,268,0,3,95,340,0,27,6,9,0,8,0,0,0,0,0,5,2,0,2,100,2,0,0,1,0,0,1,1,0,0,0,7,1,0,4,120,3,5,23,1,0,0,0,1,1,3,0,8,0,2
165,17,3,28,87,0,0,0,166,1,0,2,258010,335,66,129,20,3,1,77,2,2,0,2,1,1,0,0,343,18,2,7,3,3,0,0,0,0,0,0,1,0,0,0,52,5,2,0,4327,3,1,1,3,0,0,0,4,0,0,3,157,6,1,9
6,8,4,273,7,0,0,74,4,0,15,352,176,69,202,259087,3,0,1,18,0,0,0,4,0,0,0,1,7,2,2,481,1,0,0,1,0,0,0,0,9,0,0,0,1,1,10,63,24,0,1,6,1,0,0,2,0,0,23,8,3,1,4310,180
2,1,21,4,2,0,0,0,182,4,4,0,5,0,1,9,5,4,2,3,0,0,0,1,45,3,0,2,2,0,0,0,4542,21,8,4,48,1,0,2,256963,343,78,139,348,7,4,7,8,0,0,0,3,0,0,1,356,7,75,12,8,1,23,0
181,5,81,13,28,3,1,0,262544,316,71,184,380,7,7,8,14,0,1,0,3,0,0,0,380,21,1,9,5,3,3,0,4316,7,1,0,1,0,0,0,125,0,2,1,7,1,1,2,7,1,0,1,1,0,0,0,153,3,4,12,6,0,2,0
271,93,464,261983,11,1,3,332,13,9,2,85,19,4273,10,157,0,2,0,252,0,0,0,13,0,0,0,0,0,2,10,2,25,2,2,136,0,0,0,0,5,0,0,3,2,4,0,3,0,1,2,295,3,0,0,24,0,0,3,7,0,1,1,8
3,0,14,7,3,0,8,0,5,0,20,5,18,24,526,7,5,1,378,10,3,1,93,3,5,0,355,33,202,31,262045,358,3,0,2,0,0,0,2,1,1,0,2,1,2,0,27,24,0,0,2,2,1,0,4,72,10,2,20,4257,1,0,105,9
4,0,4,5,0,1,1,10,4,0,5,1,21,3,432,7,0,0,1,0,0,0,0,0,1,0,0,0,3,5,169,2,1,21,6,1,0,0,0,0,3,0,12,0,5,3,383,81,7,4,145,4,3,0,126,4,4257,6,198,38,259,58,261783,404
13,13,30,699,218,79,218,263149,3,0,2,63,7,23,16,208,2,4,10,49,2,5,2,372,0,3,0,0,11,4228,9,18,1,73,0,14,3,0,3,193,2,1,0,5,0,1,2,7,0,0,1,10,21,2,2,272,24,1,1,5,0,3,10,6
19,5,903,9,3,2,43,8,4217,5,13,3,7,0,8,8,215,32,264412,264,18,3,279,9,5,1,118,4,6,25,161,8,4,3,85,23,0,0,1,0,1,0,1,0,0,0,1,3,4,2,551,4,71,0,9,0,2,1,2,1,0,0,12,0
7,3,3,204,2,0,1,135,25,0,19,326,188,80,247,265901,0,1,9,12,0,0,0,2,0,0,0,1,6,4,6,546,3,3,0,77,0,0,0,0,0,0,1,10,1,1,6,74,4,0,1,6,3,0,0,5,1,0,25,8,6,0,4185,211
1,0,0,1,0,0,0,1,26,17,2,153,1,3,0,18,0,0,5,2,0,1,0,1,0,4,2,38,0,2,3,4,7,25,12,171,8,8,0,243,736,31126,282,234840,21,32,11,4259,0,2,0,5,3,0,0,2,6,38,78,335,1,2,42,8
1,3,0,0,4,2,0,10,26,203,4,4,1,6,0,5,0,22,1,0,2,3,0,0,3,103,1,1,0,4,3,1,6,4,1,3,4155,3,11,5,26,205,2,10,2,12,3,16,7,164,3,1,22,98,0,2,699,261606,63,189,5,310,72,4
7,6,20,432,209,54,336,258970,1,0,0,36,1,4,9,114,0,63,2,35,3,5,1,360,0,0,0,2,2,0,5,4134,1,0,0,4,22,1,6,174,0,1,0,6,1,0,0,4,1,0,0,6,3,1,8,254,4,28,3,1,8,0,5,21
27,0,0,9,1,0,0,28,3,0,0,0,157,3,1,3,1,4,2,0,1,1,0,0,0,0,0,0,85,5,5,19,3,0,0,0,2,0,0,1,11,0,0,1,275,1,1,1,4310,7,0,4,58,0,0,2,129,10,0,1,261640,265,61,123
250,77,493,260791,9,4,5,520,3,1,0,82,1,1,8,4253,1,3,2,349,1,1,0,13,0,0,0,0,0,0,0,8,1,1,3,63,1,0,0,0,0,2,0,2,0,1,0,5,16,0,1,83,0,0,0,2,0,1,0,1,28,1,0,35
3,0,0,33,0,0,0,3,2,1,1,5,12,4,10,171,0,0,0,2,2,8,0,0,0,0,0,0,5,2,1,93,2,0,1,7,0,0,0,0,0,1,6,6,16,10,13,359,5,10,5,206,4,22,0,75,6,4,8,462,396,4185,381,261439
9,16,0,4,79,786,2,7,0,2,1,0,0,6,0,10,22,879,2,25,5137,260303,33,114,1,69,0,0,6,222,3,3,0,2,0,0,1,76,0,1,0,2,0,0,0,2,0,2,0,8,0,1,8,206,2,5,0,4,0,0,2,19,1,31
11,3,3,219,7,2,0,57,5,0,20,400,368,108,377,264217,0,0,0,66,16,31,0,1,0,0,0,0,4,0,0,255,1,0,0,0,3,0,0,0,0,0,0,0,4,1,1,51,3,0,22,3,1,3,0,0,2,0,0,4,4106,5,4,108
8,11,13,259,8,6,0,36,668,252,456,262582,25,22,24,314,1,2,3,18,2,3,0,10,8,6,3,241,1,2,1,15,0,12,0,3,0,2,0,0,2,8,4,57,7,4094,2,8,0,0,60,6,0,26,0,0,2,0,5,79,18,1,0,5
6,1,4,15,21,2,14,682,2,0,1,35,10,0,0,13,18,5,21,806,228,62,273,267147,6,1,2,57,4077,3,5,189,1,0,2,3,2,0,3,39,0,0,0,1,0,16,0,2,3,2,3,22,2,61,4,126,1,0,0,2,4,1,1,1
25,1,8,334,3,1,0,91,3,0,19,463,237,76,346,287354,0,0,1,6,0,1,0,29,0,0,0,1,16,3,5,178,8,0,0,3,0,0,0,0,0,0,0,2,0,2,11,36,0,0,4,80,0,3,2,1,21,0,2,1,3,0,4065,89
4224,30,82,19,17,0,3,8,218,1,2,2,3,0,0,29,43,7,4,3,1,2,0,2,1,0,1,0,5,0,1,1,244227,418,35573,148,264,7,75,4,28,2,9,1,61,1,26,4,349,10,45,10,6,4,0,1,73,0,1,0,4,4,15,6
22,73,13,355,269,78,384,269712,4,2,2,28,3,1,19,95,0,2,5,46,7,3,8,584,0,0,4,1,0,0,3917,22,27,8,1,3,2,2,6,165,0,1,1,2,7,0,1,1,0,2,1,11,1,0,1,222,3,1,0,21,0,0,3,3
5,14,1,0,7,20,0,23,4,1,1,3,147,4,6,1,9,0,1,0,6,0,0,1,0,0,0,1,28,2,14,1,637,52,6,8,188,5,0,3,279,1,6,6,266384,302,206,212,15,3834,0,8,2,7,0,0,18,7,1,66,168,15,3,12
20,0,9,1,646,71,1,5,5,1,0,20,5,0,0,1,951,42,3829,13,260065,232,97,109,76,2,2,2,175,5,5,0,5,3,1,0,59,2,1,0,1,0,0,1,29,2,0,0,5,14,3,0,166,1,1,4,1,0,0,1,2,0,0,0
34,0,0,1,6,1,0,1,13,3,0,64,119,0,0,4,5,1,15,0,18,1,0,0,1,0,0,1,24,2,0,1,450,18,2,8,229,5,0,1,282,2,0,1,260769,295,31,87,3776,11,0,2,7,0,0,1,14,0,0,2,191,7,1,4
257540,479,60,3926,596,9,2,7,57,1,0,2,82,2,1,32,454,32,6,7,9,6,0,1,0,0,0,0,5,1,0,0,64,0,0,2,0,0,0,0,0,0,0,0,19,0,0,0,98,9,2,9,2,0,0,0,1,0,0,0,9,0,2,4
50,0,5,13,1,0,0,2,9,1,1,2,339,2,1,69,5,0,0,0,1,2,0,0,0,0,0,0,62,1,1,1,11,1,0,0,0,0,0,0,13,1,0,0,544,1,4,1,3989,10,0,1,53,1,0,0,307,0,1,4,260857,167,38,60
401,84,259718,355,26,0,233,7,17,3772,79,3,5,4,93,8,9,3,271,15,7,1,7,0,0,2,0,0,0,1,5,0,0,0,45,1,0,21,0,0,1,2,1,0,3,0,0,0,12,1,67,5,0,0,2,0,0,2,1,0,17,3,3,3
36,1,38,0,906,10,3,5,9,11,21,0,6,1,1,1,1224,57,3772,22,258716,228,72,111,59,2,2,0,198,5,6,8,7,1,1,0,135,63,0,0,6,1,0,0,7,1,0,0,9,2,1,0,174,4,1,5,1,0,0,0,8,1,0,0
13,0,2,21,3,0,0,0,250,6,62,0,3,0,8,0,5,1,13,0,16,1,0,0,29,5,0,1,0,0,0,0,4072,40,5,7,71,3,0,5,265002,672,84,178,367,13,2,4,3,2,0,0,1,0,0,0,324,7,1,5,11,1,0,1
8,1,330,85,4,0,61,1,7,0,400,19,204,27,259396,349,1,0,12,1,1,0,1,0,0,0,5,0,1,2,351,7,10,0,2,3,0,1,0,0,36,0,6,2,0,0,61,1,2,0,13,1,0,0,3,0,7,0,3717,8,4,2,112,9
14,1,24,210,1,0,2,18,0,0,4,4,10,0,3650,16,0,0,1,40,1,1,0,0,0,0,0,1,0,0,8,3,354,144,248,258991,17,2,2,506,64,0,2,96,11,7,7,267,6,1,8,271,0,0,0,15,3,0,28,2,2,0,3,5
0,1,3,5,0,0,0,3,21,31,10,183,1,3,10,5,1,1,1,2,4,4,0,2,2,11,0,55,0,2,0,1,16,52,19,201,11,159,1,65,581,28410,368,222395,31,3559,25,314,2,3,0,7,0,15,0,5,11,69,65,380,0,10,1,8
63,2,1,2,993,8,2,6,9,2,0,0,11,0,3,0,4535,43,6,9,261086,358,55,157,54,2,1,2,192,11,2,3,5,0,1,1,98,3,3,0,6,0,0,13,1,7,0,1,3,0,0,0,226,61,1,7,4,1,1,0,1,0,1,0
262166,381,3932,87,445,7,6,5,73,0,2,53,197,2,3,7,415,18,4,3,23,3,0,0,0,0,0,0,9,2,0,0,69,4,3,2,0,0,0,0,3,0,0,1,2,3,3,0,148,6,3,6,2,0,0,1,2,0,1,0,8,1,1,5
17,1,19,0,3,0,14,1,3,1,18,57,11,0,155,21,3,0,5,1,1,1,2,0,1,0,1,0,1,2,31,10,33,3,1060,95,13,5,623,77,65,2,580,103,208,55,229436,36091,39,0,21,3,1,0,12,3,358,1,26,3,162,1,170,45
267555,1122,145,149,346,8,0,3,79,1,1,3,100,1,0,5,220,12,3,1,6,2,0,0,0,0,0,0,3,0,2,1,105,2,2,2,0,0,0,0,0,2,0,0,0,0,12,0,200,2,1,8,3,0,0,1,6,0,2,0,10,1,0,0
401,15,0,521,79,0,0,2,2,0,0,1,3,1,49,2,255999,347,56,123,258,8,0,1,60,0,0,0,90,5,1,6,26,0,0,0,0,0,0,0,0,1,0,3,1,0,1,0,61,1,0,3,3,0,0,0,0,0,2,0,2,0,0,0
4,1,11,10,2,0,1,0,12,2,357,5,2,2,67,0,8,1,3,1,4,0,0,0,2,3,87,3,0,0,6,0,0,0,5,1,0,49,0,0,6,521,273,6,0,3,11,0,10,0,206,7,5,2,30,2,276,83,252773,378,1,1,415,3
41,2,0,1,1171,8,2,2,14,0,0,2,5,0,1,49,1194,42,1,531,254937,165,88,85,76,1,0,1,137,2,2,1,6,1,0,1,114,56,2,1,1,11,0,0,1,0,0,2,3,0,1,0,193,2,1,5,2,0,8,0,2,0,2,0
5,0,15,1,3,0,2,0,1,0,8,0,12,1,376,71,1,0,3,9,9,0,2,0,0,0,0,0,1,2,74,2,0,49,6,2,2,1,0,0,0,0,13,0,6,0,439,0,7,4,214,8,2,3,94,4,549,3,201,8,263,45,256830,306
1151,47,19,9,250814,291,85,84,87,1,0,0,132,4,1,3,81,14,506,2,463,15,6,1,0,0,0,0,8,0,0,0,14,56,0,0,96,5,1,1,2,0,0,1,1,0,0,0,10,1,1,2,181,4,1,8,10,0,1,0,6,0,9,1
282,5,514,3,35,1,0,0,104,1,0,2,3,0,0,2,38,3,8,4,3,1,0,0,2,1,0,0,0,0,0,1,252770,455,116,107,583,13,0,6,71,1,1,1,153,4,2,4,205,6,0,3,5,0,0,0,4,0,2,1,4,0,1,1
2411,2,11,5,18,3,0,1,69,0,0,0,3,0,0,0,39,0,1,6,4,1,0,0,1,0,0,0,2,0,0,0,259257,334,100,81,499,8,1,2,133,3,2,2,180,2,1,1,240,6,1,3,8,1,0,0,4,1,2,0,6,0,1,1
263714,344,54,138,361,5,1,2,88,1,2,0,100,4,2,0,285,18,3,6,7,3,0,0,0,0,0,0,2,0,1,0,77,2,2,2,0,0,0,0,0,2,0,0,1,1,0,0,73,3,2,0,1,1,0,0,0,0,0,0,2,0,2,1
474,10,2,83,63,0,0,0,514,0,0,2,264033,207,39,71,15,1,0,2,2,1,0,0,0,0,0,0,314,14,2,3,5,0,0,0,0,0,0,0,1,0,0,0,72,4,0,0,590,1,0,0,0,0,0,0,4,0,0,1,115,5,3,2
264114,307,694,118,335,7,0,3,63,51,1,3,103,3,0,7,254,14,5,2,4,4,0,0,0,0,0,0,1,2,0,0,59,1,1,1,3,0,0,0,0,0,0,0,1,0,0,0,156,5,2,4,1,0,0,0,4,0,0,0,4,0,0,1
30,5,12,7,519,7,3,3,9,77,0,0,2,0,1,50,46,2,4,595,99,8,1,5,1,0,0,0,0,0,0,0,828,34,3,8,262215,236,36,100,39,5,1,0,80,2,0,2,10,1,0,0,393,9,0,9,10,0,0,1,4,0,0,0
29,0,3,0,2,0,0,1,15,2,0,53,549,6,3,81,7,1,1,10,1,0,0,0,2,0,0,0,92,1,1,1,15,0,0,0,8,0,0,0,19,0,0,0,659,0,1,1,570,13,613,0,95,2,0,0,522,1,3,4,263547,170,58,46
39,0,14,0,39,0,1,2,96,1,1,73,424,4,0,6,10,1,1,0,6,1,0,0,2,0,0,0,63,0,2,2,1530,22,20,10,352,2,1,2,579,0,2,8,266324,123,64,37,35,2,603,2,7,0,0,0,24,0,0,1,205,4,3,5
1051,4,0,51,18,0,1,0,80,0,1,3,4,0,0,4,46,3,0,3,1,2,0,0,0,0,0,0,0,0,0,0,265178,278,64,62,285,7,0,3,77,0,0,0,122,2,1,4,284,5,13,5,7,0,0,0,9,0,0,0,4,0,0,2
40,2,29,761,11,1,3,176,12,0,34,1393,518,147,1052,262671,1,1,1,41,0,1,1,2,0,0,0,2,7,4,4,467,8,0,0,3,2,0,0,0,0,0,0,4,6,0,5,72,1,1,0,10,0,0,0,1,0,0,0,17,5,3,56,698
2,2,1,8,6,0,1,0,106,9,18,450,5,3,3,10,1,1,0,4,0,1,0,0,5,7,3,87,1,0,1,3,11,1,4,13,1,0,0,1,69,2,32,410,597,1,4,10,19,57,17,214,5,0,0,26,1581,272,519,261028,35,3,85,225
1180,54,31,6,263334,211,113,90,87,3,1,0,83,3,1,3,89,9,585,0,346,7,9,1,0,0,0,0,6,0,0,0,10,1,7,3,192,2,1,0,1,0,1,0,13,2,0,0,15,68,3,1,150,4,0,5,2,0,0,8,2,1,3,0
957,9,1,45,38,2,0,2,73,0,1,1,3,0,2,2,39,5,10,1,2,1,0,0,1,0,0,0,1,0,0,0,263426,456,135,101,427,8,0,4,110,1,1,2,141,3,1,5,239,10,3,7,1,0,0,1,2,1,0,1,2,0,1,1
23,4,758,81,4,0,114,4,12,1,426,25,267,38,264281,330,2,1,28,0,0,3,3,0,0,0,4,0,7,1,373,6,10,0,6,0,0,1,0,0,45,0,9,0,1,0,68,0,1,1,12,0,0,0,1,0,3,0,569,2,0,0,157,9
959,7,4,4,29,2,0,0,9,0,0,0,6,0,6,1,54,6,0,0,2,2,0,1,0,0,0,0,1,0,0,0,264670,417,85,100,439,11,1,2,197,1,1,1,154,6,0,4,347,6,2,4,9,1,0,1,5,0,10,1,2,3,0,4
389,34,255683,407,23,2,365,7,10,0,673,1,4,3,104,4,7,7,318,6,0,1,4,2,0,0,0,0,0,0,3,0,13,0,87,2,0,0,1,0,44,0,2,1,2,0,0,0,5,1,67,9,0,0,3,0,0,0,3,1,0,1,7,0
534,13,591,3,29,0,0,0,7,0,47,0,0,0,0,0,59,1,4,3,0,0,1,0,0,0,0,0,0,0,0,1,254027,272,96,67,250,1,0,3,132,1,4,1,105,2,0,2,328,5,1,5,6,1,0,0,2,0,0,1,3,1,1,2
61,0,12,0,1,0,0,0,577,6,58,3,18,0,3,0,7,0,0,0,6,0,0,0,60,3,2,1,7,0,0,0,1169,19,10,2,77,2,1,0,252677,205,85,75,614,0,7,7,8,2,0,0,6,1,0,0,618,4,1,9,16,2,0,1
254631,178,54,94,211,2,0,2,79,0,4,0,99,2,1,2,199,10,7,3,5,3,0,0,0,0,0,0,0,0,0,2,67,0,0,1,1,0,0,0,4,0,1,0,1,0,0,0,83,3,1,3,2,0,0,0,0,0,3,0,4,0,0,1
33,1,16,551,4,1,0,89,16,0,20,681,353,86,552,251859,1,1,0,21,1,0,0,1,0,0,0,0,5,1,4,307,2,0,0,5,0,0,0,0,2,0,1,2,1,0,0,52,0,0,0,10,2,0,0,0,0,0,1,7,2,38,0,708
79,2,1,3,636,4,4,0,3,0,2,0,4,0,0,2,646,2,2,0,128,4,0,0,0,0,0,0,1,0,0,0,27,2,1,0,809,5,2,2,4,0,1,0,4,0,0,0,1216,59,5,8,249547,153,68,62,34,2,1,1,95,66,2,9
256050,221,36,99,351,2,0,3,53,1,0,1,106,2,1,8,250,8,0,1,4,4,0,2,0,0,0,0,2,0,0,0,63,0,0,0,0,1,0,0,3,1,0,0,2,0,0,0,94,8,0,2,4,0,0,1,1,0,0,0,0,3,0,2
40,8,16,654,8,0,1,107,15,1,11,869,519,74,304,255212,4,1,1,19,0,0,0,0,0,0,0,0,4,3,7,292,3,0,0,1,0,0,0,0,2,0,2,0,2,0,3,57,1,1,3,9,2,0,0,1,0,0,41,3,2,4,645,110
10,1,14,4,2,0,3,0,30,4,448,15,3,0,8,4,0,0,2,0,0,0,1,3,1,3,47,5,1,0,4,1,10,11,615,9,4,41,66,3,537,765,255835,472,8,3,658,13,0,0,8,0,1,0,3,0,12,4,544,25,0,1,17,3
7,2,10,44,53,7,37,1664,0,0,1,14,1,2,3,14,22,10,35,1315,303,125,377,257378,5,0,2,56,7,4,697,182,4,0,6,4,9,68,8,141,1,7,3,5,0,0,0,2,0,0,0,12,5,4,6,251,42,2,3,1,3,0,0,3
234,8,283,13,18,0,24,0,552,1,13,1,5,1,2,0,9,2,34,1,0,0,1,2,1,0,0,0,0,0,11,0,35407,114,229680,335,84,8,239,8,30,0,89,7,17,2,119,1,62,7,342,25,4,1,5,3,69,1,8,0,0,0,6,1
1471,275,1154,270121,46,4,5,329,14,2,8,96,24,684,15,166,17,3,6,248,3,1,0,10,0,0,0,0,0,2,0,2,63,3,8,221,0,1,0,1,1,0,0,1,0,0,0,1,2,1,2,88,0,43,0,2,3,0,0,5,0,2,1,5
54,5,1,13,1110,8,1,5,6,0,1,0,42,11,0,1,1827,61,0,651,266832,187,75,93,40,0,1,0,134,7,0,3,6,0,2,0,59,0,0,0,1,1,2,0,0,0,0,0,5,4,0,0,158,74,0,2,8,0,0,0,2,0,2,0
183,896,6,8,651,45,0,2,2,2,0,0,79,9,0,3,45,90,0,11,4,1,0,2,0,0,0,0,1,3,1,0,29,325,3,2,2,0,0,0,1,5,1,0,4,9,2,0,1215,274868,46,107,89,263,2,1,5,118,4,2,17,180,4,0
3384,184,527,270398,81,3,2,216,3,0,3,66,601,2,6,75,94,8,4,203,1,0,0,3,0,0,0,1,0,0,2,2,2,0,7,54,0,0,0,0,0,0,0,0,3,0,2,0,11,38,1,119,0,2,0,0,0,0,1,4,1,0,1,1
59,87,45,1470,1217,283,821,263275,11,2,2,42,22,26,10,106,11,14,4,96,23,12,3,340,0,2,0,2,8,563,0,13,2,0,2,9,15,3,10,177,0,1,0,3,1,1,0,1,2,73,1,18,4,42,3,266,0,0,2,1,0,3,1,2
43,3,3,1,1148,10,2,5,3,0,0,30,4,3,1,1,1418,42,561,10,260005,165,72,60,44,1,0,1,110,16,4,2,5,0,0,0,82,0,2,0,2,0,0,0,2,0,0,0,8,5,0,0,146,66,3,3,2,0,0,0,1,0,0,0
28,1,2,10,15,0,0,1,21,1,1,58,232,2,0,35,13,1,11,3,4,0,0,0,2,0,0,1,24,0,0,1,2437,50,6,17,333,6,1,0,430,0,1,4,259840,143,45,81,36,1,1,513,7,5,0,1,32,1,0,0,220,2,1,5
2,1,1,13,3,0,0,2,2,0,0,19,53,4,23,581,0,1,0,3,2,0,0,2,0,0,0,1,3,1,1,69,2,0,0,12,0,2,0,0,1,0,13,8,15,3,37,783,10,2,10,294,1,1,0,58,6,32,7,462,324,74,959,251794
3,3,0,0,30,190,1,3,1,4,1,0,4,2,0,5,4,7,0,32,503,63,2,1,0,0,0,1,0,2,0,0,41,633,4,2,1066,246908,32,93,5,74,1,0,7,137,1,2,2,4,0,2,22,335,1,3,1,77,2,0,0,2,14,2
329,9,4,10,50,1,0,2,297,0,2,6,243330,128,56,56,21,0,2,73,13,0,0,0,0,0,0,0,151,9,2,0,2,0,1,0,0,1,0,0,3,0,1,0,60,0,2,0,488,1,1,0,1,0,0,0,5,5,0,1,70,3,1,3
488,27,248430,257,24,0,220,10,531,0,55,2,2,0,68,5,12,2,138,9,0,0,3,0,0,0,1,0,0,0,3,0,31,0,51,0,0,1,0,0,0,0,1,0,1,0,1,1,13,2,59,6,0,0,0,0,0,0,1,0,0,0,3,1
256436,177,202,95,166,3,1,3,74,0,0,0,83,2,4,3,168,8,2,3,3,2,0,0,0,0,0,0,1,2,0,0,178,0,2,4,0,0,0,0,2,0,0,0,2,0,0,0,115,4,2,7,1,2,0,1,1,0,0,0,2,0,2,1
255070,256,666,76,245,3,1,2,162,0,1,2,72,1,1,2,248,8,5,2,1,3,0,0,1,0,0,0,1,0,0,0,74,2,3,0,0,1,0,0,0,0,0,0,1,0,0,0,114,4,2,10,1,1,0,1,1,0,0,0,2,1,2,1
75,272,11,4,540,15,1,2,117,9,0,2,4,7,0,1,2,32,32,1,3,0,0,0,0,2,0,0,0,1,0,0,1060,254889,42,89,76,293,0,6,6,128,1,0,10,175,2,0,8,341,1,5,2,5,0,0,1,6,1,0,0,6,0,0
11,2,30,191,15,1,0,23,526,80,578,250126,23,2,14,176,0,0,112,12,0,0,1,0,2,1,4,192,1,1,1,5,0,2,0,2,1,0,0,1,16,0,1,78,522,0,2,4,3,31,1,3,0,0,0,4,3,1,4,72,1,0,1,2
26,10,29,496,500,117,642,267868,3,1,5,49,25,6,8,120,3,1,6,27,15,2,5,264,0,0,0,1,519,0,2,5,0,2,2,11,9,5,15,324,0,0,0,1,12,0,0,1,31,116,1,15,6,10,9,279,0,0,0,3,3,0,0,2
270250,303,106,673,244,7,0,3,76,2,0,3,91,2,26,6,137,12,0,5,5,4,0,2,0,0,0,0,11,0,0,0,78,0,4,1,0,0,0,0,3,0,0,0,1,0,0,0,194,8,0,0,0,0,1,0,0,0,3,1,1,0,1,5
2,0,18,10,1,0,1,0,22,1,427,5,1,0,129,1,2,0,5,0,1,0,0,0,2,1,103,2,0,0,6,0,5,0,45,0,0,0,0,1,514,3,427,3,0,0,39,1,8,1,235,4,1,0,23,2,441,67,254319,389,6,3,426,9
590,40,5,4,68,1,0,2,254534,280,78,210,434,6,10,3,28,1,0,0,0,1,0,0,214,14,0,4,9,4,0,2,532,1,119,1,2,0,0,0,82,1,1,0,8,0,1,1,5,1,0,1,2,0,0,2,206,6,1,9,4,0,0,5
255259,319,68,683,340,0,0,8,83,0,0,4,112,2,4,29,306,16,3,5,5,5,0,0,0,0,0,0,1,0,2,0,105,0,9,1,0,0,0,0,1,0,0,0,4,0,0,0,119,8,3,7,5,1,0,0,1,0,2,1,2,0,0,2
13,0,1,12,3,0,0,0,12,0,0,26,368,1,4,121,4,0,1,0,0,0,0,0,0,0,0,0,79,2,0,2,4,1,2,0,3,0,0,0,29,1,0,1,1017,2,3,1,260,13,542,5,112,2,0,1,503,2,3,7,256154,155,56,60
19,1,6,7,6,0,0,0,43,0,1,122,211,4,2,8,2,0,0,0,0,0,0,0,0,0,0,0,26,3,0,0,1058,17,15,7,239,5,1,1,409,1,1,9,255904,97,64,60,31,2,518,5,4,1,0,0,17,1,2,3,207,3,5,3
15,1,3,246,4,0,0,20,120,0,1,8,2,0,0,512,1,1,2,25,0,0,0,2,0,0,0,0,1,0,1,4,304,78,426,253574,12,0,0,273,7,0,1,58,8,1,6,127,6,1,15,275,3,0,0,5,0,2,0,6,1,3,0,28
1,14,0,2,1,0,0,0,7,9,0,0,18,207,3,12,1,3,23,0,1,1,0,0,0,1,0,0,1,111,1,2,4,9,1,0,0,2,0,0,8,17,1,0,13,594,3,2,15,393,1,3,518,94,1,2,13,683,4,9,836,254272,32,208
365,14,30,7,39,1,0,4,257634,212,95,98,359,6,3,3,15,1,125,0,2,0,0,0,109,17,1,3,1,1,0,0,9,0,497,2,0,0,1,0,105,0,6,0,5,0,0,0,3,1,1,2,9,0,0,0,75,9,2,2,5,0,0,5
454,506,5,6,16,1,0,28,123,0,0,0,5,1,0,0,33,2,4,0,0,1,0,0,2,0,0,0,0,0,2,1,256598,294,223,202,194,8,1,4,56,0,1,0,85,3,1,1,275,7,6,8,1,0,0,3,2,0,0,1,4,3,0,2
2,11,3,20,1,0,1,138,6,0,4,18,52,2,14,845,14,1,4,377,5,3,0,94,4,0,5,652,435,54,186,268723,0,0,2,3,0,0,0,0,0,0,0,1,5,0,1,40,32,0,2,5,0,0,0,2,0,0,1,8,490,3,2,93
359,98,447,276038,15,0,0,229,11,0,1,65,492,2,6,106,1,2,2,102,1,0,0,5,0,0,0,0,2,0,3,2,5,0,5,64,0,0,0,0,0,0,0,1,0,0,0,1,151,1,4,96,1,0,0,0,0,0,0,0,12,1,0,2
527,51,275182,381,24,1,196,6,486,1,90,3,17,0,62,2,4,2,139,6,0,0,8,0,0,0,0,0,0,2,3,1,6,0,170,2,0,0,0,0,0,0,0,0,0,1,0,0,127,3,71,5,2,0,2,0,1,0,0,0,0,0,3,2
667,52,12,3,88,3,0,2,261870,147,76,101,382,7,4,5,31,2,0,1,2,3,0,0,183,11,1,0,11,1,0,1,487,2,116,2,0,0,0,0,100,2,3,1,5,0,0,1,7,1,0,0,1,0,0,2,87,3,0,6,6,4,1,2
36,729,12,97,923,233752,226,34793,6,69,2,8,5,89,2,13,6,25,2,8,38,690,2,30,0,1,0,0,1,103,2,5,17,15,4,1,4,481,6,35,0,2,4,1,1,6,0,0,1,14,0,1,18,446,3,57,0,4,0,0,1,3,0,0
1486,16,488,2,29,0,0,2,40,0,1,1,7,0,0,0,272022,261,98,97,197,24,1,1,101,0,1,1,261,2,3,6,104,2,2,1,0,0,0,0,3,0,1,0,3,0,0,0,111,2,0,7,18,0,0,3,2,0,0,0,5,0,0,0
108,627,16,72,15,58,0,364,122,17,2,1,5,10,1,86,2,59,0,4,4,1,0,2,0,0,0,0,0,1,1,24,864,233960,125,31421,57,283,1,54,18,272,4,11,8,320,4,19,8,281,3,35,0,6,0,3,1,14,0,2,0,17,0,10
6,44,2,3,3,8,0,17,9,17,0,3,63,434,4,8,1,7,2,0,0,2,0,0,0,2,0,1,6,85,34,99,3,17,1,0,0,0,0,3,8,27,2,0,22,757,6,4,26,629,3,8,22,128,2,450,16,809,5,4,743,260471,31,150
1,0,13,0,0,0,1,0,17,1,392,15,2,0,14,0,3,1,4,0,1,0,1,0,1,0,115,2,1,1,113,4,7,1,18,2,0,0,1,0,43,2,809,6,0,0,25,1,12,0,264,4,3,2,29,19,259,51,260132,449,3,4,405,9
279,2,458,2,10,0,0,0,7,0,5,34,3,0,0,3,43,1,3,1,1,3,0,0,1,0,0,0,2,0,4,0,254145,264,109,64,259,10,0,3,178,0,17,2,131,2,3,11,322,6,3,9,8,0,0,3,2,0,0,1,1,2,0,5
1,1,17,9,1,1,0,3,1,0,3,122,11,2,15,156,4,2,0,3,0,0,0,2,0,0,0,0,0,1,4,20,19,6,7,491,3,4,1,181,10,1,16,452,293,104,476,255294,0,2,0,6,37,0,0,6,0,0,2,21,5,440,9,179
694,7,5,460,14,0,0,2,6,0,1,5,7,2,0,35,258903,241,63,102,119,9,0,1,91,0,3,0,53,3,1,4,61,1,0,1,0,1,0,0,1,0,1,0,2,0,0,0,113,1,3,3,99,0,0,1,1,0,5,1,6,15,1,0
14,0,3,17,4,2,0,0,9,0,37,1,219,3,1,97,4,1,1,1,2,0,0,0,0,0,0,0,66,0,1,1,7,1,1,0,4,0,0,0,18,1,1,1,509,0,0,3,321,10,464,5,84,1,1,2,325,0,3,3,259262,108,63,59
0,6,2,5,3,5,0,1,41,289,101,5,5,9,0,4,1,0,0,29,0,2,2,0,9,57,0,0,0,3,1,1,141,183,3,1,389,88,0,2,33731,235681,67,83,63,317,4,4,1,12,15,0,0,5,0,0,44,329,1,4,3,16,0,0
192,33,9,29,57,33,0,3,222,4,10,17,268796,359,497,462,16,6,3,86,8,1,1,0,1,0,0,0,133,12,5,12,7,0,0,0,8,0,0,0,2,2,0,0,156,1,4,4,24,453,0,0,3,2,0,1,1,0,2,2,85,14,3,9
23,8,0,1,410,108,6,6,4,1,0,0,2,3,0,0,1089,495,4,15,269198,304,463,353,47,1,4,3,131,6,5,2,3,0,0,0,59,1,3,3,2,0,2,2,0,1,0,0,3,17,0,0,96,5,2,3,0,2,0,1,6,2,2,0
50,21,17,489,94,4,1,19,2,2,2,4,6,430,2,8,444,155,813,271016,11,4,5,124,4,1,5,99,4,6,9,106,6,1,6,35,1,1,0,1,2,2,0,2,0,1,0,1,5,2,3,81,0,34,0,0,0,0,0,2,0,0,0,2
12,15,5,3,57,467,11,63,1,7,0,0,3,19,1,0,27,792,18,70,991,240404,498,35391,1,121,4,3,3,145,84,17,4,3,1,0,6,70,2,13,0,2,0,0,0,6,1,2,1,7,1,1,7,280,3,28,0,8,1,0,0,6,0,2
7,0,0,1,206,4,3,1,2,0,35,2,3,2,0,1,14,2,444,1,66,6,12,1,2,88,0,0,1,0,8,0,569,38,11,10,276632,286,105,146,135,6,7,5,127,7,5,4,3,4,0,0,210,11,1,13,7,14,0,2,2,0,0,0
3,1,2,0,3,0,0,2,12,1,252,6,0,0,2,1,0,0,15,4,0,0,1,1,1,9,32,1,0,2,3,3,5,4,200,9,4,1,36,3,251,64,272507,762,1,2,372,42,3,2,6,1,0,3,1,0,4,7,416,22,5,0,7,3
65,1,0,2,6,0,0,0,9,0,4,2,638,7,3,3,8,2,1,1,3,2,0,1,0,2,0,0,328,10,2,2,14,1,0,2,3,0,0,1,11,0,2,13,442,2,2,117,711,5,0,2,84,3,0,0,174,0,0,4,275590,164,51,299
279721,347,109,133,307,3,0,3,78,2,2,0,114,1,3,6,261,10,7,3,6,4,0,1,0,0,0,0,1,1,2,0,60,0,3,2,4,0,0,0,0,0,1,1,1,0,1,4,164,7,1,4,3,0,0,0,1,0,0,2,5,0,0,2
339,25,236416,310,46,0,215,5,497,1,80,2,8,3,90,7,27,6,36499,44,8,0,13,1,1,0,8,0,1,0,12,1,43,0,55,1,0,0,1,0,0,0,4,1,0,0,0,3,7,0,124,9,0,0,2,0,1,0,0,0,1,1,1,1
272536,141,62,152,178,0,0,4,72,0,1,3,61,1,1,1,211,8,3,5,0,3,0,0,0,0,0,0,1,0,0,0,279,3,0,2,0,0,0,0,0,0,1,1,2,0,0,0,105,4,0,5,1,1,0,2,1,0,0,0,7,0,0,4
268491,196,102,634,110,4,0,2,95,0,0,2,113,46,1,1,129,6,7,4,1,2,0,0,0,0,0,0,3,1,0,0,47,0,1,1,2,0,0,0,1,0,0,0,1,0,0,0,66,6,1,4,6,0,0,4,0,0,3,0,4,1,0,1
21,1,2,16,352,4,1,0,1,2,1,44,6,201,0,0,17,0,527,0,77,2,1,0,1,0,1,0,0,0,1,0,11,2,1,0,990,4,5,5,1,0,1,0,16,1,0,0,448,7,14,1,270773,110,58,67,26,0,3,1,50,4,3,3
18,45,0,1,10,1,0,2,13,0,1,202,214,5,6,2,2,0,19,0,4,0,0,1,1,0,0,0,12,2,1,0,485,5,4,4,151,1,0,0,462,1,5,6,273321,74,155,64,543,1,0,3,7,0,0,0,31,0,1,2,350,5,0,12
349,214,12,1,278628,144,90,125,45,0,0,51,77,3,4,0,32,1,530,1,201,11,4,5,0,1,0,1,5,0,2,0,2,0,0,0,317,4,5,3,3,1,1,0,11,0,0,0,20,4,1,1,287,9,5,17,2,0,2,2,4,0,0,0
7,6,1,2,4,2,1,43,7,0,1,209,119,1,6,4,2,1,17,0,1,0,1,1,0,1,0,0,32,1,21,1,372,27,5,8,161,1,0,5,596,2,9,37,302194,192,269,332,20,520,2,2,6,0,0,0,26,1,4,4,273,12,1,14
2,2,11,0,1,0,7,194,0,0,14,5,5,2,326,5,5,3,271,8,2,2,134,3,11,5,522,40,196,43,303274,608,0,0,1,6,0,0,1,0,41,0,5,1,8,0,66,2,0,16,5,0,0,0,2,1,0,1,530,5,1,0,109,6
8,0,11,139,4,1,0,15,1,0,1,5,1,0,489,14,0,2,4,51,0,0,0,4,0,0,0,0,1,0,3,0,213,78,309,311510,3,3,1,293,200,0,5,108,7,1,27,172,5,3,11,437,0,1,0,11,2,0,20,43,1,0,0,14
1,0,4,0,0,0,1,2,0,0,7,0,3,1,135,6,0,1,8,3,1,0,2,0,0,0,2,0,0,0,35,1,3,6,546,13,5,3,368,6,11,3,530,38,156,46,291939,557,1,0,4,0,3,0,6,3,3,2,526,205,4,3,323,20
8,1,0,3,1,0,0,1,12,46,9,174,2,2,7,3,0,1,1,1,0,3,0,1,3,13,4,38,0,2,5,0,4,43,7,186,2,11,69,48,712,37324,951,249761,27,56,438,281,0,1,0,8,0,0,1,5,41,77,58,403,1,5,0,9
7,0,11,148,2,0,0,6,2,0,0,2,4,0,505,12,2,0,6,38,0,0,0,2,26,0,0,1,0,0,0,2,157,103,291,287012,7,4,7,250,5,2,5,110,8,2,23,253,7,0,8,564,0,0,1,10,176,59,0,15,0,1,0,12
3,1,1,1,131,1,3,3,5,0,0,0,49,2,21,6,7,1,2,494,30,1,0,5,1,0,0,1,9,0,0,0,298,16,1,10,286471,194,206,136,58,2,3,1,118,4,6,3,7,0,0,8,354,11,2,8,5,202,1,3,3,7,0,5
17,0,2,123,1,2,1,8,1,0,1,1,206,2,0,515,4,0,3,76,0,1,0,3,2,0,0,0,1,0,2,2,10,1,16,167,3,0,0,0,0,3,1,0,3,0,1,7,247,72,453,289828,2,0,0,184,1,0,1,59,6,5,5,131
1,0,1,3,0,0,0,1,2,0,1,11,9,0,10,152,0,0,5,2,0,2,0,4,0,0,0,2,0,1,6,79,7,0,0,11,2,0,1,0,0,0,6,4,7,3,20,384,7,2,7,214,7,1,1,94,5,4,7,540,223,167,516,291256
9,36,4,0,240,4,0,0,3,0,1,51,5,0,2,0,17,0,533,1,79,1,8,1,0,0,2,0,1,1,1,7,6,1,0,0,493,1,2,1,1,0,1,1,3,0,2,7,458,12,11,1,289831,153,89,78,17,0,3,0,70,222,1,26
1,0,1,3,0,0,0,2,1,1,0,234,5,2,12,135,0,0,20,2,0,13,0,4,0,0,0,1,0,0,3,29,9,3,3,335,3,1,0,122,9,2,14,288,494,127,695,287735,0,2,0,7,3,49,1,2,0,2,2,22,5,572,5,202
13,16,4,0,36,594,7,10,7,8,0,0,3,5,0,3,19,911,8,6,900,292083,68,726,5,115,5,6,8,181,2,50,4,3,0,2,5,65,0,3,1,1,0,0,2,5,1,3,0,7,4,0,5,353,5,7,0,2,2,1,10,23,1,4
2,0,0,1,1,0,0,1,54,0,0,5,247,1,5,5,2,1,0,0,0,3,0,20,0,0,0,0,71,2,0,207,40,2,0,10,2,0,1,0,12,0,0,0,537,5,4,7,143,4,577,4,59,3,1,0,281,0,4,5,296166,123,123,120
19,1,19,155,1,1,0,8,215,0,0,3,77,0,476,10,2,1,1,25,0,2,2,1,0,0,0,0,1,0,0,6,357,106,402,308423,8,0,0,265,4,0,0,49,5,33,10,113,8,2,23,245,1,2,0,11,45,0,0,2,4,2,1,6
42524,32,579,14,31,0,0,5,59,0,5,2,26,0,11,1,49,4,2,4,0,7,0,0,1,0,0,0,5,0,0,6,260130,270,83,96,142,7,0,4,92,0,4,0,107,6,2,6,313,7,6,4,5,4,0,0,192,0,2,1,8,2,31,2
5,215,22,6,4,19,2,525,206,10,2,1,0,5,1,3,1,35,4,1,0,3,0,1,0,0,0,1,0,2,1,49,329,299505,51,97,14,374,1,9,4,224,4,32,12,319,5,4,2,266,1,2,7,11,0,0,1,9,0,2,4,22,0,0
3,16,2,0,3,1,0,19,2,13,9,1,9,222,4,1,0,2,49,1,0,3,0,1,0,2,0,0,4,125,2,188,4,22,0,4,2,1,0,0,9,17,0,0,13,778,4,5,13,342,4,3,552,135,0,38,9,705,2,7,437,296057,35,84
8,0,195,2,1,1,40,4,207,52,299400,416,3,2,441,15,1,1,192,3,0,2,1,0,2,1,142,7,0,0,7,35,48,2,3,2,0,0,0,0,542,1,116,0,4,0,1,1,0,1,4,1,19,0,1,0,2,0,284,7,1,4,2,2
145,33,302872,229,7,3,234,8,40,1,128,558,6,0,125,7,4,2,259,8,0,0,10,2,0,0,0,2,0,0,4,2,212,4,105,3,0,0,0,0,26,0,0,0,46,0,2,1,1,10,119,9,1,0,2,0,0,0,2,1,4,3,6,2
41,410,11,63,463,14,0,9,0,2,2,25,81,3,0,3,6,200,3,57,2,1,0,2,1,0,0,0,0,1,4,1,24,312,3,60,2,3,0,0,1,2,0,1,206,13,0,2,328,266594,76,43811,17,157,0,28,34,193,1,19,9,194,3,19
15,2,13,327,219,140,255,306408,32,1,3,32,10,0,17,117,1,188,1,28,5,2,11,226,0,0,1,0,0,1,535,10,3,1,1,3,11,2,5,224,1,0,0,3,0,0,0,1,0,22,3,10,11,4,2,303,0,43,0,6,0,3,0,3
7,1,3,1,169,2,1,5,1,0,2,0,3,1,2,41,7,0,0,503,47,4,1,6,0,0,0,0,1,0,39,31,404,9,3,13,315181,165,244,87,62,1,1,1,82,0,0,1,7,1,0,2,348,5,1,15,6,203,0,1,6,2,0,8
7,0,13,16,1,8,0,1,0,0,1,5,10,0,7,398,0,0,31,39,6,1,0,1,0,0,0,2,2,0,2,75,1,0,0,9,4,0,0,2,4,0,6,8,8,1,19,375,3,46,3,256,0,0,2,70,2,2,2,406,711,87,223,314128
17,291,3,2,640,326347,37,122,0,30,2,4,10,93,2,6,3,15,0,40,504,243,1,4,0,1,0,0,0,4,0,0,31,2,0,0,2,249,1,0,9,1,0,0,1,5,0,0,2,221,1,2,2,268,0,5,0,4,0,0,40,0,0,4
194,15,11,25,80,50,1,14,314,5,9,25,311430,437,547,466,3,2,0,196,42,2,0,8,2,0,0,0,143,19,1,5,0,0,0,0,2,2,0,0,0,0,0,0,86,1,5,1,8,502,6,0,5,0,0,0,2,1,0,2,95,8,3,15
2,0,2,15,20,194,16,339,0,0,0,9,6,0,1,2,8,31,12,488,219,111,395,316636,1,0,2,37,490,5,13,123,10,0,2,1,4,0,4,38,2,0,0,1,9,0,0,0,0,44,44,11,0,2,6,85,0,0,0,2,0,0,0,3
17,5,10,112,2,3,2,30,634,296,392,322932,31,6,24,265,0,0,2,13,0,1,0,4,9,7,3,226,39,0,2,9,3,0,1,2,3,0,0,0,8,0,2,132,498,2,0,7,7,2,183,44,0,0,1,3,1,33,3,113,1,0,0,12
244,9,0,6,97,4,0,1,292,0,1,6,320492,145,77,82,13,1,0,0,1,0,0,3,2,0,0,0,180,15,1,2,0,0,0,1,2,0,0,0,1,0,0,0,108,1,1,0,484,1,0,195,3,0,0,0,2,0,0,0,78,4,0,5
627,320517,31,81,493,308,3,1,4,192,2,1,12,187,7,0,51,218,2,2,6,9,0,3,0,0,0,0,0,2,2,1,3,76,2,1,8,1,0,0,1,0,0,0,1,1,0,0,35,165,3,3,0,2,0,0,6,2,1,1,0,6,0,2
337,163,703,307588,49,5,1,256,7,0,4,111,8,0,457,99,166,1,5,190,0,0,0,13,0,0,0,0,0,0,1,2,1,7,11,64,0,0,0,1,1,0,1,0,0,2,0,0,2,7,1,79,6,0,1,2,39,0,0,4,0,1,0,1
44,5,218,15,15,37,15,0,434,2,9,2,5,0,33,1,5,6,49,5,1,5,0,2,1,0,0,0,4,0,2,1,405,125,307317,396,24,3,235,4,10,0,93,4,5,2,120,10,7,3,344,21,0,1,7,0,155,0,3,1,3,2,2,2
438,35,13,8,301607,355,594,409,79,2,8,5,73,6,4,3,51,428,6,1,289,27,8,6,1,1,0,0,2,2,1,1,9,150,4,1,207,6,22,9,0,0,1,0,5,0,1,0,6,0,32,0,198,7,13,25,1,0,1,1,5,0,0,0
19,4,1,2,614,147,5,5,3,1,40,2,5,0,0,1,892,69,448,6,302527,241,117,152,42,1,1,1,117,4,3,2,3,0,1,7,81,3,3,2,8,0,9,0,2,0,0,0,12,2,0,31,123,9,0,5,6,0,1,1,1,0,0,0
32,1,6,2,5,0,1,0,10,3,312,11,2,1,3,10,0,1,31,0,5,0,2,0,1,4,34,0,2,0,4,0,9,3,237,41,3,5,64,3,699,75,302030,318,2,4,517,7,0,0,9,0,0,0,1,0,5,2,458,8,6,1,5,3
11,4,2,204,4,2,0,156,16,2,14,334,206,114,203,306096,31,0,2,6,2,1,0,2,0,0,0,0,4,3,4,355,2,0,5,141,0,0,0,2,30,0,5,1,2,1,1,75,3,1,38,8,1,0,0,3,0,0,0,7,443,3,2,179
104,5,5,6,37,0,0,0,306403,178,75,168,264,6,2,10,5,2,0,0,2,1,0,0,145,11,0,2,1,4,1,2,9,1,3,454,1,0,0,1,75,1,2,3,6,0,0,0,3,1,136,11,7,0,0,0,128,4,1,5,30,0,0,1
30,7,9,199,3,0,0,3,5,0,0,5,137,439,3,5,12,5,4,86,2,1,0,0,0,0,0,0,1,0,0,0,5,36,26,294,0,0,0,5,1,0,2,2,4,1,1,5,409,84,490,317625,48,2,3,173,1,0,2,78,12,12,2,105
553,5,68,398,20,31,2,1,8,1,0,57,37,32,2,2,277469,248,51525,151,129,6,24,3,73,1,11,2,74,0,19,4,36,0,6,4,1,0,0,0,0,0,3,9,7,0,1,0,88,10,13,5,130,1,0,0,0,1,1,0,1,0,1,0
28,272,1,34,413,14,0,1,4,2,31,12,119,14,2,2,44,115,0,3,2,3,0,0,0,0,0,0,0,0,0,0,5,250,0,6,1,0,0,0,4,7,1,2,24,13,1,0,261,336260,27,72,14,224,0,4,13,368,2,9,6,253,2,2
232,114,409,311092,56,1,0,348,5,2,2,76,6,1,415,152,133,4,2,141,1,0,1,10,0,0,0,1,1,0,1,2,3,1,2,106,0,0,0,6,0,0,2,1,0,2,10,1,2,2,3,73,2,0,0,3,0,7,0,39,4,0,0,8
1,0,4,3,6,0,5,0,2,1,10,6,6,3,221,3,2,0,5,0,1,0,3,0,1,1,0,0,1,0,46,16,3,4,480,13,4,1,246,41,9,6,360,17,134,62,307153,235,0,0,43,4,2,6,3,3,0,402,30,119,5,9,200,21
4,0,0,8,6,0,0,1,5,1,4,19,65,8,25,498,11,4,8,221,16,2,0,84,5,0,19,425,355,176,530,308625,0,0,0,4,0,0,1,119,3,1,0,2,11,4,9,83,0,2,0,3,0,37,0,4,2,30,0,11,7,407,5,148
21,2,1,2,617,3,4,4,7,0,3,5,4,0,0,0,1012,466,16,9,311154,211,202,159,56,1,1,1,143,7,1,8,3,0,0,0,50,1,2,1,3,0,6,0,3,0,0,1,6,2,0,2,123,116,1,4,2,4,0,3,5,30,1,2
11,0,529,9,125,0,16,0,3,0,413,1,32,0,13,0,186,65,309165,445,16,2,158,6,3,0,76,4,2,0,131,9,5,0,37,6,2,0,0,2,12,0,37,0,3,0,3,0,2,1,204,5,0,0,3,1,0,0,3,5,0,4,2,0
3,0,1,1,2,0,0,0,297,3,28,2,5,2,37,0,35,5,7,0,0,0,0,0,48,1,1,1,4,1,0,1,224,9,3,425,40,3,0,6,312635,383,207,187,338,9,8,5,1,2,1,1,3,2,0,0,538,12,12,3,12,1,1,5
12,0,6,2,2,0,2,1,11,0,246,6,1,2,134,0,0,0,4,1,1,0,0,0,1,1,112,2,0,0,4,3,33,0,1,29,0,0,0,0,447,2,198,7,1,1,17,1,4,1,149,3,2,7,36,1,165,58,315437,335,3,6,359,8
311686,317,563,84,412,5,1,5,71,0,35,0,113,10,4,5,409,14,3,3,10,2,0,0,0,0,0,0,3,0,0,4,187,4,1,7,2,0,0,31,42,1,2,0,1,0,1,1,132,2,0,5,6,1,0,0,0,0,7,0,6,5,0,2
9,0,31,1,2,4,0,0,137,0,115,0,2,34,3,0,2,7,2,0,3,0,0,0,39,4,2,0,2,0,1,2,209,12,6,469,58,1,0,1,308991,238,85,166,289,5,5,8,8,0,1,1,14,33,0,0,243,6,4,12,7,3,1,3
15,6,8,2,344,35,7,4,2,4,6,0,13,116,5,0,19,462,1,1,155,4,0,0,1,1,0,0,4,0,0,0,15,1,2,31,257,4,6,3,10,0,5,0,7,0,0,0,545,37,6,10,307628,237,337,429,46,3,1,3,92,6,6,5
19,4,3,4,476,116,2,5,5,37,2,2,6,2,0,0,617,44,486,2,311047,103,78,82,56,0,1,1,112,5,0,10,5,1,0,13,69,1,3,0,3,0,32,0,2,0,0,0,0,0,0,0,138,3,0,6,0,0,2,0,3,1,2,0
9,1,1,37,199,1,2,0,7,112,4,0,17,2,32,4,484,12,30,1,57,2,1,1,0,0,0,0,2,2,0,0,570,6,4,3,311936,143,44,94,71,0,2,1,152,3,1,0,7,0,1,0,232,14,0,3,6,0,1,0,2,3,0,0
228,10,6,119,91,4,0,2,257,3,1,2,313758,171,44,95,61,2,8,5,6,1,0,1,2,0,0,0,469,15,0,3,34,1,0,0,9,0,0,0,6,0,1,0,63,0,2,3,10,1,1,472,1,0,0,1,1,1,1,0,104,16,0,6
10,17,0,2,1,7,0,0,1,15,31,1,43,312,4,112,17,2,1,3,36,3,0,2,0,1,0,0,3,93,1,2,3,16,1,6,0,2,0,2,4,15,2,0,13,421,4,2,12,495,6,36,13,611,0,4,16,522,0,6,596,325840,30,97
1391,10,152,11,30,0,2,0,3,5,3,69,5,31,3,1,289558,333,59006,258,248,13,30,3,64,1,18,2,105,2,43,8,38,1,9,0,1,2,0,0,2,0,1,2,3,0,6,0,296,6,62,16,2,30,1,1,1,0,0,3,5,11,2,0
33,7,106,136,12,31,0,28,1035,487,396,289095,24,5,37,269,15,2,7,13,4,0,0,2,15,17,5,454,4,2,1,10,3,0,0,5,2,0,1,14,24,2,7,137,447,0,16,14,0,0,31,20,2,9,0,6,72,58,28,59651,5,0,1,60
8,215,5,1,10,54,0,1,626,323165,65,164,11,429,13,5,5,7,0,30,3,2,0,2,2,140,0,2,0,11,0,0,4,5,0,2,423,8,1,1,10,119,4,3,52,15,0,1,1,12,102,2,1,2,0,1,10,159,2,9,0,14,0,0
10,0,167,44,14,0,79,2,18,17,239,28,254,31,320780,450,3,1,5,102,5,0,2,1,1,0,1,0,3,1,291,6,0,30,4,0,49,0,0,0,1,0,1,0,9,0,205,1,0,0,7,7,0,0,0,0,422,0,5,4,6,3,149,14
459,18,7,5,322427,173,71,84,33,1,0,3,142,5,18,32,458,6,3,1,403,27,2,2,0,0,0,0,2,1,1,0,4,100,1,0,176,1,0,3,0,0,1,0,7,0,1,0,6,0,0,1,258,9,3,11,52,0,0,2,5,1,2,2
322571,371,113,156,546,5,0,6,107,5,2,4,155,15,2,4,410,12,2,4,40,8,0,1,0,0,0,0,5,0,1,4,76,3,2,2,3,1,0,0,0,0,0,0,2,0,0,0,123,8,6,11,6,0,0,0,8,1,1,4,5,2,1,0
68,341,29,119,9,121,0,8,16,885,4,15,399,320655,40,81,9,12,1,5,1,1,0,0,0,1,0,0,6,374,0,30,1,1,1,2,0,1,0,1,0,2,0,0,5,129,4,2,0,10,0,8,0,14,0,464,4,15,0,1,10,220,1,5
9,0,0,1,6,0,0,0,33,1,0,0,233,16,4,1,4,0,3,1,2,0,0,1,0,0,0,1,88,0,1,109,11,4,8,0,7,0,0,0,20,2,0,0,723,0,6,4,384,5,523,3,83,1,0,44,246,0,1,4,324753,108,65,114
31,19,300,10,8,0,13,0,113,489,17,0,0,4,7,0,2,1,58,35,1,0,2,9,0,2,0,0,1,0,1,2,231,56,324205,435,10,29,226,6,10,1,155,14,5,2,204,5,6,2,337,22,0,0,4,14,5,1,10,3,14,0,3,1
6,1,8,33,32,7,27,626,6,42,0,1,0,5,3,10,13,6,31,666,386,240,951,319312,2,2,7,73,6,4,21,637,1,31,14,3,5,110,13,101,0,0,1,1,1,0,1,1,2,0,9,5,2,1,13,159,0,0,1,4,0,0,1,40
42,0,0,14,2,0,0,2,8,8,1,12,15,4,11,314,1,0,1,2,0,0,0,17,0,0,0,0,0,2,2,158,1,0,1,15,1,1,0,1,2,0,14,14,13,2,35,986,5,2,44,330,5,1,0,100,12,0,8,707,741,64,326,320422
329,7,6,32,34,4,1,1,319719,290,80,100,297,6,5,3,14,1,2,1,2,1,0,0,212,11,0,6,3,4,0,9,517,2,3,1,2,0,0,1,88,0,0,1,2,0,0,0,2,0,107,0,1,2,0,5,74,1,0,7,49,0,0,16
317593,1217,260,377,430,7,0,7,198,2,2,2,131,9,3,4,294,36,2,10,4,6,0,3,0,0,0,0,5,0,1,33,134,2,7,2,6,6,0,0,0,0,1,0,1,1,1,0,86,3,9,14,2,0,1,3,0,0,0,1,9,0,0,2
1134,51,3,10,126,0,0,0,29,5,0,0,3,0,0,1,321919,370,85,116,146,7,0,1,77,0,0,1,82,4,1,2,38,3,4,0,1,0,0,0,1,0,0,0,2,0,0,0,94,1,1,4,3,0,0,0,2,0,0,0,6,0,0,9
1010,160,1669,323310,11,2,2,244,9,2,6,90,5,529,15,156,27,4,2,458,8,0,0,7,0,0,0,0,0,0,0,8,4,2,11,84,0,30,0,1,0,0,0,0,1,0,0,0,0,3,9,139,0,32,0,6,1,0,0,5,1,1,1,6
45,4,4,13,514,5,3,3,32,0,0,0,2,43,0,0,999,36,530,5,325070,191,92,182,34,1,1,2,98,5,2,2,3,8,0,0,68,2,1,2,0,0,0,0,3,0,1,1,2,0,1,1,89,107,1,4,3,0,0,0,6,0,0,28
67,386,1,3,520,13,1,0,114,15,0,0,8,13,0,0,4,38,40,32,13,1,1,0,0,1,1,0,1,2,0,0,486,325324,45,286,22,202,0,4,10,269,0,6,11,424,7,4,3,467,26,6,1,12,1,1,5,20,1,0,0,5,0,0
423,23,17,9,127,1,0,1,717,1,2,43,327769,203,94,140,13,0,12,103,2,1,0,1,2,0,0,0,168,8,3,12,0,13,0,2,0,1,0,0,5,0,0,0,112,3,1,9,12,1,510,0,2,0,0,0,13,0,0,3,133,9,1,9
8,5,1,9,35,1,0,9,3,2,1,117,38,49,6,228,1,1,4,10,3,0,0,1,0,0,0,2,2,10,1,50,33,70,4,397,15,40,0,211,17,101,25,283,619,52710,674,290606,1,1,40,40,68,7,0,2,3,11,1,37,454,94,13,411
41,554,6,17,14,123,0,18,33,945,5,21,578,339747,58,108,3,8,0,12,1,1,0,1,0,0,1,0,36,125,1,3,1,11,0,2,0,3,0,1,0,6,0,0,1,123,2,10,2,12,10,105,6,2,1,494,0,8,1,2,39,123,2,4
38,21,15,337,3,0,0,7,0,2,0,2,6,471,2,6,21,3,5,93,1,0,0,1,1,0,0,0,85,2,1,2,26,0,73,568,0,0,0,0,2,0,0,4,3,0,1,12,613,139,1116,322217,42,23,1,164,2,1,6,73,17,23,12,73
594,6,7,485,12,0,0,0,28,0,0,6,31,29,1,0,323308,256,92,159,116,8,0,1,106,1,1,1,76,3,3,3,56,1,5,0,1,0,0,0,3,2,0,0,1,0,1,3,104,7,2,15,88,0,0,9,4,0,0,0,4,0,0,0
31,305,2,29,494,11,1,0,2,7,0,0,89,26,5,0,15,76,0,53,1,1,0,0,0,0,0,0,1,0,0,1,10,656,2,1,0,4,0,0,0,5,2,0,0,32,1,0,354,328992,38,76,36,237,1,9,11,373,2,5,5,301,1,1
5,3,286,28,32,0,108,1,9,1,717,54,157,30,320524,495,2,1,10,84,0,0,0,0,0,0,1,0,7,1,188,9,0,2,2,5,0,0,1,0,32,0,3,0,1,0,76,2,0,14,5,3,5,1,0,2,4,1,483,2,1,4,125,8
6,0,8,240,7,0,2,12,1,0,0,3,2,1,465,22,5,1,2,57,0,2,1,3,0,0,0,0,0,0,0,0,232,93,434,320535,5,2,2,439,81,0,2,114,3,1,15,250,1,2,3,395,6,0,0,14,28,0,29,7,0,0,1,9
13,175,4,36,9,11,1,383,0,6,1,3,8,10,26,64,2,29,0,3,2,5,0,0,0,0,0,0,19,3,0,21,675,271859,185,49503,27,277,1,66,22,103,0,9,6,156,8,20,15,389,4,60,1,5,0,4,79,8,7,3,0,9,4,10
0,0,13,4,1,1,4,22,1,0,5,3,10,1,308,8,0,0,4,6,0,1,0,0,0,0,0,0,1,0,73,70,0,10,15,4,0,0,2,0,1,0,23,2,36,0,693,6,3,3,255,11,20,1,90,5,25,1,649,465,152,33,327470,323
47,2,32,705,7,0,0,24,3,0,0,2,19,0,441,14,3,2,4,241,1,1,0,1,0,0,0,1,0,0,0,17,19,3,46,543,0,0,0,0,7,0,1,1,76,0,3,5,242,81,534,325836,4,0,0,146,3,0,3,109,3,0,17,92
6,0,4,1,3,0,0,3,4,0,27,0,131,0,24,2,3,0,0,19,1,0,0,0,0,0,0,0,20,5,0,3,847,26,20,8,176,3,0,2,519,0,2,9,313787,151,151,76,22,2,389,16,8,0,1,1,33,0,5,82,262,4,4,11
2,0,0,2,3,1,0,0,201,2,73,4,3,19,8,0,2,0,0,0,1,0,0,0,42,4,0,1,0,0,5,2,249,14,6,392,47,2,0,4,307735,313,118,212,366,10,6,8,4,0,20,2,2,4,0,0,332,3,0,27,8,2,3,5
4,2,3,15,23,7,16,509,0,1,10,4,3,83,8,3,0,0,0,14,7,1,13,148,0,0,0,0,2,0,391,13,2,1,10,26,14,3,37,719,14,0,1,2,7,0,3,10,4,4,14,417,184,75,539,299078,42,1,1,42,4,0,13,68
8,130,0,6,2,14,1,377,1,6,2,2,5,13,1,1,0,30,1,6,0,3,0,0,1,0,0,0,0,0,17,34,361,301577,36,73,19,302,1,5,9,195,3,0,9,236,3,2,2,326,9,5,1,9,0,12,83,10,0,7,2,7,0,3
27,0,0,0,0,0,0,15,23,0,4,0,265,2,4,3,0,0,5,3,3,0,0,1,0,0,0,0,96,2,2,75,8,12,1,5,2,0,0,2,19,0,0,0,582,0,3,1,209,9,389,2,65,0,1,4,562,1,1,5,307306,187,124,80
560,5,0,24,19,0,0,1,80,0,0,1,2,4,0,0,38,0,1,3,4,2,0,0,0,0,0,0,0,0,4,10,310131,336,133,148,255,11,0,1,78,0,1,1,142,2,1,6,304,4,25,5,2,3,0,7,8,0,0,20,11,0,0,0
292,5,14,117,138,0,2,4,766,0,36,13,303695,121,135,67,7,2,1,0,1,1,0,0,1,0,0,0,261,9,2,3,12,6,2,3,0,0,0,0,1,5,2,0,105,0,2,2,11,0,386,2,0,0,0,0,14,0,1,2,164,6,6,5
1,2,2,8,0,0,1,0,11,10,288,6,11,2,3,2,0,2,4,0,0,0,6,0,1,3,44,0,0,0,6,5,9,6,395,7,39,6,90,4,276,536,311980,418,7,6,632,9,2,2,24,0,1,1,3,0,7,2,476,18,7,0,9,7
13,5,893,12,2,0,17,1,7,448,25,0,7,0,12,4,144,60,309069,273,6,2,117,8,2,4,159,11,2,2,123,4,15,0,92,3,142,0,0,0,1,16,12,0,0,0,3,1,1,1,156,4,0,0,3,1,0,0,2,3,0,0,1,0
32,2,20,576,4,2,0,14,5,16,2,6,421,0,2,10,239,65,575,316136,3,1,2,135,2,0,1,141,12,0,12,180,12,0,14,60,121,0,0,0,1,0,2,2,1,0,2,1,0,2,37,111,0,0,0,7,0,0,0,6,1,0,1,1
267,19,26,5,40,2,0,1,306047,260,108,223,340,9,11,4,18,2,3,12,0,2,0,0,156,9,2,6,6,2,0,0,67,0,387,1,10,0,0,0,93,4,15,1,3,0,1,0,5,1,108,1,1,0,0,1,91,4,6,5,2,0,0,1
109,5,1,0,44671,18,12,20,22,109,1,2,24,1,0,0,445,1,6,2,70,3,0,0,1,0,0,0,2,0,0,0,557,15,16,5,258716,156,56,91,50,1,2,0,143,1,1,0,14,0,11,1,434,5,2,10,5,0,0,0,1,0,0,0
306370,249,95,122,375,5,0,1,71,9,1,4,127,2,1,1,294,17,0,10,3,8,0,0,0,0,0,0,2,0,2,1,103,0,0,3,13,34,0,0,1,1,1,0,0,0,0,1,116,5,6,9,1,1,0,1,2,1,0,2,4,0,0,1
361,5,9,167,93,1,0,1,935,3,6,15,308073,165,167,137,15,0,0,0,1,1,0,2,1,1,0,0,401,21,0,3,7,1,6,0,3,0,0,0,4,0,0,1,71,1,0,3,18,1,571,1,2,0,0,0,10,0,1,1,251,8,8,5
23,6,207,10,7,1,10,1,167,3,581,1,14,4,2,0,7,1,32,2,0,1,0,2,0,0,2,0,0,0,1,0,281,47,308184,492,17,1,196,5,61,0,99,11,4,1,156,9,4,3,389,22,0,0,9,1,1,0,10,3,0,0,7,37
85,89,12,244,2,0,0,12,12,2,20,2,4,483,0,5,5,2,1,34,0,1,0,2,0,0,0,0,34,0,0,0,46154,277,1030,259354,40,5,2,186,181,1,4,95,30,12,15,164,61,11,13,421,0,1,0,44,6,0,1,8,1,0,2,9
2,9,23,5,1,0,2,9,8,2,25,37,24,13,549,4,4,3,354,11,1,4,135,7,25,3,758,55,254,37,309834,407,3,5,57,11,1,0,5,3,13,0,1,0,4,0,53,1,1,0,8,1,1,0,9,161,554,1,38,7,12,0,152,4
305,37,22,11,110,7,0,1,308307,559,226,268,428,10,5,4,14,2,35,1,0,0,0,0,224,24,3,7,8,4,12,2,22,546,175,2,1,2,0,0,100,8,4,4,9,4,0,1,9,1,6,1,0,0,0,9,142,9,1,15,3,0,3,3
500,531,6,4,239,3,0,0,11,3,0,0,5,43,0,0,304478,384,310,411,120,15,1,7,77,0,1,5,65,4,6,6,33,20,8,7,1,0,0,0,5,0,0,0,0,0,0,0,96,5,4,5,4,0,0,1,3,0,0,0,2,0,0,0
29,36,36,508,176,2,1,32,3,4,2,7,7,519,3,10,559,153,1398,307149,18,2,5,244,7,0,7,133,45,7,33,166,4,4,7,42,0,0,0,0,0,0,1,1,0,0,1,2,2,0,7,75,0,0,0,62,5,0,1,7,0,0,1,1
2,2,17,1,9,0,10,2,8,1,20,3,8,17,515,7,6,2,422,57,5,1,126,6,13,2,913,67,146,24,309924,358,1,4,7,0,0,0,1,0,0,0,6,1,0,0,48,57,0,0,4,3,0,0,12,166,10,0,30,541,3,0,201,6
0,4,12,1,26,0,2,0,0,0,12,4,3,2,329,1,6,0,2,2,0,0,0,0,0,0,3,0,1,1,94,0,46,1,12,0,0,0,0,0,1,0,17,2,7,0,704,184,2,0,200,6,3,0,94,11,561,2,720,58,188,33,316490,354
143,17,274989,422,12,1,292,8,43,7,44518,610,2,4,219,4,3,0,228,15,1,0,7,1,0,1,34,0,0,0,9,1,160,0,123,2,0,0,1,0,1,0,32,63,0,0,53,9,0,2,112,7,0,0,3,1,17,0,28,7,0,1,17,3
0,1,16,0,2,0,2,0,14,3,893,12,0,1,5,0,0,1,7,12,0,0,1,0,0,4,474,6,0,0,15,1,8,0,13,1,0,0,1,0,19,1,1532,30,1,0,265,7,2,2,131,5,3,0,36,8,188,42,305153,731,3,2,601,12
2,0,5,0,2,1,1,1,42,1,222,7,1,1,2,21,0,1,4,0,10,0,2,0,8,5,30,5,0,0,5,0,55,2,235,102,10,2,39,1,46626,93,266989,1289,84,4,717,83,4,4,7,0,0,0,6,1,125,6,792,57,11,1,14,24
4,0,4,10,0,17,0,2,4,0,1,14,32,2,16,681,0,4,0,1,7,0,0,1,0,0,0,1,9,3,1,293,3,2,3,56,0,0,0,2,8,0,31,32,18,4,34,788,13,84,4,159,2,0,1,78,6,4,7,485,1104,128,482,309353
26,433,3,1,1542,310785,101,139,6,82,0,2,7,94,3,4,9,117,0,0,846,366,3,4,1,3,0,0,0,2,0,0,1,15,0,4,14,439,10,1,0,5,7,0,0,4,2,7,2,347,0,0,11,451,3,5,0,4,4,1,78,3,0,21
703,47,18,19,303987,515,566,463,84,4,4,7,135,12,3,0,41,1175,9,5,368,37,9,7,3,2,0,0,4,2,0,0,11,3,1,4,315,3,24,10,4,0,7,3,7,1,2,2,5,7,2,1,249,12,13,18,3,0,1,1,5,1,0,1
24,1,2,0,661,316,9,4,93,0,0,0,6,0,0,0,1097,120,847,8,296839,172,120,95,119,2,9,1,143,4,7,1,4,19,2,1,145,1,2,1,7,0,1,0,3,1,3,1,5,2,0,0,148,6,3,5,4,0,0,1,8,0,0,5
60,179,2,1,830,23,0,1,315,13,0,2,2,1,0,0,91,39,91,1,31,1,0,0,1,0,0,1,0,1,0,0,536,297901,53,95,44,302,0,2,11,161,4,0,7,223,2,1,9,338,2,1,3,12,0,0,3,11,0,0,0,6,0,0
298555,313,67,71,372,5,0,1,115,1,1,2,71,4,1,3,440,15,9,5,6,8,0,0,0,0,0,0,1,0,0,0,80,30,1,0,0,0,0,0,0,0,1,0,4,0,0,2,46,4,0,2,1,0,0,0,0,0,0,0,0,0,0,0
295506,1478,271,336,317,11,0,2,81,2,1,3,72,10,3,2,246,14,8,25,6,5,0,1,0,0,0,0,2,0,1,0,61,1,8,0,0,0,0,0,1,0,1,0,3,1,1,1,84,5,4,5,5,0,0,1,0,0,0,0,2,0,0,1
57,108,5,326,340,2,0,14,7,0,1,1,4,880,0,4,394,147,746,294261,23,2,2,145,3,0,3,76,6,11,10,110,6,4,2,18,0,0,0,0,0,0,1,1,0,0,0,1,0,1,0,48,85,1,0,1,0,0,0,1,0,0,1,0
64,7,486,2,12,3,22,1,892,1,1,1,3,92,2,1,397,39,294203,374,10,1,151,9,9,0,81,2,2,0,52,0,85,1,38,0,1,0,2,0,0,0,0,0,0,0,0,0,2,0,48,4,340,2,1,2,0,0,0,0,1,0,1,0
294472,257,1003,95,211,11,0,1,292,0,2,0,79,9,3,5,299,13,31,5,6,5,0,0,1,0,0,0,0,0,0,0,429,1,1,0,0,0,0,10,1,0,0,1,0,0,0,0,77,4,2,9,8,0,0,0,0,0,0,1,1,0,0,0
506,882,99,3,19,87,0,0,355,6,2,0,8,8,1,0,70,9,2,6,2,0,0,18,2,0,0,0,0,6,0,0,290919,617,733,739,146,9,0,7,76,1,8,6,93,2,5,8,421,18,8,21,5,6,2,2,2,1,1,2,7,0,0,2
5,94,8,12,35,338,14,341,11,0,2,2,2,7,1,6,37,31,37,1279,866,289,1734,287071,5,9,7,84,11,867,21,188,28,0,0,7,6,3,10,36,0,0,1,0,0,0,0,3,1,0,0,0,5,84,3,103,0,0,0,3,1,3,1,2
21,7,4,4,636,13,2,3,6,0,0,0,1,0,0,83,797,24,4,893,295085,153,267,194,45,0,1,1,73,88,4,2,4,0,0,1,60,3,2,5,0,0,1,0,3,0,0,0,1,2,0,0,121,345,0,1,1,1,1,0,2,10,0,14
2,5,2,5,2,2,0,0,4,1,0,4,14,27,20,458,4,2,0,88,35,0,0,19,0,1,0,1,1,14,4,88,5,2,1,4,0,1,0,3,0,1,5,7,21,90,41,403,9,72,14,185,9,172,1,127,12,144,15,510,401,44395,824,245810
1,1,0,8,1,1,0,4,1,0,3,5,8,9,8,303,7,0,12,350,3,13,0,287,4,0,19,654,235,80,590,287625,3,0,0,5,0,0,0,1,6,0,2,4,3,1,3,33,0,0,0,9,1,32,0,248,0,0,17,11,1,60,82,903
0,1,3,0,0,0,1,0,5,0,224,3,0,1,18,1,0,0,9,2,4,0,1,3,1,2,67,1,0,0,0,34,1,0,2,76,0,0,3,1,836,2,361,2,2,0,18,1,2,0,96,4,3,1,40,7,163,38,280666,278,2,9,739,94
3,1,191,4,2,2,92,4,5,0,248,12,96,36,274897,366,0,0,12,1,0,0,1,0,0,0,3,1,2,1,259,8,0,0,4,454,0,0,1,0,82,0,71,17,0,0,97,8,0,0,2,0,1,0,3,1,0,0,847,2,4,3,139,20
0,0,1,3,0,1,0,1,3,0,2,164,0,0,38,12,0,0,1,2,0,0,0,2,0,0,2,46,0,0,0,6,0,1,12,121,2,0,1,39,355,321,747,278074,4,5,16,1104,0,0,0,20,0,2,0,2,6,2,83,351,69,0,2,17
9,8,14,100,1,0,0,3,0,0,3,3,2,0,827,5,0,1,0,56,0,0,0,0,0,0,0,0,0,0,0,0,21,0,7,119,0,0,0,1,3,1,5,33,1,0,1,90,134,80,262,285242,3,2,1,98,69,0,11,62,457,7,6,59
132,820,2,1,1,2,0,68,2,1,0,0,7,2,94,1,30,1,0,2,0,3,0,0,0,0,0,0,0,18,1,0,282007,222,311,180,107,4,0,1,61,0,3,4,60,2,0,9,221,10,1,36,2,9,0,3,457,0,2,0,6,0,0,2
1,102,0,1,2,19,0,431,0,13,0,0,29,278,6,4,10,471,4,19,83,167,0,4,10,485,3,2,470,267940,36,55,34,3,0,0,2,3,0,0,2,3,2,4,3,42,0,3,0,1,0,0,2,776,0,1,5,2,0,0,5,59,2,2
26,13,12,587,1,2,0,10,0,1,1,2,1,789,3,6,381,111,581,265240,432,1,0,113,1,2,1,85,4,35,11,62,0,1,1,38,0,0,0,0,0,0,0,1,0,0,0,3,2,1,2,78,0,162,0,2,3,0,1,1,1,1,1,1
1,2,0,6,14,2,3,235,0,0,0,0,6,88,2,0,4,1,9,577,104,61,159,261524,3,0,0,67,2,5,781,78,4,0,0,19,0,0,1,56,0,0,2,1,0,0,0,3,0,1,0,3,3,433,0,45,77,0,0,3,2,0,1,1
26,0,33,123,4,1,0,4,2,0,0,2,769,6,1,4,2,0,0,20,3,0,0,34,0,0,0,0,0,4,88,2,140,51,124,262561,2,0,0,175,4,0,3,78,2,0,1,90,80,1,1,150,2,7,0,6,427,0,0,5,2,1,0,2
262523,144,70,858,113,2,1,2,62,1,2,0,125,3,78,0,81,2,1,5,2,6,0,0,0,0,0,0,2,0,7,0,57,0,1,34,0,0,0,0,10,0,0,1,2,0,0,0,464,0,0,2,1,3,0,1,7,0,18,0,2,0,0,0
33,0,5,88,20,0,3,2,12,2,225,2,8,1,430,1,0,0,10,0,0,0,2,4,5,3,72,1,0,0,2,0,2,88,1,0,0,1,0,0,786,2,278,4,0,0,6,1,10,1,150,2,3,3,38,5,427,53,260093,328,2,1,239,13
227,14,6,10,254422,82,60,34,20,0,1,87,61,2,6,1,22,3,763,1,382,14,4,2,0,0,1,0,0,0,0,0,2,422,0,5,137,3,1,0,86,2,0,0,17,1,0,0,6,6,0,0,117,3,0,8,2,0,32,0,1,0,0,0
6,1,0,0,117,0,0,0,10,6,1,407,277,5,6,6,3,0,97,0,1,0,0,0,1,0,0,0,19,2,1,1,241,26,3,4,97,3,0,2,187,0,3,4,264882,213,213,155,15,749,0,0,6,3,0,0,3,1,2,4,177,13,5,14
10,6,256,3,401,1,4,2,0,737,3,5,1,0,2,0,197,47,261085,216,8,2,138,24,3,4,70,1,6,2,75,7,0,4,43,0,3,87,1,0,0,0,1,0,31,0,0,1,4,80,57,7,2,2,0,0,2,0,4,1,1,0,0,0
1,0,0,8,19,3,7,322,1,76,1,9,16,1,1,2,13,3,38,351,175,89,266,261893,4,1,1,30,630,3,2,84,1,2,0,0,4,385,1,60,0,0,0,6,0,1,0,0,2,6,6,79,1,3,1,144,1,0,0,3,2,0,1,3
132,7,6,1,51,2,0,0,180,6,2,176,236472,104,51,66,2,1,0,0,0,0,0,30,0,1,0,0,167,4,1,0,0,0,0,1,0,5,0,0,3,0,0,0,96,0,16,4,7,2,657,367,0,0,1,0,4,2,1,4,58,0,2,2
1,0,1,0,2,0,1,1,2,1,1,349,31,0,49,1,3,0,11,0,0,0,1,0,0,0,1,0,2,1,12,0,3,2,282,8,0,9,206,40,6,5,314,8,52,76,217491,326,0,0,69,3,0,0,0,0,2,115,6,443,2,0,94,5
0,0,1,1,0,0,0,1,4,2,0,4,2,1,117,2,1,0,18,0,15,1,7,3,0,1,18,4,8,4,30476,24,1,2,2,0,1,204,1,56,0,2,1,0,0,0,121,257,2,4,63,5,0,2,27,5,2,642,124,65,67,22,174100,108
20,0,0,0,187,0,0,0,209,1,0,4,2,0,0,0,336,11,612,5,200477,70,47,44,47,0,0,1,92,3,5,0,15,1,0,0,69,308,0,1,4,1,0,0,3,2,0,1,2,1,0,0,70,4,2,2,1,100,1,0,0,0,19,0
884,3,7,1,7,0,1,0,295,0,3,1,1,0,0,0,14,1,102,3,22,0,0,0,0,0,0,0,2,0,0,0,202573,161,78,30,155,5,1,0,41,0,0,0,81,1,2,4,102,1,1,2,3,0,0,0,0,0,0,1,0,0,0,0
172179,109,31315,67,129,0,33,0,198,1,134,2,24,0,9,3,135,9,28,1,3,1,0,0,0,0,1,0,1,0,1,0,60,15,4,1,0,4,0,0,40,0,0,0,0,0,0,1,23,1,9,6,2,0,0,0,0,0,0,0,0,0,0,0
