AA_Index,AAA,AAC,AAG,AAT,ACA,ACC,ACG,ACT,AGA,AGC,AGG,AGT,ATA,ATC,ATG,ATT,CAA,CAC,CAG,CAT,CCA,CCC,CCG,CCT,CGA,CGC,CGG,CGT,CTA,CTC,CTG,CTT,GAA,GAC,GAG,GAT,GCA,GCC,GCG,GCT,GGA,GGC,GGG,GGT,GTA,GTC,GTG,GTT,TAA,TAC,TAG,TAT,TCA,TCC,TCG,TCT,TGA,TGC,TGG,TGT,TTA,TTC,TTG,TTT,del,ins
0,0,0,0,0,0,0,0,0,0,0,0,0,0,0,0,0,0,0,0,0,0,0,0,24811,0,0,0,0,0,0,0,0,0,0,0,0,0,0,0,0,0,0,0,0,0,0,0,0,0,0,0,0,0,0,0,0,0,0,0,0,0,0,0,0,0,0
1,0,0,27,0,0,0,0,0,0,0,0,0,0,0,0,0,0,0,25407,3,0,0,3,0,0,0,1,0,0,0,5,0,0,0,1,0,0,0,0,0,0,0,0,0,0,0,0,0,0,0,3,0,0,0,0,0,0,0,0,0,0,0,0,0,0,0
2,0,2,0,0,0,3,0,0,0,18,0,0,6,26723,0,0,0,0,0,0,0,0,0,0,0,0,0,0,0,0,0,0,0,0,0,0,0,0,0,0,0,0,0,0,0,5,0,0,0,0,0,0,0,0,0,0,0,0,0,0,0,7,0,0,0,0
3,0,0,0,5,3,6,18,26998,0,0,0,3,0,0,0,1,0,0,0,0,0,0,0,7,0,0,0,0,0,0,0,0,0,0,0,0,0,0,0,7,0,0,0,0,0,0,0,0,0,0,0,0,0,0,0,13,0,0,0,0,0,0,0,0,0,0
4,0,0,0,0,0,0,0,0,0,0,0,0,0,0,0,14,0,0,0,1,0,0,0,6,0,0,0,36,2,3,36,32090,0,0,0,0,0,0,0,0,0,0,0,0,0,0,0,0,0,0,0,0,0,0,0,0,0,0,0,0,0,0,0,2,0,0
5,0,0,0,0,0,0,0,0,0,0,1,0,0,0,0,0,0,0,0,0,0,0,0,0,0,0,3,0,0,0,0,0,0,0,0,0,0,0,0,0,0,7,12,0,0,0,0,0,0,0,3,0,0,0,0,0,3,1,32469,5,0,0,39,1,0,0
6,20,7,3,0,0,0,0,0,0,0,0,0,0,0,0,0,31368,14,2646,7,7,0,0,0,5,0,0,0,3,0,0,0,0,0,0,0,0,0,0,0,0,0,0,0,0,0,0,0,8,0,1,0,0,0,0,0,0,0,0,0,0,0,0,0,0,0
7,0,0,0,0,0,0,0,0,2,0,0,0,0,0,0,0,5,0,0,0,0,0,0,0,34426,8,12,6,19,0,0,0,0,9,0,0,0,0,0,0,0,0,0,0,0,0,0,0,0,0,0,0,0,0,0,0,5,0,0,0,0,0,0,0,0,0
8,0,0,0,0,0,12,0,0,0,0,0,0,0,0,0,0,0,42,0,0,47,35308,1,10,0,2,0,0,0,21,0,0,0,0,0,0,0,0,0,0,0,0,0,0,0,0,0,0,0,0,0,0,0,3,0,0,0,0,0,0,0,0,0,0,0,0
9,0,0,0,0,0,0,0,0,0,0,0,0,0,46,0,0,0,6,0,0,0,4,0,0,0,9,0,0,26,36380,0,8,0,0,0,0,0,0,0,0,0,0,0,0,0,0,0,0,0,0,0,0,0,0,17,0,0,0,0,0,0,8,0,0,0,0
10,0,0,0,0,0,0,0,0,0,0,0,0,0,9,0,0,0,0,0,0,0,0,0,0,0,0,0,0,0,1,0,0,0,5,0,0,0,18,0,0,0,16,0,0,25,37271,0,5,0,0,0,0,17,0,0,0,0,0,0,0,0,5,0,0,0,0
11,7,0,0,4,37660,11,4,0,1,0,0,0,11,2,0,0,17,0,0,0,15,0,0,1,0,0,0,0,0,0,0,0,0,0,0,0,4,0,0,0,0,0,0,0,0,0,0,0,0,0,0,0,17,0,0,0,0,0,0,0,0,0,0,0,0,0
12,7,0,0,1,3,0,0,0,27,0,0,0,44280,17,4,18,0,0,0,0,0,0,0,0,0,0,0,0,12,0,0,1,0,0,0,0,0,0,0,0,0,0,0,0,3,0,0,0,19,0,0,0,0,0,0,0,0,0,0,0,28,0,0,0,0,0
13,40394,50,4943,15,37,1,2,0,13,0,0,5,9,0,0,0,26,1,4,0,0,0,0,0,0,0,0,0,0,0,0,0,8,0,3,0,0,0,0,0,0,0,0,0,0,0,0,0,11,0,0,0,0,0,0,0,0,0,0,0,0,0,0,0,0,0
14,0,0,0,0,0,0,0,0,1,0,5,5,4781,3,0,0,0,0,1,0,0,0,0,0,0,0,0,0,9,0,0,0,44,0,5,13,84,1,0,0,36,0,0,0,41642,14,3,6,0,0,30,0,0,0,0,0,0,0,0,0,7,1,0,1,0,0
15,0,0,0,0,0,0,0,0,0,0,38,0,0,0,0,0,0,0,0,0,0,0,0,0,0,0,2,0,0,0,0,0,0,0,7,0,0,0,1,0,8,2,47465,33,1,0,48,1,1,0,0,0,0,0,0,0,0,0,25,0,0,0,0,1,0,0
16,0,0,0,0,0,0,0,0,0,0,10,0,0,0,0,0,0,0,0,0,0,0,0,0,0,0,3,0,0,0,0,0,0,0,12,1,5,0,0,0,33,63,47640,11,0,0,25,0,1,0,0,0,0,0,0,0,0,0,43,0,0,0,0,1,0,0
17,26,46,0,9,0,0,0,5,0,0,0,0,0,0,0,0,48688,7,7,3,11,0,0,0,7,0,0,0,9,0,0,0,3,0,0,0,23,0,0,0,0,0,1,0,0,0,0,0,12,0,0,0,0,0,0,0,0,0,0,0,0,0,0,0,0,0
18,5,0,0,0,0,0,0,21,2,0,0,0,6,0,0,2,4,0,0,0,2,0,0,0,9,0,0,0,46700,23,7,12,0,0,0,0,0,0,0,0,0,0,0,0,2,0,0,0,55,0,0,0,0,0,0,0,1,0,0,0,5544,0,1,3,0,0
19,38,1,53001,31,0,0,11,0,0,0,80,0,0,0,4,1,0,0,14,0,0,0,0,0,0,0,0,0,1,0,0,0,0,0,11,0,0,0,0,0,5,0,0,0,0,0,0,0,0,0,6,0,0,0,0,0,0,0,0,0,0,0,0,0,0,0
20,8,0,64,0,0,0,0,0,0,5,0,0,0,0,0,0,1,0,0,0,0,0,0,0,0,0,0,0,0,0,0,0,52627,10,8,0,7,0,0,0,26,0,0,0,24,0,0,0,13,0,0,0,0,0,0,0,0,0,0,0,0,0,0,0,0,0
21,0,0,0,0,0,0,0,7,0,23,0,0,0,0,0,0,0,0,0,0,0,0,0,0,0,1,0,0,0,61,0,0,1,0,2,18,6,6,32,53775,0,0,1,2,0,0,0,4,0,0,0,0,0,0,0,25,0,0,0,0,0,0,0,0,0,0
22,0,0,0,0,0,0,0,0,2,0,0,0,26,0,0,5,1,0,0,0,9,0,0,0,9,0,0,0,61463,13,5,3,0,0,0,0,0,0,0,1,0,0,0,0,1,0,0,0,0,0,0,62,0,0,0,23,0,0,0,0,4,0,0,0,0,0
23,0,0,0,0,0,0,0,0,5,0,0,0,3,0,0,23,0,0,0,0,0,0,0,0,0,0,0,0,6,0,0,0,1,0,0,0,0,0,0,0,2,0,0,0,48,0,0,0,7,0,63,0,7,0,0,0,20,0,0,0,66073,13,9,1,0,0
24,0,0,0,6,0,0,0,0,23,0,0,0,61,0,0,0,0,0,0,5,0,0,0,0,0,0,0,0,1,0,0,0,6,6,32,67834,0,0,0,26,0,0,0,12,0,0,0,9,0,5,0,46,0,0,0,0,0,0,0,0,1,0,0,0,0,0
25,8,0,0,0,68459,17,7,5,1,0,5,0,6,0,0,0,1,0,64,0,8,0,0,0,0,0,0,0,1,0,0,0,0,0,0,1,23,0,0,0,0,0,0,0,0,0,0,0,0,22,0,0,23,0,0,0,0,0,0,0,0,0,0,0,0,0
26,0,0,0,0,1,0,0,0,3,5,21,0,0,0,0,0,0,0,0,0,0,0,0,0,3,0,0,0,0,0,0,0,7,0,65,0,3,0,0,0,69547,29,20,17,53,0,0,0,0,0,0,0,0,0,0,0,43,0,0,0,1,0,0,0,0,0
27,0,0,0,0,10,0,0,0,5,19,0,0,0,0,0,0,0,0,67,0,0,0,0,0,0,0,0,0,0,0,0,0,25,0,0,0,70568,4,20,5,4,0,0,0,7,0,0,0,0,0,0,0,8,1,0,0,0,0,0,0,0,0,0,0,0,0
28,0,0,0,0,0,0,0,0,19,0,0,0,0,0,67,0,0,0,0,1,0,0,0,0,0,0,0,0,0,0,0,0,14,10,10,75260,1,0,0,37,0,0,0,5,0,0,0,42,0,0,0,24,0,0,0,0,5,0,0,0,0,0,0,0,0,0
29,0,0,0,6,0,0,0,0,0,0,0,0,65,0,0,0,0,0,0,2,0,0,0,0,0,0,0,0,0,0,0,0,6,12,21,76180,0,0,0,25,0,0,0,8,0,0,0,17,0,5,0,48,0,0,0,0,19,0,0,0,0,0,0,0,0,0
30,24,0,0,0,78188,13,13,5,1,0,0,5,20,0,0,0,0,0,59,0,5,0,0,0,0,0,0,0,0,0,0,0,0,0,0,1,10,0,0,0,0,0,0,0,0,0,0,0,0,19,0,0,13,0,0,0,0,0,0,0,0,0,0,0,0,0
31,0,0,0,0,1,0,0,0,0,0,0,19,3,0,0,5,0,0,0,0,0,0,0,0,0,0,0,0,0,0,0,0,31,0,0,0,18,0,0,0,18,0,0,0,91381,6,7,5,0,0,0,59,0,0,0,0,0,0,0,0,11,0,0,0,0,0
32,0,0,0,0,0,0,0,0,5,0,0,0,4,0,0,20,0,0,0,0,0,0,0,0,0,0,0,0,7,0,0,0,0,0,0,0,0,0,0,0,1,0,0,0,84,0,0,0,5,0,64,0,14,0,0,0,25,0,0,0,92936,17,12,3,0,0
33,5,0,62,0,0,0,0,0,25,0,0,0,0,0,0,0,1,0,0,0,0,0,0,0,0,0,0,0,0,0,0,0,94176,18,22,12,25,0,0,0,11,0,0,0,16,0,0,0,38,0,0,0,0,0,0,0,0,0,0,0,1,0,0,0,0,0
34,10,13,0,0,56,0,0,0,18,0,0,0,0,0,0,0,0,2,0,5,0,0,0,0,0,0,0,0,0,0,0,0,8169,85559,2,26,3,11,0,0,5,30,0,0,0,14,0,0,0,27,0,0,0,0,0,0,0,0,0,0,0,0,0,1,0,0
35,0,0,4,1,0,0,10,0,0,0,39,0,13,0,94427,62,0,0,0,21,0,0,0,0,0,0,0,0,0,0,9,0,0,4,0,0,0,1,0,0,5,0,0,0,2,0,7,0,0,0,0,0,0,0,0,0,11,0,56,0,0,0,10,0,0,0
36,2,2,27,7949,0,0,0,4,0,0,1,64,0,0,4,21,0,0,0,0,0,0,0,0,0,0,0,0,0,0,0,0,10,0,88405,14,0,0,24,0,23,0,12,0,0,0,7,5,0,0,43,1,0,0,0,0,0,0,0,0,0,0,2,0,0,0
37,0,0,1,0,0,0,0,0,0,0,0,0,0,0,16,0,0,0,0,0,2,0,0,0,0,0,0,0,0,0,9,0,0,0,4,0,0,5,0,0,0,0,3,0,0,0,51,23,0,0,6,0,0,0,14,0,0,87,26,0,13,2,98458,30,0,0
38,3,0,0,0,68,0,0,0,0,0,5,0,0,0,1,0,70,0,89,0,99898,14,14,14,9,0,0,0,29,0,0,0,0,0,0,0,10,25,0,0,2,0,0,0,0,0,0,0,0,0,0,0,33,0,0,0,0,0,0,0,0,0,4,0,0,0
39,0,0,0,0,0,0,0,0,5,0,30,0,0,0,0,0,0,0,0,0,4,0,0,0,0,0,2,0,0,0,0,0,22,0,16,0,0,1,2,0,10800,1,90343,36,6,0,77,1,0,0,0,0,0,0,0,0,3,0,64,0,0,0,0,0,0,0
40,12,0,2,0,1,1,0,0,101717,21,17,29,16,0,5,0,0,0,0,0,0,0,0,0,32,0,0,0,0,0,0,0,0,0,22,91,0,0,0,0,29,0,2,0,0,0,0,0,0,0,0,0,0,0,0,0,12,0,2,0,0,0,0,0,0,0
41,3,0,0,0,0,0,0,0,4,0,13,0,0,0,25,0,0,0,0,0,0,0,0,0,0,0,7,0,0,0,0,0,5,0,0,1,0,0,0,0,92,0,12,0,0,0,0,0,0,0,17,0,0,0,1,0,33,10,102198,31,0,0,51,1,0,0
42,102421,131,27,15,32,5,0,0,11,0,0,0,8,0,0,0,41,0,0,0,2,0,0,0,0,0,0,0,0,0,0,0,40,0,0,0,0,0,0,0,1,0,0,0,0,0,0,0,11,0,0,0,0,0,0,0,0,0,4,0,0,0,0,0,0,0
43,13,1,0,0,22,27,0,0,0,0,0,0,0,0,0,0,178,0,0,0,103419,11,13,5,0,0,0,0,12,0,0,0,0,0,0,1,1,0,0,0,0,0,0,0,0,0,0,0,0,0,0,0,13,0,0,0,0,0,0,0,0,0,0,0,0,0
44,103985,46,18,27,18,0,0,1,9,0,1,0,2,0,2,0,11,0,0,0,4,0,0,0,0,0,0,0,0,0,0,0,7,0,0,0,0,0,0,0,0,0,0,0,0,0,0,0,9,0,0,0,0,0,0,0,0,0,0,0,0,0,0,0,0,0
45,5,0,11,33,0,0,20,0,0,0,44,0,15,7,104260,28,0,0,0,0,0,0,0,0,0,0,0,0,0,0,42,0,0,0,0,5,0,0,0,0,1,0,1,0,0,0,16,0,0,0,0,0,0,0,0,0,137,0,0,0,0,0,34,0,0,0
46,57,0,0,1,28,0,0,0,23,0,6,0,104813,29,12,2,0,0,1,0,0,0,0,0,0,0,0,0,64,0,0,0,0,0,0,32,0,0,0,0,0,0,2,0,18,0,0,0,0,0,134,0,0,0,0,0,1,0,0,0,31,0,0,0,0,0
47,0,0,0,0,0,0,0,0,0,0,62,0,4,0,0,0,0,0,0,0,0,0,0,0,0,0,1,0,0,0,0,0,0,0,17,0,0,0,1,0,23,0,104953,79,0,0,72,0,0,0,1,0,0,0,0,0,0,0,69,0,1,0,0,2,0,0
48,0,0,0,8,0,0,0,0,31,0,1,0,0,0,0,2,0,0,0,0,0,0,0,0,1,0,0,0,0,0,0,0,208,3,0,0,1,0,0,0,104724,133,98,27,52,0,0,0,1,0,0,0,1,0,0,0,80,1,0,0,2,0,0,0,0,0
49,0,0,2,96,0,0,0,7,0,0,5,101,7,13,42,106423,0,0,0,0,0,0,0,0,0,0,0,0,0,0,0,42,7,0,0,0,0,0,0,0,6,0,0,0,0,0,0,11,0,0,0,0,0,0,0,0,0,0,8,0,0,0,164,13,0,0
50,0,0,0,0,0,0,0,0,18,0,8,0,0,0,0,4,0,0,0,0,0,0,0,0,5,0,0,0,0,0,0,0,16,0,175,0,3,0,0,0,106044,40,21,18,68,0,0,0,0,0,0,1,0,0,0,0,60,0,58,0,3,0,7,0,0,0
51,0,0,0,0,0,0,0,1,0,0,59,23,0,0,0,0,1,0,0,0,0,0,0,0,0,0,0,2,0,0,0,0,0,0,8,7,0,0,0,1,72,70,131,105445,0,0,1,198,0,0,0,0,0,0,0,0,0,0,0,68,0,0,0,13,0,0
52,0,0,0,0,0,0,0,0,0,0,0,1,0,2,0,7,0,0,0,0,0,0,0,0,0,0,0,0,0,0,0,8,0,0,0,0,0,0,0,0,0,0,3,1,0,0,0,46,0,0,0,12,0,0,0,22,0,0,0,45,198,15,13,105623,0,0
53,2,23,1,0,0,14,0,0,2,21,0,0,77,106210,1,18,8,0,0,0,0,0,0,0,0,0,0,0,0,13,0,1,0,0,0,0,0,0,0,0,0,0,0,0,0,5,0,0,0,0,0,59,186,0,0,0,0,0,0,0,9,13,0,1,0,0
54,105838,32,216,7,33,0,0,0,10,0,0,8,12,2,0,0,81,0,0,0,0,0,0,0,0,0,0,0,0,0,0,0,16,0,0,0,0,0,0,0,0,0,0,0,2,0,0,0,7,0,0,0,8,0,0,0,0,0,0,0,0,0,0,0,0,0
55,1,0,16,0,0,0,0,0,3,0,0,60,8,0,0,0,0,0,0,0,0,0,0,0,0,0,0,0,0,0,0,0,106,0,0,0,54,0,0,0,66,0,0,0,111803,9,45,6,197,0,0,0,0,0,0,0,0,0,0,0,15,0,0,0,0,0
56,18,1,58,0,9,0,0,1,112260,49,16,21,44,0,0,1,0,0,2,0,0,0,0,0,33,0,0,0,0,0,0,0,1,208,0,0,0,0,0,0,19,1,0,0,1,0,0,0,10,0,0,0,0,0,0,0,16,0,0,0,0,0,0,0,0,0
57,0,0,40,0,57,0,0,0,1,0,1,206,0,0,0,0,32,0,110361,14,0,0,12,2,0,0,13,2,0,0,4,0,0,10,1,0,0,0,0,0,0,0,0,0,11,0,0,0,0,2,10,2,1,0,0,0,0,0,0,0,0,0,0,0,0,0
58,0,0,0,103,0,0,0,0,0,1,0,12,0,0,209,0,0,1,1,19,0,0,0,0,0,0,0,0,0,0,0,0,0,0,3,28,0,0,0,0,0,0,0,0,66,0,0,0,8,14,15,115593,2,0,0,12,11,0,0,16,0,0,0,10,0,0
59,0,0,19,4,0,0,0,1,1,173,0,0,0,31,12,0,0,0,3,1,0,0,0,0,0,0,0,0,0,0,0,0,105,3,105793,10009,11,0,17,2,0,0,28,2,0,0,18,0,1,0,77,5,0,0,0,0,66,0,0,0,0,0,0,0,0,0
60,2,0,69,0,0,0,0,0,196,12,0,0,2,1,0,0,15,0,112967,28,0,0,10,2,4,0,24,0,0,0,11,0,0,0,6,11,61,0,0,0,0,0,0,0,0,0,0,0,0,0,23,0,5,0,0,0,0,0,0,0,0,0,0,0,0,0
61,16,5,0,0,22,0,0,0,40,0,0,0,113211,23,19,15,0,0,1,0,0,0,0,0,0,0,0,0,27,0,0,0,0,0,0,63,0,0,0,0,0,0,0,0,7,0,0,0,0,28,165,1,0,0,0,2,0,0,0,0,20,0,0,0,0,0
62,0,6,0,1,165,0,0,5,60,1,0,0,1,5,0,0,0,5,0,11,0,0,0,4,0,1,0,0,7,9570,0,0,32,102898,2,20,1,37,2,0,0,13,0,0,0,34,0,0,0,35,12,0,32,0,0,0,0,0,0,0,0,2,0,0,0,0
63,33,0,0,0,23,0,0,0,44,0,0,0,113818,13,14,7,0,0,0,65,0,0,0,0,0,0,0,0,11,0,1,0,0,3,0,0,0,0,0,0,0,0,0,0,78,0,0,0,0,0,190,0,1,0,0,0,0,0,1,0,14,1,0,0,0,0
64,200,0,0,11,0,0,0,0,56,0,0,0,3,0,0,0,5,0,0,0,0,0,0,0,0,0,0,0,0,0,0,0,113751,28,22,3,50,1,0,0,13,0,0,0,19,0,0,0,57,0,12,0,0,0,0,1,0,0,1,0,0,0,0,0,0,0
65,12,18,2,54,1,9,0,1,1,62,1,1,67,111972,2,14,0,0,0,0,0,0,0,0,0,0,0,0,0,29,11,0,1,0,0,0,0,0,0,0,0,0,0,0,0,9,1,0,0,0,0,0,0,0,0,182,0,0,0,0,0,7,0,0,0,0
66,0,0,0,0,0,0,0,0,0,1,0,3,0,1,0,0,0,0,0,0,0,0,0,0,0,2,0,24,2,0,52,0,0,1,0,0,0,0,26,0,0,2,5,13,0,0,155,0,1,3,0,21,0,0,0,10,38,10865,43,100630,0,3,1,22,0,0
67,0,0,0,0,13,0,0,0,21,1,0,0,1,0,0,0,0,0,0,0,0,0,0,0,6,0,5,0,0,0,0,0,15,185,0,0,6,0,1,0,110992,45,28,33,34,1,8,0,0,0,2,0,0,0,0,0,75,0,47,1,0,0,0,0,0,0
68,5,0,3,51,47,0,0,0,0,0,0,0,176,0,0,0,9,10,11,111548,0,0,0,17,0,0,0,10,0,0,0,10,0,9,0,1,0,0,0,0,1,0,0,0,2,0,0,0,14,0,0,22,0,0,0,0,0,0,0,0,0,0,0,0,0,0
69,111561,36,202,4,12,0,0,0,16,13,1,0,16,0,0,0,18,1,2,1,0,0,0,0,0,0,0,0,1,0,0,0,9,0,0,0,0,0,0,0,0,0,0,0,0,0,0,0,48,0,0,0,0,0,0,0,0,0,0,0,0,0,0,0,0,0
70,1,0,10,0,0,0,0,8,0,46,0,1,0,0,0,0,0,0,0,0,0,0,0,3,0,0,0,0,185,0,0,0,1,0,2,57,10,11,21,117451,0,0,0,2,1,0,0,6,12,1,0,2,0,0,0,42,0,0,0,0,0,0,0,0,0,0
71,104936,36,210,11,22,0,0,0,4,0,12,1,13539,1,0,0,11,0,0,0,0,0,0,0,0,0,0,0,11,2,0,0,17,0,0,0,0,0,0,1,0,0,0,0,1,0,0,0,42,0,23,5,0,0,0,0,0,0,0,0,0,0,0,0,0,0
72,1,0,8,0,0,0,0,0,0,0,46,11,0,0,0,1,0,0,1,0,0,0,0,0,0,0,0,0,0,0,0,0,1,0,1,21,0,0,0,4,512,127,121,117926,194,1,0,42,0,12,3,0,0,0,0,0,0,0,0,50,0,0,0,0,0,0
73,81,2,0,0,117173,36,12,7,4,0,0,13,18,0,0,0,1,0,192,1,17,0,0,0,0,0,0,0,0,0,0,0,0,2,0,0,18,0,0,0,0,0,0,1,9,0,0,0,0,46,0,1,24,0,0,0,0,0,0,0,0,0,0,0,0,0
74,0,0,0,0,0,0,0,0,0,0,1,43,9,0,0,9,0,0,9,0,0,0,0,0,0,0,0,0,6,0,0,0,137,0,0,0,40,0,0,0,38,0,0,1,130315,30,11,46,1,0,1,190,0,0,0,0,0,0,0,0,10,0,0,0,0,0
75,0,0,0,0,0,1,0,0,1,0,0,8,18,0,0,42,0,2,0,0,0,0,0,0,0,0,0,0,9,0,0,0,0,0,0,0,0,0,0,0,0,0,0,0,56,0,0,0,20,0,222,9,16,0,0,1,30,0,0,0,130645,18,7,9,0,0
76,0,0,0,0,0,0,0,0,0,0,8,42,13,0,0,0,0,0,0,0,0,0,0,0,0,0,0,0,1,0,2,0,126,1,3,0,40,0,0,0,30,0,0,0,130237,19,23,10,1,1,209,0,0,0,0,0,0,0,0,0,24,2,0,0,0,0
77,0,0,0,0,0,9,0,0,10,0,38,0,0,0,0,0,0,0,0,0,0,0,0,1,8,0,0,0,1,0,0,0,31,228,0,2,8,0,0,1,123457,36,27,80,81,0,0,0,0,0,5,0,2,0,0,0,97,0,0,0,0,1,0,0,0,0
78,0,0,0,0,3,38,0,72,0,0,0,0,0,0,0,0,0,2,0,162,13,26,11,131559,0,0,0,1,232,1,1,6,0,5,0,0,0,0,0,3,0,0,0,0,0,0,0,0,0,8,0,0,0,0,0,14,0,0,0,1,0,0,0,0,0,0
79,66,1,0,0,132144,59,51,124,2,0,0,0,20,0,0,0,2,226,0,0,18,3,0,2,0,0,0,0,5,0,1,0,0,0,0,0,27,0,0,0,0,0,0,0,0,0,0,0,2,40,0,0,24,0,0,1,0,0,0,0,0,0,0,0,0,0
80,1,0,0,0,0,39,0,59,0,0,0,0,0,0,0,0,0,9,0,98,15,20,11,126909,0,0,0,3,0,0,215,10,0,0,0,0,0,0,0,1,0,0,0,0,0,1,0,0,0,0,0,0,1,0,0,19,0,0,0,8,0,0,2,0,0,0
81,0,1,0,1,1,0,0,0,0,0,0,0,0,37,0,0,8,0,0,0,0,0,0,0,0,0,0,0,0,2,8,0,2,22,0,0,1,21,0,0,0,28,0,1,140,127929,6,23,0,0,0,0,210,0,0,0,0,0,0,40,0,35,0,0,0,0
82,78,127867,3,13,213,57,0,0,0,21,0,0,1,44,0,0,40,42,0,7,1,2,0,0,0,0,0,0,0,0,0,0,2,31,0,0,0,0,0,0,0,0,0,0,0,0,0,0,1,13,0,0,8,0,0,0,0,0,1,0,0,0,0,0,0,0
83,7,0,1,7,16,0,0,0,15,0,0,0,129004,61,16,13,0,0,0,40,1,0,0,0,0,0,0,0,44,3,0,1,0,0,0,0,0,0,0,0,0,0,0,0,8,0,0,0,207,0,0,0,0,0,0,0,0,0,0,0,9,0,1,1,0,0
84,1,0,0,51,0,0,0,13,0,0,0,48,17,15,18,129679,0,0,0,0,0,0,0,0,0,0,0,0,0,0,0,81,1,0,0,0,0,0,0,0,1,0,0,0,0,0,0,13,8,0,0,0,0,0,0,0,0,0,7,2,0,0,218,10,0,0
85,0,0,7,0,0,0,0,0,33,0,0,0,0,0,0,0,0,0,0,0,0,0,0,0,10,0,0,0,0,0,0,0,244,0,0,0,6,0,0,0,128950,48,25,16,71,0,0,1,1,0,0,0,0,0,0,1,95,0,38,1,1,0,8,0,0,0
86,18,0,40,2,5,0,0,0,131494,55,14,25,57,2,0,0,0,0,0,0,0,0,0,0,50,2,0,0,0,2,0,0,227,0,0,0,0,0,0,0,25,0,0,0,0,0,0,1,0,0,0,0,0,0,0,0,7,0,0,1,0,0,0,0,0,0
87,44,14,54,131657,0,0,0,50,2,0,0,17,0,218,1,17,0,0,0,33,0,0,0,3,0,0,0,0,0,0,2,0,8,1,0,49,0,0,0,0,0,0,0,0,0,0,0,0,0,0,0,80,0,0,0,6,0,0,0,1,0,0,0,0,0,0
88,0,0,0,0,0,0,0,0,0,0,0,0,0,8,89,0,0,0,71,0,1,0,11,0,0,0,25,0,37,3,132076,31,0,0,0,0,0,0,0,0,0,0,0,0,0,0,6,6,0,0,0,0,1,0,0,37,1,0,1,211,0,0,16,0,0,0
89,0,0,0,0,0,0,0,2,0,0,0,0,0,0,66,0,0,0,0,0,0,0,0,0,0,0,0,0,0,1,21,0,0,6,0,1,0,0,0,0,0,0,0,0,0,0,49,39,0,0,7,0,0,0,46,0,211,0,9,9,31,6,131985,101,0,0
90,0,0,1,74,13,13,22,132871,1,0,0,2,0,0,0,15,0,0,2,1,0,0,0,48,0,0,0,0,1,205,0,0,0,37,0,0,2,0,0,40,0,0,0,0,0,0,0,0,0,0,0,1,6,0,0,34,8,0,1,0,0,0,0,0,0,0
91,0,0,163,0,0,0,0,0,200,0,0,0,0,0,0,2,30,2,133372,40,0,0,31,0,0,0,33,0,0,8,18,2,0,0,3,7,0,0,0,0,0,0,0,0,0,0,0,0,0,0,180,0,36,0,0,0,0,0,0,0,0,0,2,0,0,0
92,0,0,0,11,0,0,0,28,6,0,0,49,16,27,40,134301,0,1,0,0,0,0,0,0,0,0,0,0,0,0,0,91,0,0,0,36,0,0,0,0,0,0,0,2,0,0,0,10,2,0,0,0,0,0,0,0,0,0,5,0,0,0,190,17,0,0
93,0,0,0,0,0,0,0,0,5,1,0,24,0,0,0,2,0,0,0,0,0,1,0,0,0,1,0,1,0,0,0,0,0,2,2,19,1,0,0,30,98,14997,41,119256,0,7,0,215,0,0,0,0,0,0,0,0,0,5,36,74,0,1,10,3,0,0
94,1,0,0,0,0,0,0,2,0,9,0,1,0,0,0,0,0,4,0,0,0,1,0,0,0,27,0,0,0,0,1,1,0,0,0,0,193,0,1,1,0,21,0,0,0,1,0,3,0,21,0,0,0,8,0,0,71,132403,4,40,0,49,30,0,0,0
95,0,0,0,28,20,13,29,131783,0,0,0,2,0,0,0,7,0,29,0,0,2,1,0,37,0,0,0,0,0,0,0,187,0,0,0,0,5,0,0,46,0,0,0,0,0,0,0,0,1,0,0,0,0,0,0,30,0,11,0,0,2,0,0,4,0,0
96,4,0,0,2,0,0,0,11,0,0,0,0,21,0,0,1,0,0,0,0,0,1,0,0,0,0,0,0,26,0,0,5,0,0,0,0,0,0,0,0,0,0,0,0,33,0,0,0,210,0,0,0,14,0,0,0,16,0,0,0,132989,35,14,33,0,0
97,48,17,99,132815,0,0,0,97,0,0,0,15,0,0,0,202,0,0,0,51,0,1,0,2,0,0,0,0,0,0,0,0,0,0,0,14,0,0,0,0,0,0,0,1,0,1,0,0,4,0,0,9,0,0,0,0,0,0,0,0,11,1,0,6,0,0
98,0,0,0,11,0,0,0,0,0,0,0,0,1,0,1,15,0,0,0,0,1,3,0,0,0,0,0,0,1,0,0,25,0,0,0,0,0,0,0,0,0,0,0,0,1,0,0,47,0,0,0,18,0,6,0,20,0,0,0,62,70,232,42,133398,0,0
99,2,0,0,0,1,157,0,0,0,0,0,0,0,0,0,2,1,178,0,6,463,133292,4,18,0,4,0,0,0,38,0,0,0,1,0,0,0,6,0,0,0,0,0,0,0,0,0,0,0,0,0,0,0,42,0,0,0,0,0,0,1,4,1,11,0,0
100,1,0,0,20,0,2,0,13,0,0,1,60,24,19,67,134983,0,0,0,32,4,14,0,0,0,0,0,0,0,0,0,32,0,0,0,0,0,0,0,0,0,0,0,0,0,1,0,14,0,0,6,0,0,0,0,0,0,0,0,0,207,0,0,16,0,0
101,0,0,0,25,0,0,0,2,80,34,59,134345,1,0,1,57,0,0,0,0,0,1,0,2,0,0,0,34,1,0,1,0,0,0,0,0,0,0,0,0,0,1,0,7,0,208,0,0,0,0,30,1,0,6,0,0,0,0,0,9,4,0,0,0,0,0
102,0,0,0,3,0,0,0,120,0,0,0,13,0,0,0,2,0,0,1,157,12,13,27,136604,0,0,0,4,208,0,0,17,0,0,0,0,0,0,0,1,0,0,0,0,0,4,0,0,0,1,0,6,0,31,0,8,0,0,0,0,1,0,1,0,0,0
103,1,0,0,40,0,0,0,18,0,0,1,94,21,21,41,146136,0,0,1,0,0,0,0,13,0,0,0,0,4,0,0,18,2,0,0,1,0,0,0,0,0,0,0,0,0,0,0,10,0,0,0,36,0,0,1,0,5,0,0,0,0,0,207,12,0,0
104,242,4,28,0,0,0,0,2,25,0,0,0,0,0,0,13,3,0,0,0,0,0,0,0,0,0,0,0,0,0,1,0,126223,80,16992,26,37,2,16,1,6,0,1,0,13,0,1,0,77,0,8,0,0,0,0,0,37,0,0,0,0,0,4,0,0,0
105,3,31,0,31,16,26,57,139171,0,0,0,3,0,0,0,3,0,0,0,0,0,0,0,102,0,0,0,0,0,0,194,0,13,7,0,0,0,0,0,24,0,0,0,0,2,0,0,0,0,1,0,0,0,0,0,30,0,0,0,5,0,0,0,0,0,0
106,0,0,0,0,0,6,0,13,1,0,0,0,28,0,0,0,0,0,1,0,1,0,0,0,0,0,0,0,2,0,3,0,65,2,0,0,29,0,0,2,27,0,0,0,138294,29,45,32,1,194,0,0,0,0,0,0,0,0,0,33,29,0,0,0,0,0
107,3,0,0,0,83,33,0,0,0,1,0,6,0,0,0,0,193,0,192,0,135844,27,20,7,9,0,0,0,20,0,0,0,0,0,0,0,2,0,0,0,0,0,0,0,12,0,0,0,1,3,0,0,24,0,0,0,0,0,0,0,0,0,0,0,0,0
108,8,0,0,1,0,0,0,0,0,0,0,34,8,0,0,0,0,0,4,0,11,0,0,0,0,0,0,0,5,0,0,0,77,0,0,0,38,0,0,0,36,0,0,0,136061,45,4,17,187,1,0,0,0,0,0,0,0,0,0,0,22,0,0,1,0,0
109,134884,104,18,226,123,0,0,0,11,0,0,0,8,0,0,6,96,5,0,0,0,0,0,0,0,0,0,0,0,0,0,0,20,0,0,0,0,0,0,0,0,0,0,0,11,0,0,0,8,0,0,0,0,0,0,0,0,0,0,0,1,0,0,0,0,0
110,17,0,1,3,0,0,0,0,0,1,0,0,19,0,0,35,0,0,0,0,0,0,0,0,0,0,0,0,16,0,0,0,0,0,0,0,0,0,0,0,1,0,0,0,108,0,0,0,228,0,0,0,7,0,0,0,50,0,1,0,136067,19,13,10,0,0
111,60,9,135376,59,2,0,37,1,0,212,31,0,0,0,8,1,0,1,49,0,1,0,0,0,0,0,0,0,0,0,0,0,0,0,8,0,0,5,0,0,0,0,0,0,0,0,0,0,2,0,2,0,0,0,0,0,0,0,0,0,11,0,0,0,0,0
112,2,0,12,0,176,1,0,0,0,2,5,0,0,0,0,0,242,0,209,0,134691,25,32,14,4,0,0,0,35,0,0,0,1,0,0,0,10,33,0,0,1,0,0,0,0,1,0,0,0,0,0,0,25,0,0,0,0,0,0,0,0,0,0,0,0,0
113,0,0,0,6,0,0,0,0,28,0,31,0,0,0,0,0,1,0,2,0,10,0,0,0,2,0,0,0,0,0,0,0,236,0,0,0,5,0,0,0,137612,143,24,19,64,1,0,0,0,0,0,0,0,0,0,0,74,0,1,0,2,0,0,0,0,0
114,0,0,35,35,0,0,12,0,0,0,47,0,29,5,134754,75,0,0,0,0,0,0,0,0,0,0,0,0,0,0,59,1,2,0,0,0,0,0,0,0,15,0,0,0,0,0,11,0,0,0,0,0,0,0,0,0,0,0,188,0,0,0,5,0,0,0
115,0,0,1,19,0,0,0,0,0,0,0,0,1,0,189,0,0,0,0,2,0,0,0,0,0,0,0,0,0,0,0,0,41,21,19,134369,0,0,0,92,33,0,0,16,0,1,0,26,0,0,0,39,0,0,0,2,1,0,7,0,0,0,0,0,0,0
116,0,1,0,0,0,0,0,0,0,3,0,28,0,0,2,0,1,0,0,0,0,2,0,0,0,1,0,3,0,0,0,0,0,5,0,30,0,25,0,4,87,14267,52,116695,1,177,0,51,0,1,0,0,0,2,0,0,0,11,26,70,0,0,0,2,0,0
117,7,0,1,0,229,0,1,0,0,0,0,0,1,0,0,0,367,6,0,0,136102,88,23,19,1,0,0,0,34,0,0,0,0,0,0,0,3,0,0,0,0,0,0,8,0,2,0,1,0,0,0,0,22,21,0,0,0,0,0,0,0,0,0,0,0,0
118,137075,60,328,8,91,0,0,0,17,0,0,20,39,0,0,0,73,0,0,0,9,1,0,0,0,0,0,0,0,0,0,0,15,0,0,0,0,0,0,0,0,0,0,0,0,0,0,0,8,0,0,0,0,0,0,0,1,0,0,0,1,0,0,0,0,0
119,9,1,2,0,0,0,0,0,0,0,0,24,0,0,16,1,0,0,0,0,0,0,0,0,0,0,0,0,0,0,2,0,5,0,236,8,0,0,119,6,17,0,105,13,26,11,120111,17945,15,0,0,0,0,0,0,0,183,0,0,0,87,0,18,7,0,0
120,138664,400,27,15,76,1,0,0,28,0,0,0,5,0,0,0,26,0,0,0,1,0,0,0,0,0,0,0,0,0,1,0,33,0,0,0,0,0,0,0,0,0,0,0,0,0,8,0,72,0,0,0,0,0,0,0,2,0,0,0,0,0,0,0,0,0
121,54,2,0,275,25,0,0,0,0,0,0,0,0,0,19,0,134001,58,8,25,56,1,0,3,16,0,0,0,14,0,0,0,1,0,0,0,0,0,0,0,0,1,0,0,0,0,0,0,13,0,0,0,1,0,0,0,0,0,0,0,0,0,0,0,0,0
122,0,0,0,2,0,0,0,0,0,0,39,0,0,0,28,0,5,0,0,1,0,0,0,0,0,0,14,0,0,0,0,0,0,0,0,0,0,19,0,0,0,281,39,0,0,0,0,0,0,0,30,0,0,0,1,0,44,6,132432,88,0,0,99,3,0,0
123,3,0,0,0,269,0,0,0,0,0,0,0,0,0,0,19,299,3,0,282,133742,23,41,10,4,0,0,0,25,0,0,0,0,0,0,0,14,28,0,0,0,2,0,0,0,0,0,0,0,0,0,0,51,0,0,0,1,0,5,0,0,0,0,0,0,0
124,0,0,0,0,0,0,0,0,0,0,0,0,0,0,41,27,0,0,1,2,5,0,0,0,0,0,0,0,0,0,14,0,0,19,0,0,0,0,0,0,0,0,2,0,0,0,77,0,0,0,23,0,0,0,24,0,278,0,25,0,38,2,134744,63,0,0
125,199,1,2,1,132449,52,26,2,25,0,0,0,23,0,0,0,6,0,268,0,87,1,0,0,0,0,0,0,0,0,0,0,0,27,0,0,28,0,0,0,0,0,0,0,0,0,0,0,1,0,0,0,34,0,0,0,1,0,0,0,0,0,5,1,0,0
126,15,0,272,0,5,0,0,0,46,0,0,0,0,0,0,0,2,0,1,0,0,0,0,0,0,0,0,0,0,0,0,0,132981,84,22,15,111,0,0,0,15,0,0,0,14,0,0,0,39,0,0,0,0,1,0,0,0,0,0,0,0,0,0,0,0,0
127,318,0,1,0,0,0,0,0,27,0,0,0,0,0,0,0,0,0,0,0,0,0,0,0,0,0,0,0,0,0,0,0,136109,47,43,2,96,0,0,0,23,0,0,0,15,0,0,0,40,1,0,0,0,0,0,0,0,0,0,0,0,0,0,0,0,0
128,138024,58,9,34,68,1,0,0,22,0,0,0,15,0,1,0,35,0,0,0,0,1,0,0,0,0,0,0,0,0,0,0,26,0,0,0,0,0,0,0,0,0,0,0,0,0,0,0,3,0,0,0,0,0,0,0,0,0,0,0,0,0,0,0,0,0
129,72,0,0,44,9,0,0,0,92,0,0,0,138211,25,10,3,0,0,0,0,0,0,0,0,0,0,0,0,54,1,0,0,0,0,0,0,0,0,0,0,0,0,0,0,19,0,0,0,308,0,0,0,0,0,0,0,0,0,0,0,13,0,0,0,0,0
130,138001,46,351,2,56,0,0,0,23,20,0,0,19,0,0,0,37,2,1,0,0,1,0,0,0,0,0,0,0,0,0,0,13,0,0,0,0,0,0,0,0,0,0,0,0,0,0,0,37,0,0,0,0,0,0,0,0,0,0,0,0,0,0,0,0,0
131,5,0,3,0,55,1,0,0,0,41,0,0,0,0,0,20,1,0,1,310,4,0,0,1,0,0,0,0,0,0,0,0,140,0,0,0,137314,18,11,23,3,0,0,0,11,0,0,0,0,0,0,0,48,3,0,0,0,0,0,0,0,0,0,0,0,0
132,1,0,0,0,0,0,0,0,1,0,0,21,45,0,0,42,0,0,0,3,0,0,0,0,0,0,0,0,21,0,0,0,0,0,0,0,5,0,0,0,3,0,0,0,118,0,0,0,51,0,315,0,14,0,0,0,107,0,0,0,137670,12,18,7,0,0
133,0,0,1,0,13,0,1,0,23,0,0,42,31,0,0,0,0,0,0,0,1,0,0,0,0,0,0,0,3,0,0,0,270,1,4,0,75,0,0,0,108,0,0,0,139553,12,13,4,0,0,317,1,0,0,0,0,1,0,0,0,23,1,0,0,0,0
134,343,1,0,21,1,0,0,0,40,0,0,0,0,0,0,0,2,0,0,0,0,0,0,0,0,0,0,0,0,0,0,0,138650,44,8,3,37,1,0,3,9,0,0,0,17,0,0,0,46,0,3,0,1,0,0,0,0,0,0,0,0,0,0,0,0,0
135,3,0,2,122,0,0,1,34,0,0,5,423,58,39,297,137867,0,0,0,0,0,0,0,0,0,0,0,0,0,0,0,80,4,0,0,0,0,0,0,0,0,0,0,0,0,0,0,20,0,0,0,0,0,0,0,0,0,0,0,0,1,0,21,321,0,0
136,0,0,0,0,0,0,0,0,0,0,0,61,0,0,0,4,0,0,0,0,0,0,0,0,0,0,0,23,0,0,0,0,0,0,0,0,0,0,0,0,0,0,2,58,309,0,0,0,0,21,0,25,0,0,0,4,244,41,75,137089,0,0,38,28,0,0
137,154,2,0,0,137606,28,35,13,28,0,0,0,12,0,0,0,0,0,298,0,45,0,0,0,0,0,0,0,0,0,0,0,0,0,5,9,43,0,0,0,0,0,0,0,3,0,0,0,0,34,0,0,16,1,0,0,0,0,0,3,0,0,0,0,0,0
138,322,0,6,20,5,0,0,0,34,0,0,0,0,0,0,0,3,0,3,0,0,0,0,0,0,0,0,0,0,0,0,0,137733,72,59,10,60,0,0,0,38,0,0,0,8,0,0,0,42,0,0,0,0,0,0,0,0,0,0,0,0,0,0,0,0,0
139,3,0,91,33,0,0,23,1,0,0,63,0,44,5,138092,86,0,0,0,0,0,0,0,0,0,0,1,0,0,0,58,0,3,0,0,0,0,0,0,0,19,0,0,0,0,0,14,0,0,0,0,0,0,0,0,0,0,0,289,0,0,0,15,0,0,0
140,341,0,0,0,0,0,0,0,0,0,0,0,0,0,2,0,6,0,0,0,0,0,0,0,0,0,0,0,0,0,0,0,137991,80,28,8,75,0,0,1,74,0,0,0,14,0,0,0,63,0,0,0,0,0,0,0,0,0,3,0,0,0,0,0,0,0
141,84,2,133761,83,2,0,46,0,0,0,325,0,0,0,9,0,0,0,57,0,0,0,0,0,0,0,0,0,0,0,0,0,2,0,27,0,0,0,0,0,17,0,0,0,0,0,0,0,0,0,3,0,0,0,0,0,0,0,0,0,0,0,0,0,0,0
142,92,0,295,0,2,0,0,0,0,0,19,0,0,0,0,0,8,0,1,0,0,0,0,0,0,0,0,0,0,0,0,0,132771,30,39,4,30,0,0,0,56,0,0,0,19,0,0,0,40,0,0,0,0,0,0,0,0,0,0,0,0,0,0,0,0,0
143,16,0,4,0,0,0,0,0,54,0,31,0,0,0,0,0,0,0,0,0,0,0,0,0,6,0,0,0,1,0,0,0,387,0,3,0,5,0,0,0,132261,18,27,14,117,0,0,0,0,0,0,0,0,0,0,0,127,0,0,0,5,0,0,0,0,0
144,132531,30,5,19,23,1,0,2,21,0,0,0,11,0,0,0,30,0,0,0,0,1,0,0,0,0,0,0,0,0,0,0,19,0,0,0,0,0,0,0,1,0,0,0,0,0,0,0,3,0,0,0,0,0,0,0,0,0,0,0,0,0,0,0,0,0
145,5,0,0,86,0,0,0,14,1,0,4,114,27,19,70,131441,0,0,0,0,0,0,0,0,0,0,0,0,0,0,0,35,0,0,0,0,0,0,0,0,1,0,0,0,0,0,0,11,0,0,0,0,0,0,0,0,0,0,0,0,0,17,0,322,0,0
146,20,0,0,0,71,0,0,0,0,0,0,0,0,0,0,1,317,0,0,0,14,0,0,0,0,0,0,0,0,0,0,0,1,0,0,0,148,0,0,0,0,0,0,0,0,0,0,0,291,3,0,0,130338,14,18,3,2,0,0,0,12,33,0,3,0,0
147,132570,27,5,22,58,0,0,0,13,0,0,0,2,0,0,1,38,0,0,0,1,0,0,0,0,0,0,0,0,0,0,0,11,0,0,0,0,0,0,0,0,0,0,0,0,0,0,0,6,0,0,0,1,0,0,0,0,0,0,0,0,0,0,0,0,0
148,4,0,1,81,0,0,0,21,0,0,3,164,82,20,31,131706,0,0,0,0,0,0,0,0,0,0,0,0,0,0,0,43,0,0,0,0,0,0,0,0,0,0,0,0,0,0,0,12,0,0,1,0,1,0,0,0,0,0,18,0,0,0,333,16,0,0
149,1,0,0,0,0,0,0,0,0,1,50,1,0,0,0,1,0,0,0,0,0,0,0,0,0,0,3,0,0,0,0,0,0,0,66,0,0,16,8,0,60,353,130675,55,0,0,134,0,0,0,0,0,0,0,0,0,0,0,104,0,0,0,3,1,0,0
150,0,0,0,5,0,0,1,231,0,0,0,0,0,0,0,1,0,1,0,202,23,39,21,130638,0,0,0,3,0,0,336,16,0,0,0,0,0,33,0,11,0,3,1,1,0,0,0,0,0,0,0,0,0,0,0,46,16,0,0,0,0,0,0,0,0,0
151,62,0,20,0,0,0,0,0,272,0,0,0,0,0,0,0,0,0,5,0,0,0,0,1,0,0,0,0,0,0,3,0,16988,16,116642,42,6,0,17,0,2,0,11,0,0,0,13,0,2,0,55,2,0,0,0,0,35,0,0,0,0,0,0,0,0,0
152,190,31,204,135978,1,1,0,29,3,1,0,16,0,336,0,19,0,0,0,11,0,0,0,1,0,0,0,0,0,0,0,0,28,0,1,95,0,0,0,0,0,0,0,0,0,0,0,0,0,0,0,9,0,15,0,0,0,0,0,0,0,0,0,0,0,0
153,4,0,0,2,123,0,0,0,0,0,0,0,14,5,0,0,353,1,0,308,134767,9,19,15,1,0,0,0,28,0,0,0,0,0,1,0,4,0,0,0,0,0,0,0,0,0,0,0,0,0,0,0,7,38,0,0,0,0,0,0,0,0,0,0,0,0
154,1,35,0,1,305,0,0,0,0,0,0,0,37,1,0,0,13,13,0,5,1,0,0,0,0,0,0,0,0,0,0,0,1,24,0,0,0,0,0,0,0,0,0,0,0,0,0,0,147,137867,2,33,3,21,0,1,1,10,0,0,0,16,0,0,0,0
155,368,42,53,135337,9,0,0,16,0,0,0,17,290,0,1,10,38,0,0,6,1,0,0,0,0,0,0,0,0,0,0,0,0,0,0,11,0,0,0,0,0,0,0,0,0,0,0,0,0,13,0,21,0,1,0,0,0,0,0,0,1,0,0,0,0,0
156,0,1,2,163,108,34,121,131906,2,0,0,6,4,3,1,8,0,1,0,1,0,0,0,18,0,0,0,0,1,278,0,0,0,0,0,0,0,0,0,24,0,0,0,0,0,0,0,0,0,39,0,0,0,12,0,21,0,0,0,0,0,0,0,0,0,0
157,5,0,1,1,193,0,0,1,0,0,0,11,0,0,0,1,280,1,275,0,130090,11,27,4,2,0,0,0,15,7,0,0,0,0,0,0,6,0,0,0,0,0,0,0,0,0,0,0,0,0,0,0,11,34,0,0,0,0,0,0,0,0,0,0,0,0
158,0,0,0,1,0,0,0,1,0,0,0,31,30,0,0,10,0,0,6,0,1,0,0,0,0,0,0,0,2,0,0,0,449,2,0,0,38,0,1,1,45,0,0,0,130559,10,12,8,2,0,0,271,0,0,0,0,0,1,0,0,35,1,0,0,0,0
159,0,0,0,0,0,0,0,0,0,0,0,0,0,0,0,65,0,0,0,1,1,0,0,0,0,0,0,0,0,0,0,11,0,0,0,0,0,0,0,0,0,0,1,0,1,0,1,166,0,0,0,28,0,0,0,15,0,12,1,73,19,15,341,126631,0,0
160,1,0,0,0,0,32,0,0,0,0,0,0,0,0,0,0,1,0,0,11,263,4,0,0,0,0,0,0,0,0,0,0,3,114,0,0,189,125066,2,17,0,6,0,0,1,22,0,0,0,0,0,0,2,52,0,0,0,41,0,0,0,0,7,1,0,0
161,38,0,0,0,13,0,0,0,43,0,0,0,123747,11,12,0,0,0,0,40,7,0,0,0,0,0,0,0,17,1,0,0,1,0,0,0,0,1,0,0,0,0,0,0,25,0,0,0,261,0,0,0,0,0,0,0,0,0,0,0,12,0,0,1,0,0
162,90,0,126107,23,0,0,39,0,283,0,15,0,1,0,1,0,0,0,20,0,0,0,1,0,0,0,0,0,0,0,0,0,13,0,10,0,0,1,0,0,0,0,0,0,0,0,0,0,7,0,4,0,0,0,0,0,0,0,0,0,0,0,0,0,0,0
163,129498,27,86,4,33,1,0,0,23,0,0,0,9,0,0,0,21,0,0,0,0,0,0,0,0,0,0,0,0,0,0,0,59,0,0,0,0,0,0,0,0,0,0,0,1,0,0,0,11,0,0,0,0,0,0,0,0,0,0,0,0,0,0,0,0,0
164,128825,38,341,2,42,0,0,0,65,0,0,0,1,0,0,0,37,0,1,0,0,1,0,0,0,0,0,0,0,0,0,0,13,0,0,0,0,0,0,0,0,0,0,0,0,0,0,0,7,0,0,1,0,0,0,0,0,0,0,0,0,0,0,0,0,0
165,2,29,7,0,290,0,0,0,48,0,0,0,0,0,0,0,0,2,14,0,0,0,0,0,0,0,0,0,0,0,0,0,124,128422,2,14,3,34,0,0,1,21,0,0,0,16,0,0,0,59,0,0,0,0,0,0,0,0,0,0,0,0,0,0,0,0
166,0,0,1,14,7,0,0,1,49,12,74,126181,0,0,1,36,0,0,46,0,0,0,0,0,0,0,0,12,0,0,0,0,0,1,0,0,0,0,0,0,1,0,0,23,285,0,1,0,1,14,0,0,0,0,0,0,0,0,0,7,0,0,0,0,0,0
167,0,0,5,63,61,26,139,133801,0,0,0,5,0,0,1,19,0,0,0,0,1,0,0,26,0,0,0,0,277,0,0,0,0,0,0,0,0,0,0,65,0,0,0,0,7,0,0,0,15,43,0,1,1,0,0,31,0,1,0,0,0,0,0,0,0,0
168,134481,53,42,304,37,1,0,0,8,0,0,0,11,0,11,0,13,0,0,0,0,1,0,0,0,0,0,0,7,0,0,0,14,0,1,0,0,0,0,0,0,0,0,0,0,0,0,0,53,0,0,0,0,0,0,0,0,0,0,0,0,0,0,0,0,0
169,1,0,0,7,0,0,0,0,1,0,40,0,0,0,38,0,0,0,0,0,0,0,0,0,0,0,26,0,0,0,0,0,0,0,11,0,0,0,0,0,266,0,69,0,0,0,3,0,0,0,36,0,1,0,1,5,56,1,127515,60,0,1,84,2,0,0
170,90,0,0,0,0,0,0,0,127669,39,19,31,70,0,0,1,0,0,0,0,0,0,0,0,20,0,0,0,0,0,0,0,279,1,43,0,0,0,0,0,13,0,0,0,0,0,1,0,0,0,0,0,0,0,0,0,43,0,0,0,0,0,0,0,0,0
171,127686,49,17,304,49,0,0,0,17,0,0,1,11,0,0,11,56,0,0,0,1,0,0,0,0,0,0,0,0,0,0,0,28,0,0,0,0,0,0,0,0,0,0,0,0,0,0,0,12,0,0,0,0,0,0,0,0,0,0,0,0,0,0,0,0,0
172,0,0,0,7,0,0,0,0,1,0,0,12,28,0,0,47,0,0,0,0,0,0,0,0,0,0,0,0,17,0,0,0,0,0,0,0,0,0,0,0,3,0,0,0,217,0,1,0,26,0,276,1,32,0,0,0,81,0,0,1,128187,12,7,5,0,0
173,0,0,0,0,0,0,0,0,13,0,0,47,14,0,0,0,0,0,0,0,0,0,0,0,0,0,0,0,0,0,0,0,202,0,3,0,35,0,0,0,43,0,0,0,127935,3,18,3,1,0,272,0,0,0,0,0,0,0,1,0,27,0,0,1,0,0
174,0,0,0,13,0,0,0,1,47,0,0,0,0,0,0,261,0,0,1,1,0,0,0,0,0,0,0,0,0,0,0,0,47,15,71,126624,0,0,0,40,0,0,0,9,0,0,0,13,0,0,7,45,0,0,0,1,0,0,0,0,0,0,0,12,0,0
175,0,0,0,0,0,0,0,0,1,0,0,0,0,18,0,7,0,0,12,0,1,1,0,0,0,0,0,0,0,38,0,0,0,0,0,0,0,0,0,0,4,0,1,0,0,119,0,0,0,38,0,0,257,21,1,0,1,103,1,0,116,127155,7,62,0,0
176,48,0,4,0,2,0,0,1,128027,14,21,11,63,0,0,0,0,0,45,0,0,0,0,0,1,0,0,0,0,0,0,0,0,0,251,0,0,0,0,0,43,0,0,0,0,0,0,0,0,0,0,0,7,0,0,0,6,0,0,0,0,0,0,0,0,0
177,52,245,0,0,0,0,0,14,45,0,0,0,0,0,0,0,3,0,0,0,0,0,0,0,0,0,0,0,0,0,0,0,127443,36,50,15,23,0,0,0,9,0,0,0,6,0,0,0,50,0,0,0,0,0,0,0,0,0,0,0,0,0,0,0,0,0
178,0,9,0,1,0,0,0,44,0,0,4,0,2,0,0,74,0,0,0,42,0,2,0,14,1,0,0,98,41,21,18,131888,0,0,0,0,0,0,0,0,0,0,0,0,0,0,0,2,15,0,0,1,0,0,0,0,0,0,0,0,239,0,0,5,0,0
179,25,21,65,135501,0,0,0,22,1,0,0,13,238,0,0,15,0,0,0,9,0,0,0,0,0,0,0,0,0,0,0,0,0,0,2,15,0,0,0,0,0,0,0,0,0,0,0,0,58,0,0,18,0,0,0,0,0,0,0,0,9,0,0,0,0,0
180,61,5,134800,67,1,0,15,2,229,0,20,0,9,0,6,0,0,0,7,0,0,0,0,0,0,0,0,0,0,0,0,0,1,0,65,0,0,0,0,0,0,0,0,0,0,0,0,0,44,0,7,0,0,0,0,0,0,0,0,0,0,0,0,0,0,0
181,72,16,0,0,2,0,0,0,129088,16,8,16,64,0,1,0,0,0,0,0,1,1,0,0,9,0,0,0,0,0,0,0,229,0,42,0,0,0,0,0,27,0,0,0,0,0,0,0,0,0,0,0,0,0,0,2,7,0,0,0,0,0,0,0,0,0
182,7,113,1,11,213,114749,60,16929,1,1,0,0,0,2,0,2,0,0,0,0,14,225,0,3,0,0,0,0,0,42,0,0,11,0,0,0,1,75,0,5,0,0,2,0,0,0,0,0,0,0,0,0,3,38,0,10,0,0,0,0,0,0,0,0,0,0
183,276,0,227,0,1,0,0,1,15,0,1,0,0,0,0,0,132992,24,19,2,37,12,0,0,13,0,0,0,53,1,0,1,5,0,0,0,0,0,0,0,0,0,0,0,0,0,0,0,22,0,0,0,7,0,0,0,0,0,0,0,0,0,0,0,0,0
184,0,41,11,2,0,0,0,178,38,0,0,0,0,0,0,35,0,0,0,0,0,0,0,0,0,0,0,0,0,0,1,12,68,114588,15,15376,0,40,0,16,0,29,0,2,0,35,0,3,0,33,0,2,0,0,0,0,0,0,0,0,0,2,0,3,0,0
185,0,1,0,2,0,0,0,10,0,0,0,0,0,32,0,1,0,0,0,0,0,0,0,0,0,0,0,0,0,17,17,30,0,0,0,0,0,0,0,0,1,0,0,0,0,135,0,0,0,78,0,0,0,17,0,216,0,137,1,1,102,128040,2,22,0,0
186,0,0,0,0,0,0,0,0,0,0,26,1,0,0,0,0,0,0,0,0,0,0,0,0,0,0,21,0,0,0,36,0,1,0,0,0,0,0,1,0,19,0,235,0,0,0,1,0,0,0,44,0,0,0,3,10,31,5,128405,103,0,0,93,0,0,0
187,22,0,214,0,0,0,0,0,0,0,2,20,0,0,0,0,4,0,0,0,0,0,0,0,0,0,0,0,0,0,0,0,125600,31,29,3,50,2,0,0,53,0,10,0,16,0,0,1,53,0,0,0,1,0,0,0,0,0,0,0,0,0,0,0,0,0
188,0,0,10,0,0,0,0,0,0,0,0,36,0,0,0,14,1,0,0,0,0,0,0,0,0,0,0,0,0,0,0,0,0,0,0,63,1,0,0,36,0,0,0,77,26,28,86,126237,0,2,0,0,20,0,0,0,0,0,0,0,1,211,0,13,0,0
189,120,1,0,218,0,0,0,0,0,0,1,0,0,0,0,20,127717,34,17,13,8,1,0,0,21,0,0,0,3,0,0,0,3,0,0,0,0,0,0,0,0,0,0,0,0,0,0,0,14,1,0,0,36,0,0,0,0,0,0,0,1,10,0,0,0,0
190,0,0,1,10,0,0,0,0,0,0,21,0,36,2,0,34,0,1,1,1,0,0,0,0,0,0,0,0,12,0,0,0,0,0,0,0,2,0,0,0,1,0,0,0,91,0,0,0,28,0,232,0,11,0,0,0,51,0,0,0,127952,8,17,6,0,0
191,0,0,0,3,0,1,0,0,6,45,34,0,1,1,0,0,0,0,0,17,0,0,2,0,1,6,0,0,0,0,0,0,48,23,1,0,182,8,0,0,15731,115976,10,19,9,45,0,0,0,2,10,0,0,1,0,0,13,56,0,0,0,1,0,0,0,0
192,14,3,0,9,15,20,0,0,34,0,0,0,131831,38,73,63,0,2,2,25,1,0,1,0,0,0,0,0,17,1,0,0,4,0,0,0,6,0,0,0,0,0,0,0,58,0,0,0,0,227,0,0,0,0,0,0,0,0,0,0,6,0,0,0,0,0
193,2,1,0,0,68,33,0,0,0,0,0,0,0,2,0,0,255,224,1,1,131815,23,76,36,2,0,0,0,20,1,0,0,0,0,0,0,5,0,0,0,0,0,0,2,0,0,0,0,0,10,0,0,14,2,0,0,0,0,0,0,0,0,0,0,0,0
194,0,0,2,61,30,0,0,0,0,0,0,0,0,222,0,0,28,39,160,132302,1,0,2,10,0,1,0,17,0,0,0,5,0,0,0,2,0,1,0,0,0,0,0,1,0,0,0,0,2,0,0,10,0,20,0,0,0,0,0,0,0,0,0,0,0,0
195,4,0,0,0,4,79,0,8,0,0,0,0,0,10,0,0,1,155,2,12,255,117992,177,16747,0,21,0,0,0,16,45,1,0,0,0,0,1,5,0,0,0,0,0,0,0,0,0,0,1,1,0,0,0,64,0,5,0,3,0,0,0,0,0,0,0,0
196,1,0,0,0,44,0,0,0,2,0,20,0,0,0,0,0,0,0,210,0,5,0,4,0,0,28,0,0,0,0,4,0,50,1,0,0,135514,40,22,9,9,0,1,2,14,0,0,0,0,0,0,0,31,0,0,0,0,9,0,0,0,0,0,0,0,0
197,2,0,1,0,0,0,0,0,1,0,45,0,0,0,0,0,0,0,6,0,0,0,0,0,0,0,5,0,0,0,0,0,0,0,21,0,0,0,1,0,19,5,133777,245,0,0,61,20,2,0,0,0,0,0,0,0,0,0,93,0,1,0,1,0,0,0
198,24,0,0,2,0,0,0,0,0,0,0,0,78,0,1,0,0,0,1,0,0,0,0,0,0,0,0,0,49,0,0,0,0,0,0,0,0,0,0,0,2,0,0,7,67,0,0,39,237,1,0,0,16,0,0,0,24,0,0,0,135094,20,12,135,0,0
199,136750,83,22,10,38,1,0,0,17,0,0,0,15,0,0,0,29,0,3,1,1,0,0,0,0,0,0,0,0,0,0,0,10,0,0,0,0,0,0,0,0,0,0,1,0,0,0,0,31,1,0,0,0,0,0,0,0,0,0,0,0,0,0,0,0,0
200,99,6,116236,43,20,0,30,2,240,0,19,0,0,0,5,0,4,0,17342,9,5,0,1,0,1,0,1,0,0,0,0,0,24,0,12,0,0,0,0,0,0,0,0,0,0,0,0,0,3,0,10,1,0,0,0,0,0,0,0,0,0,0,0,0,0,0
201,133447,21,9,21,17,0,0,0,14,0,0,0,2,0,0,0,17,0,3,0,0,0,0,0,0,0,0,0,0,0,0,0,118,0,0,0,0,0,0,0,0,0,0,0,0,0,0,0,11,0,0,0,0,0,0,0,0,0,0,0,0,0,0,0,0,0
202,131691,21,38,273,19,0,0,0,17,0,0,0,6,23,0,0,24,0,3,0,1,0,0,0,0,0,0,0,0,0,0,0,12,0,0,0,0,0,0,0,0,0,0,0,0,0,0,0,2,2,0,0,1,0,0,0,0,0,0,0,0,0,0,0,0,0
203,2,0,1,10,49,0,0,0,0,0,1,22,0,100,0,0,0,0,256,0,7,0,0,0,1,0,0,0,0,0,0,0,4,0,0,0,205,0,0,0,1,0,0,0,1,0,0,0,102,1,1,0,132921,10,21,6,4,0,2,0,8,1,0,0,0,0
204,0,22,0,1,1,0,0,0,0,0,0,100,15,0,2,0,0,0,12,0,0,0,0,0,0,0,0,0,0,0,0,0,86,0,1,0,18,0,0,0,74,0,1,1,133952,9,60,4,257,0,0,0,1,0,0,0,2,0,1,0,40,0,0,0,0,0
205,42,100,0,0,136325,12,10,9,6,0,0,22,9,0,1,0,0,0,268,1,24,2,0,0,0,0,0,0,1,0,0,0,0,0,0,0,39,0,0,0,0,0,0,0,2,0,0,0,10,2,0,0,38,0,0,0,0,0,2,0,0,0,0,0,0,0
206,0,0,0,0,1,0,0,21,0,0,0,97,7,0,0,1,0,0,10,0,0,0,0,0,0,0,0,0,5,0,1,0,58,1,0,1,14,0,0,0,105,0,1,1,145878,17,46,36,2,266,0,0,0,0,0,0,4,0,3,0,31,1,0,1,0,0
207,0,0,0,0,0,0,0,96,0,0,0,0,0,0,48,0,0,0,40,0,0,0,29,0,1,0,86,1,36,4,146673,123,0,0,0,1,0,0,0,0,19,0,0,0,2,0,1,0,0,10,0,0,0,0,0,0,0,0,260,0,0,0,11,0,0,0
208,0,0,0,19,0,0,0,0,0,0,0,0,0,0,248,0,0,0,0,8,0,0,0,0,0,0,0,0,0,0,1,0,27,7,31,149650,0,2,0,43,95,0,0,22,0,0,4,12,0,1,0,67,0,0,0,0,0,0,13,19,0,0,0,0,0,0
209,0,0,0,0,0,0,0,0,0,0,0,0,0,0,27,2,0,0,0,1,0,0,0,0,0,0,0,0,0,0,4,0,0,0,101,1,0,0,59,0,0,1,88,1,31,5,141425,123,0,0,0,0,0,0,0,0,0,0,250,98,0,0,50,1,0,0
210,5,0,0,0,0,0,0,0,0,12,0,24,0,0,4,1,0,0,0,0,0,0,0,0,2,0,0,5,0,0,0,0,0,8,0,49,0,3,27,3,141,17516,247,121455,3,7,210,43,0,0,0,0,0,0,0,0,16,7,12,77,0,1,0,3,0,0
211,0,0,0,22,0,0,0,0,0,0,0,0,0,0,248,0,0,0,1,4,0,0,0,0,14,0,0,0,0,0,0,0,8,39,20,138517,1,0,4,34,0,1,0,19,0,0,9,41,0,0,0,87,0,0,0,2,84,19,0,0,0,0,0,1,0,0
212,0,0,0,0,34,0,0,0,0,0,0,0,20,0,13,3,0,0,1,239,9,0,0,0,0,0,0,0,0,0,0,0,43,2,0,1,138318,19,77,16,3,0,0,0,14,1,0,1,0,0,0,1,49,1,0,0,0,98,0,0,0,1,0,0,0,0
213,0,0,0,11,0,0,0,1,0,0,0,0,98,0,0,239,0,0,0,25,0,0,0,1,0,0,0,0,0,0,0,1,0,0,4,15,1,0,0,0,0,0,0,0,0,0,0,0,23,21,78,139741,0,0,0,24,0,0,0,12,1,1,0,30,0,0
214,0,0,0,0,0,0,0,0,0,0,0,0,0,0,0,34,0,0,3,0,0,0,0,1,0,0,0,0,0,0,0,15,0,0,0,0,0,0,0,0,0,0,2,1,0,0,1,58,0,0,1,30,2,0,0,28,0,0,2,124,52,50,91,140636,0,0
215,0,0,0,0,16,0,0,0,0,0,0,21,0,0,1,0,1,0,263,0,18,0,0,0,0,0,0,0,0,0,0,0,1,0,0,0,83,0,0,0,0,0,0,0,0,0,0,2,91,1,1,0,139834,20,33,8,2,0,0,0,15,108,0,14,0,0
216,0,0,1,0,0,0,0,0,0,0,0,101,0,0,1,25,0,0,12,0,0,2,0,3,0,0,0,0,0,0,0,3,0,0,0,77,0,0,0,32,0,0,1,35,64,23,141,139299,0,0,0,0,1,20,1,0,0,1,0,0,0,258,0,28,0,0
217,5,0,1,0,1,137,0,2,0,0,0,0,0,0,0,0,0,212,1,0,236,141272,1,299,0,4,0,1,1,39,0,20,0,0,0,0,0,6,0,0,0,0,0,0,0,0,0,1,0,0,3,0,0,118,0,0,0,0,0,0,2,12,0,0,0,0
218,0,0,0,0,0,0,0,1,21,0,0,0,29,0,3,0,0,0,0,0,0,1,0,13,0,0,0,0,9,0,0,98,0,0,0,2,0,0,0,0,2,0,0,0,71,0,0,0,14,0,269,0,18,0,0,0,55,0,0,0,143856,17,27,9,0,0
219,2,0,3,16,0,0,0,0,96,0,0,0,28,0,231,0,0,0,0,3,0,0,0,0,0,0,0,0,0,0,0,0,47,19,66,148807,0,0,0,40,1,0,0,14,0,0,1,7,3,0,13,50,1,0,0,1,18,0,0,0,2,0,0,0,0,0
220,19615,5,266,2,2,0,0,3,27,0,0,1,11,0,5,0,8,0,0,0,0,2,0,0,0,0,0,0,0,0,0,0,126812,40,16,7,16,2,0,0,39,0,0,0,31,0,0,0,76,0,0,0,0,1,0,0,89,0,0,0,0,0,0,0,0,0
221,0,19,13,0,1,0,0,249,96,0,0,1,0,0,0,0,0,6,0,0,0,0,0,0,0,0,0,0,0,0,0,22,38,145446,3,11,0,64,0,0,1,49,0,0,1,44,0,0,0,55,0,0,3,2,0,0,0,0,0,0,0,2,0,0,0,0
222,0,0,0,0,1,0,0,11,0,0,2,0,0,27,0,0,0,0,22,0,0,0,0,0,0,0,0,0,2,18,1,91,0,2,0,0,0,0,0,0,7,0,0,0,1,155,1,0,0,54,0,0,253,19,0,0,0,172,0,0,90,144224,5,5,0,0
223,0,0,21,0,0,0,2,0,43,2,145620,100,1,0,108,1,0,0,91,1,0,0,0,0,0,0,12,1,0,0,1,0,21,0,0,0,0,0,0,0,249,0,22,0,0,0,0,0,0,0,0,0,11,0,0,0,0,0,66,0,0,1,0,0,0,0
224,38,7,146915,41,3,0,30,0,1,0,19,260,0,0,10,0,0,0,44,1,0,0,3,0,0,0,0,1,0,0,0,0,104,0,14,0,0,0,0,0,15,0,0,0,20,0,0,0,0,2,11,0,0,0,0,0,0,0,0,0,1,0,0,0,0,0
225,0,65,1,10,219,0,0,2,0,0,0,15,34,0,0,0,0,45,0,4,1,0,0,0,0,0,0,0,0,0,3,0,4,38,0,7,0,0,0,0,0,0,0,0,99,0,0,1,35,129651,9,20320,2,28,0,11,0,42,0,6,1,23,0,3,0,0
226,1,0,1,56,39,33,25,148164,0,0,0,2,7,0,0,12,0,88,0,3,1,0,0,25,0,0,0,0,0,0,252,0,0,0,0,0,2,0,0,30,0,0,0,0,0,0,0,0,0,13,0,1,0,0,0,43,0,19,0,0,0,1,0,0,0,0
227,1,0,0,0,27,0,0,1,0,0,0,0,0,0,1,19,0,0,0,229,6,0,0,0,0,0,0,0,1,0,22,0,49,0,0,0,151272,18,116,10,10,0,0,0,16,0,0,0,0,1,0,0,40,0,0,0,0,97,0,0,3,0,0,2,0,0
228,0,0,0,0,0,2,0,0,0,0,0,0,0,0,0,125,0,0,0,22,5,0,0,0,0,0,0,0,1,0,0,19,0,0,0,1,1,0,0,0,0,0,0,0,1,0,3,84,0,19,0,57,0,0,0,18,0,0,1,83,262,31,38,151260,0,0
229,3,37,0,0,145,156100,4,14,0,3,0,0,2,13,0,0,0,0,0,18,225,30,0,0,0,0,0,0,0,0,0,0,0,0,0,0,0,51,0,0,0,0,0,0,1,0,0,0,1,102,0,0,0,38,0,0,0,0,0,0,22,0,0,1,0,0
230,17,0,0,2,19,20,0,0,48,0,0,3,150210,68,125,69,0,0,0,101,22,0,0,2,0,0,0,0,15,3,0,0,0,0,0,0,0,0,0,0,0,0,0,0,15,0,0,0,1,229,4,0,0,0,0,0,0,0,0,0,13,0,0,1,0,0
231,0,0,1,2,1,98,0,41,0,0,0,2,1,0,1,0,0,0,1,92,22,25,60,152010,0,0,0,2,222,1,0,13,0,0,0,0,0,0,0,4,0,0,0,0,5,0,0,0,0,21,19,4,0,0,0,8,0,0,0,0,0,0,0,0,0,0
232,4,0,0,17,0,0,0,3,87,44,66,154663,2,0,1,40,0,0,0,0,0,0,0,1,1,0,0,28,20,0,0,1,0,0,0,0,0,0,0,0,0,0,0,36,232,0,0,0,5,0,94,18,0,0,0,0,0,0,1,8,0,0,0,0,0,0
233,40,2,0,0,28,0,0,0,45,0,0,1,153467,17,29,4,4,1,0,0,0,0,0,0,0,0,0,0,23,1,0,0,0,0,0,0,0,0,0,0,0,0,0,0,37,0,0,0,220,0,0,95,1,0,0,0,0,0,0,0,4,0,0,0,0,0
234,152,153525,1,25,215,53,0,0,0,29,0,0,1,25,5,0,17,35,1,1,0,0,0,0,0,0,0,0,0,0,0,0,0,22,0,0,0,0,0,0,0,0,0,0,0,0,0,0,18,16,0,0,0,0,0,0,4,0,0,0,0,0,0,0,0,0
235,29,30,155,147916,18,0,0,41,4,0,0,34,0,0,222,12,86,0,1,10,0,0,0,1,0,0,0,0,0,0,0,0,0,4,2,9,0,0,0,0,1,0,0,0,0,0,0,0,0,0,0,13,0,0,0,0,17,0,0,0,0,0,0,0,0,0
236,0,0,29,1,3,2,0,0,210,1,0,0,0,0,16,0,0,4,6,0,0,0,0,0,0,0,0,0,0,0,0,0,62,31,147312,74,0,1,38,0,1,0,26,1,0,1,15,0,0,0,77,1,0,0,0,0,83,0,0,0,1,0,0,0,0,0
237,59,0,0,0,145075,59,113,75,20,0,3,0,13,0,0,0,0,204,4,0,29,1,0,0,0,0,0,0,0,0,0,0,0,82,1,1,39,2,1,1,0,0,0,0,0,0,0,0,0,0,0,0,19,0,1,1,0,0,0,0,1,0,0,0,0,0
238,3,0,0,0,81,81,0,0,0,0,16,0,0,0,0,0,189,15,207,0,145161,31,35,23,5,0,1,0,15,0,0,0,0,0,0,4,4,0,0,0,4,0,5,0,0,0,0,0,0,0,0,0,19,0,0,0,0,0,0,0,0,0,0,0,0,0
239,0,0,0,0,0,0,0,0,0,0,104,0,0,1,0,6,0,0,14,0,1,0,0,0,0,0,4,0,0,0,0,0,0,0,26,19,0,0,7,0,244,6,144796,75,0,0,124,0,0,0,3,0,0,0,0,0,0,0,132,2,4,0,0,0,0,0
240,1,0,0,20,0,0,0,22,6,0,4,69,28,27,29,146468,0,0,0,0,0,0,0,0,0,0,0,0,0,0,0,52,0,0,0,83,0,0,0,0,14,0,1,0,0,0,0,15,0,0,19,0,0,0,0,0,0,0,0,0,217,0,0,10,0,0
241,15,0,6,0,2,0,0,0,146361,21,20,27,64,4,0,1,0,0,0,0,0,0,0,0,17,1,0,0,1,0,0,0,0,0,0,226,0,0,0,0,17,0,0,0,0,0,0,0,0,0,75,6,3,0,0,0,14,0,0,0,14,0,0,0,0,0
242,1,0,0,21,0,0,0,0,1,0,0,3,72,217,1,0,6,0,0,15,0,0,0,0,0,0,0,0,0,0,0,0,0,0,5,64,0,0,0,0,0,0,0,0,2,0,0,0,50,13,95,151348,23,0,0,27,0,0,0,23,2,7,0,16,0,0
243,95,0,18,189,4,0,0,1,0,0,0,31,23,14,0,0,132803,40,23137,27,16,2,3,3,29,0,4,0,12,0,0,0,9,0,0,2,0,0,0,0,0,0,0,0,2,0,0,0,13,6,0,1,70,0,0,0,0,0,0,0,0,0,0,0,0,0
244,2,18,0,13,206,0,0,0,0,0,0,9,67,3,2,0,22,27,0,0,0,0,0,0,0,0,0,0,0,0,0,0,2,29,0,0,0,0,0,0,0,1,0,0,10,0,0,0,30,159046,1,17,0,24,0,1,0,99,0,3,0,31,0,0,0,0
245,18,26,61,148917,15,0,0,68,0,0,0,17,0,0,205,26,70,0,0,10,0,0,0,1,0,0,0,0,0,0,0,0,0,0,0,16,0,0,0,3,0,0,0,0,0,0,6,0,0,1,0,5,0,0,0,0,0,2,0,20,0,0,0,0,0,0
246,0,0,0,1,3,0,0,0,0,0,0,0,0,0,42,0,0,0,0,0,0,0,0,0,0,0,0,0,0,0,5,6,0,0,64,0,0,0,37,21,0,0,41,1,19,7,147521,29,0,0,0,0,0,3,0,1,0,201,0,62,0,2,27,1,0,0
247,0,0,0,0,3,0,0,0,0,0,1,0,0,0,4,78,1,3,0,17,6,0,0,21,0,0,3,73,41,40,102,148220,0,0,0,0,0,0,0,62,0,0,0,0,0,0,1,5,0,0,0,0,0,22,0,0,0,13,0,0,1,198,0,16,0,0
248,4,0,0,0,127,0,0,0,0,0,2,0,0,0,0,0,232,216,6,0,149584,28,26,16,6,0,0,0,38,0,0,1,0,0,0,0,6,1,0,0,0,0,3,0,0,0,0,0,0,0,0,0,9,62,0,0,1,3,0,0,0,13,0,0,0,0
249,1,0,33,1,67,0,0,0,0,0,208,0,0,0,3,0,21,13,148721,125,1,0,20,4,0,0,17,0,0,0,24,0,0,0,4,2,0,0,0,0,6,0,20,0,0,0,0,0,0,0,47,0,0,0,0,0,0,0,0,0,0,3,0,0,0,0
250,0,0,0,0,0,0,0,0,44,0,13,0,0,0,19,0,0,3,1,0,0,0,0,0,7,0,0,0,0,0,0,0,20,0,0,217,0,0,0,1,150521,65,97,24,44,0,0,0,0,0,0,0,0,0,0,0,125,0,4,0,0,2,0,0,0,0
251,4,0,2,0,0,0,0,0,0,0,34,0,0,0,66,0,0,0,0,0,0,0,0,0,0,0,18,0,0,0,0,0,18,0,0,16,0,0,0,0,219,0,18,0,0,0,0,0,0,0,30,0,0,0,3,0,30,6,150790,53,0,0,99,2,0,0
252,149488,47,265,10,65,0,0,0,15,0,18,0,10,2,0,0,56,2,0,0,2,1,0,0,0,0,0,0,0,0,0,0,82,0,0,5,0,0,0,0,20,0,0,0,0,0,0,0,9,0,0,0,0,0,0,0,0,0,1,0,0,0,0,0,0,0
253,1,0,16,0,0,2,0,0,10,0,63,0,0,18,0,0,0,2,0,0,0,0,0,0,0,0,0,0,0,0,0,0,30,0,0,238,2,0,0,0,148166,27,20,23,36,0,0,0,0,0,0,0,4,0,0,0,36,1,0,0,0,2,0,0,0,0
254,0,1,3,0,29,18,0,0,0,2,0,0,0,62,0,0,0,235,0,0,28,0,0,0,0,0,0,0,0,0,0,0,4,0,0,16,30,0,0,0,1,0,0,0,0,0,0,0,84,3,0,0,147757,37,61,65,5,0,0,0,17,0,0,0,0,0
255,5,0,0,2,52,62,0,0,0,23,0,0,0,0,0,0,98,16,241,0,149144,9,16,10,5,0,0,0,18,0,0,0,0,0,0,3,7,0,0,0,0,0,0,0,0,0,0,0,0,0,0,0,20,0,0,0,0,0,0,0,0,0,0,0,0,0
256,0,0,1,23,24,0,0,0,0,62,0,0,4,0,0,2,235,3,16,0,1,0,0,0,0,0,0,0,0,0,0,0,87,0,0,0,150027,12,6,12,5,0,0,0,29,0,0,0,1,0,0,0,29,1,0,0,0,0,0,0,0,0,0,0,0,0
257,17,0,0,61,11,0,0,1,34,0,0,0,150912,14,11,29,16,0,3,0,2,0,0,0,0,0,0,0,75,1,0,0,0,0,0,1,1,0,0,0,0,0,0,0,19,0,0,0,0,0,1,233,0,0,0,0,0,0,0,0,16,4,0,0,0,0
258,0,0,0,0,0,0,0,0,0,1,0,0,1,26,0,60,7,0,0,1,22,0,0,0,0,0,0,0,0,28,0,0,0,1,0,0,0,0,0,0,0,5,0,0,0,92,0,0,1,73,0,17,2,258,0,0,1,96,0,0,113,156160,3,23,0,0
259,372,0,29,0,0,0,0,0,0,0,0,39,0,0,0,0,140674,48,22272,30,74,1,4,0,15,0,4,0,8,0,4,0,5,1,0,0,0,0,0,0,0,0,0,0,0,0,3,0,68,0,7,3,0,17,0,0,0,0,0,0,0,1,0,0,0,0
260,12,0,55,30,0,0,0,2,174,85,61,140797,1,0,0,20,1,0,0,0,0,0,0,0,0,0,0,66,0,0,0,1,0,0,0,0,0,0,0,10,0,0,0,33,220,0,7,0,0,0,19,3,0,3,0,0,8,7,4,16821,0,0,0,2,0,0
261,3,38,0,1,0,0,0,0,71,157704,2,24,0,38,4,0,0,0,0,18,0,0,0,0,0,7,0,0,0,0,0,0,0,0,0,0,207,1,0,0,0,22,0,0,23,0,0,0,0,1,61,0,0,0,0,0,0,6,0,0,0,0,0,0,0,0
262,0,0,14,0,4,0,18,0,1,3,17,0,56,4,156781,79,0,0,0,59,0,0,0,0,0,0,1,0,0,0,43,1,0,18,0,0,23,0,0,0,0,0,0,0,3,0,99,0,0,0,0,0,0,0,0,0,201,0,0,0,0,0,12,0,0,0
263,58,0,0,0,157781,22,21,4,2,0,0,0,23,0,3,0,202,1,0,0,49,0,0,0,0,0,0,0,0,0,0,0,0,59,0,0,34,0,0,0,0,0,0,0,0,0,0,0,0,0,0,0,39,0,0,0,23,0,0,0,0,0,0,0,0,0
264,157917,67,38,32,98,0,0,0,25,0,0,0,13,4,0,0,91,0,0,0,0,0,0,0,0,0,0,0,0,0,0,0,18,0,0,0,0,1,0,0,0,0,0,0,0,0,0,0,11,0,0,0,0,0,0,0,3,0,0,0,0,0,0,0,0,0
265,24,43,0,63,0,17,0,0,3,163,0,0,68,157074,0,7,3,0,0,0,0,0,0,0,0,0,0,0,0,54,0,17,0,0,0,0,0,0,0,0,0,1,0,0,0,41,0,0,0,0,0,0,0,1,0,224,0,0,0,0,4,27,0,1,0,0
266,3,0,0,0,0,0,0,0,16,0,0,0,16,3,0,0,0,0,0,0,0,0,0,0,0,0,0,0,18,0,0,62,0,0,4,0,0,0,0,0,4,0,0,0,91,0,0,0,88,0,238,0,14,0,0,21,29,0,0,0,158499,8,24,17,0,0
267,1,0,30,0,1,0,0,0,61,237,0,0,0,0,0,0,0,0,1,0,0,0,0,4,0,0,0,0,0,0,0,0,24,2,158344,58,0,16,20,1,0,0,23,0,0,0,24,0,0,0,51,0,0,0,0,4,0,0,0,0,3,0,0,0,0,0
268,0,0,1,1,1,0,2,100,0,21,0,0,0,0,0,0,0,0,3,126,85,86,173,156791,0,0,0,1,0,0,2,238,0,0,3,0,0,58,0,5,0,0,0,0,0,0,0,0,0,0,3,0,0,0,0,16,0,0,0,0,0,0,0,20,0,0
269,1,0,0,0,0,0,0,0,4,3,0,1,0,0,0,35,0,0,0,0,0,0,0,3,0,0,0,0,0,0,0,37,0,0,0,0,0,0,0,0,0,0,2,1,0,0,1,243,1,0,19,25,0,0,0,20,0,0,0,148,268,16,48,158449,0,0
270,122,0,5,0,0,0,0,0,158308,39,28,7,51,0,0,0,0,0,0,0,0,0,0,0,17,1,0,0,1,1,0,3,248,0,0,0,1,0,0,0,25,0,0,0,0,0,0,0,0,0,60,0,0,1,0,0,10,0,0,0,21,0,0,3,0,0
271,157645,396,52,44,96,0,0,0,91,0,0,0,14,0,0,0,45,2,0,0,0,1,0,0,0,0,0,0,0,0,0,0,61,1,0,0,10,0,0,0,0,0,0,0,0,0,0,0,10,0,0,0,0,0,0,0,0,0,0,0,3,0,0,0,0,0
272,341,21,0,4,60,0,0,0,0,0,0,0,0,0,0,0,159344,80,25,8,12,1,0,0,27,0,0,0,9,0,0,0,6,0,0,0,0,0,0,0,0,0,0,0,0,0,0,0,10,0,0,0,0,0,0,0,0,0,0,0,0,0,0,0,0,0
273,166,28,500,160070,0,0,0,27,0,0,0,21,0,263,0,11,3,0,0,89,4,0,0,1,0,0,0,0,0,0,0,1,0,0,0,16,0,0,0,0,0,0,0,0,0,0,0,0,0,0,0,17,0,17,0,0,0,0,0,0,0,0,0,0,0,0
274,7,0,0,2,90,1,0,0,17,0,0,0,0,20,0,0,219,0,258,0,160867,20,18,24,1,0,0,0,10,0,0,0,0,4,0,0,5,0,0,0,0,0,0,0,0,0,0,0,0,0,0,1,3,58,0,0,0,0,0,0,0,0,0,0,0,0
275,2,38,0,0,251,0,0,0,60,0,0,0,4,3,0,0,0,1,19,17,2,0,0,0,0,0,0,0,1,0,0,0,51,161121,3,64,1,28,0,0,0,29,0,0,1,72,0,0,0,68,0,0,0,0,0,0,0,0,0,0,0,0,0,0,0,0
276,51,0,3,0,31,0,0,0,133,0,0,21,161987,15,12,10,0,0,3,57,0,0,0,0,0,0,0,0,5,2,0,0,0,2,0,0,0,0,0,0,0,0,0,0,20,1,0,3,0,0,248,0,1,0,0,0,0,0,0,0,15,0,0,0,0,0
277,0,0,0,0,3,0,0,0,0,0,0,58,3,6,1,33,0,0,0,4,0,0,0,0,0,0,0,0,0,0,0,7,2,9,1,57,0,5,0,42,1,11,5,40,74,24321,119,143512,1,0,19,16,34,0,0,0,0,0,0,0,207,12,0,49,0,0
278,1,48,0,0,0,15,0,0,1,173,0,0,110,166772,6,13,0,0,0,5,0,0,0,0,0,0,0,0,16,21,0,0,0,0,0,0,0,0,0,0,0,0,0,0,0,27,0,0,0,0,3,57,1,0,0,244,0,0,0,0,17,15,0,0,0,0
279,0,0,0,30,0,0,0,0,0,0,0,0,1,228,0,0,4,0,0,24,0,0,0,0,0,0,0,0,47,0,0,0,1,0,6,79,0,0,0,0,1,0,0,0,0,0,0,0,138,16,276,159629,18,0,0,36,0,0,0,20,3,11,2,6,0,0
280,89,0,0,237,0,0,0,0,0,0,0,0,18,14,0,0,160160,42,18,15,11,3,0,0,27,0,0,0,11,0,1,0,2,0,0,0,0,0,0,0,0,0,0,0,0,0,0,0,9,4,0,2,47,0,0,3,1,0,0,0,0,0,0,0,0,0
281,0,20,0,13,238,0,0,0,0,0,0,0,45,1,3,0,3,19,0,18,0,0,0,0,0,0,0,0,0,0,0,1,1,134,0,0,0,0,0,0,0,0,0,0,0,1,0,0,48,162625,1,17,4,19,0,0,0,63,0,0,0,35,0,0,0,0
282,0,0,31,1,15,0,20,1,1,0,135,1,35,5,158732,131,0,0,0,42,0,0,0,0,0,0,0,0,0,0,12,0,0,0,0,3,0,0,0,0,20,0,0,0,1,0,10,0,0,2,0,0,0,0,0,0,1,0,227,0,0,0,13,0,0,0
283,0,0,0,33,1,0,2,0,0,0,0,0,0,0,212,0,0,0,0,6,0,0,0,0,0,0,0,0,0,0,0,0,27,25,72,158198,0,0,0,67,42,0,0,38,0,0,0,36,0,0,0,58,0,0,0,0,18,0,13,1,0,0,0,0,0,0
284,0,28,0,1,0,0,0,169,0,1,1,0,1,0,10,38,0,4,0,1,0,0,0,0,0,0,0,0,0,0,0,14,99,134913,38,23416,0,33,0,9,5,19,0,2,0,19,0,4,0,94,0,3,0,0,0,0,41,0,1,0,0,0,2,4,0,0
285,0,0,0,0,0,0,0,10,0,0,0,0,0,1,42,1,0,0,0,0,0,0,0,0,0,0,0,0,0,0,18,39,0,0,0,2,0,0,0,0,0,0,4,0,18,0,168,0,0,0,17,2,0,0,21,2,5,0,123,197,18,2,160845,33,0,0
286,1,0,0,82,0,0,0,4,0,0,0,0,0,0,199,0,0,0,0,33,0,0,0,0,0,0,0,0,0,0,0,5,0,0,2,83,0,0,0,0,0,0,0,0,41,0,0,0,25,22,115,160069,0,0,0,13,1,0,0,44,0,0,4,16,0,0
287,0,0,0,0,0,0,0,0,0,0,16,0,19,0,10,0,0,0,0,0,0,0,0,0,0,0,0,0,4,0,0,1,129,1,2,2,30,0,0,0,82,0,0,0,154586,18,26,5,0,0,183,3,0,0,0,0,0,0,0,43,41,0,0,0,0,0
288,0,0,0,0,0,0,0,0,50,0,38,0,0,12,0,0,0,0,0,0,0,0,0,0,5,0,0,0,0,0,2,0,24,0,0,176,1,0,0,2,151583,35,43,31,50,1,0,1,0,0,9,0,0,0,0,0,64,0,0,4,2,0,0,0,0,0
289,0,0,0,1,0,0,1,54,0,0,4,0,0,43,0,0,0,0,0,1,0,0,0,15,0,0,0,0,0,0,174,0,0,0,2,10,0,0,2,179,3,0,0,0,0,0,0,0,0,0,1,77,27,28,80,148339,12,0,0,3,0,0,0,5,0,0
290,0,15,0,0,0,0,0,171,0,0,1,0,0,4,0,0,0,0,0,0,0,0,0,0,0,0,0,0,0,0,9,12,34,149254,4,12,0,40,0,0,0,32,0,0,0,32,0,0,0,74,2,0,0,0,0,3,43,0,0,0,0,0,0,0,0,0
291,2,0,0,0,0,0,0,8,12,0,0,0,17,0,0,0,0,0,0,0,0,0,0,0,0,0,0,0,14,0,0,40,0,3,0,0,1,0,0,0,3,0,0,0,118,0,0,0,20,0,177,0,18,0,0,0,105,0,0,0,151935,29,37,8,0,0
292,199,0,0,15,0,0,0,0,40,0,0,0,0,0,0,0,1,0,0,0,0,0,0,0,0,0,0,0,0,0,0,4,153471,56,53,17,55,2,0,0,22,0,0,0,14,0,0,0,64,0,10,1,0,0,0,0,0,0,0,0,3,0,0,0,0,0
293,63,0,2,56,33,0,1,0,149,0,21,0,150859,10,35,5,0,0,0,0,0,0,0,0,0,0,0,0,51,2,0,1,3,0,0,0,0,0,0,0,0,2,0,0,20,0,1,0,0,0,177,0,0,0,0,0,0,0,0,0,11,0,0,0,0,0
294,0,0,0,4,0,0,0,0,0,3,83,0,3,0,0,0,0,0,0,0,0,0,0,0,0,0,5,0,0,0,0,0,0,0,62,0,20,0,6,0,38,213,154142,52,0,0,119,0,0,0,8,0,0,0,0,0,0,0,109,4,0,0,0,3,0,0
295,1,0,146,0,0,0,0,0,0,207,4,0,2,0,0,0,29,4,152893,30,0,1,12,0,0,0,24,0,0,0,9,0,0,0,5,0,76,0,0,0,0,8,3,0,0,0,0,0,0,0,39,0,0,0,0,0,0,0,0,0,0,0,0,0,0,0
296,1,0,6,69,0,0,0,0,0,8,0,0,197,0,0,0,36,16,100,155695,0,0,0,14,0,0,0,39,1,0,0,31,0,0,2,3,59,0,0,0,0,0,0,0,0,0,0,0,0,0,19,11,0,0,0,0,0,0,0,0,0,0,0,0,0,0
297,36,1,0,0,4,0,0,0,151824,42,14,21,67,0,0,0,2,0,0,3,0,0,0,0,20,1,0,0,0,0,0,0,21,0,192,0,4,0,0,0,20,0,0,0,0,0,0,0,0,0,52,0,0,0,0,0,11,0,0,0,0,0,0,0,0,0
298,32,4,0,0,21332,4,0,2,3,48,0,0,8,0,0,0,205,0,0,0,10,0,0,0,1,0,0,0,0,0,0,0,89,0,7,0,129180,33,20,31,2,0,0,0,19,0,0,0,0,0,4,0,54,0,0,0,0,0,0,0,0,0,0,0,0,0
299,152242,36,24,40,71,0,0,0,11,4,0,0,11,0,0,0,43,1,0,0,0,1,0,0,0,0,0,0,0,0,0,0,22,0,0,0,1,0,0,0,0,0,0,0,0,0,0,0,8,0,2,0,0,0,0,1,0,0,0,0,0,0,0,0,0,0
300,36,1,0,80,19,0,0,0,238,0,2,0,153162,16,25,12,0,0,0,0,0,0,0,0,0,0,0,0,64,1,0,0,0,0,1,0,0,0,0,0,1,0,0,0,13,0,0,0,4,0,269,0,0,0,0,0,0,0,0,0,26,0,0,0,0,0
301,0,0,10,4,1,0,0,0,85,0,266,0,3,2,0,0,0,0,3,0,0,0,0,0,0,0,0,0,0,0,0,0,25,8,152862,58,0,0,16,1,35,0,17,0,0,0,7,0,0,0,81,1,0,0,0,1,0,0,0,0,0,0,0,0,0,0
302,8,30,5,32,1,0,0,3,4,0,10,0,0,229,0,0,0,0,0,1,0,0,0,0,0,0,0,0,0,0,0,0,22021,26,185,129472,3,0,0,27,86,0,0,13,0,0,0,15,11,0,1,39,0,0,0,31,2,0,0,0,0,0,0,0,0,0
303,0,5,0,0,0,0,0,6,0,0,5,0,0,5,47,0,0,0,43,0,0,0,25,0,0,0,95,2,23,2,153136,88,2,2,35,1,0,0,0,0,4,0,0,0,0,0,3,0,0,0,0,0,0,0,0,82,253,0,0,0,10,0,12,0,0,0
304,34,4,0,0,44,0,0,0,152588,73,30,12,63,0,0,0,0,0,0,0,0,0,0,0,16,3,0,0,0,1,3,0,0,251,87,0,0,0,0,0,10,0,0,0,0,0,0,1,0,0,0,0,0,0,0,3,22,0,0,0,0,0,0,0,0,0
305,44,241,0,0,120,1,0,0,3,0,0,0,0,2,0,0,150878,47,36,55,11,2,0,1,17,0,0,0,8,0,1,0,13,10,3,0,1,0,0,0,0,0,0,0,0,0,0,0,16,0,0,0,0,0,0,0,1,0,0,0,0,0,0,0,0,0
306,0,10,3,46,88,0,0,0,0,0,0,0,1,238,0,0,49,24,314,152103,0,0,0,26,0,0,0,14,0,1,0,12,0,1,0,0,0,0,0,0,0,0,0,0,0,0,1,0,0,0,0,6,0,0,0,34,0,0,0,2,0,0,0,0,0,0
307,0,1,0,0,3,0,1,0,0,0,3,0,0,9,57,0,0,0,41,3,0,0,25,0,1,0,103,0,15,1,153126,25,0,0,0,0,0,0,0,0,0,0,1,0,0,0,2,34,0,0,0,0,0,0,0,85,2,0,0,247,0,0,12,0,0,0
308,0,0,0,0,0,0,0,0,0,0,0,2,0,1,31,0,0,0,0,0,0,0,0,0,0,0,0,0,0,0,17,0,31,0,3,0,0,0,0,0,0,0,5,0,0,0,86,86,0,0,15,0,0,0,25,4,246,0,123,11,34,1,155817,58,0,0
309,24,0,135460,41,0,0,37,0,10,0,20995,247,0,0,14,0,0,0,20,0,0,0,2,0,0,0,1,0,0,0,0,0,80,0,40,0,0,0,0,0,0,0,3,28,0,0,33,3,0,1,12,0,0,0,0,0,9,0,1,1,0,0,2,0,0,0
310,0,0,3,0,0,0,0,0,0,0,137,6,0,1,1,0,0,1,0,0,0,0,0,0,0,0,55,0,0,0,0,0,3,0,0,0,0,0,0,0,1,0,442,4,0,0,93,0,0,0,16,1,0,0,1,0,22,0,150773,156,0,0,152,1,0,0
311,0,0,0,0,0,1,0,0,4,0,23,0,0,0,0,8,0,0,0,0,0,0,0,0,0,0,1,0,0,0,0,0,4,0,51,46,2,0,1,0,21451,7,131586,399,7,0,146,43,0,0,0,0,0,0,0,0,27,1,168,1,3,0,1,8,0,0
312,0,0,0,0,0,7,0,0,1,0,0,1,0,0,0,103,0,0,0,0,3,0,0,0,0,0,0,0,2,0,0,47,0,1,0,27,0,0,0,1,3,0,11,17,1,0,1,162,0,49,0,13,0,0,0,14,0,1,0,60,432,26,56,151164,0,0
313,5,42,0,0,359,151039,2,21,0,10,0,0,0,11,0,0,1,52,0,0,403,31,0,0,0,0,0,0,0,0,0,0,0,0,0,1,0,74,0,0,0,0,0,0,0,0,0,3,0,144,0,0,0,46,0,0,0,0,0,0,43,0,0,7,0,0
314,57,4,0,0,148704,113,86,79,0,0,0,0,18,1,0,0,3,548,3,0,77,0,0,0,0,0,0,0,0,0,0,0,0,0,0,0,45,0,1,0,0,0,0,0,0,0,0,0,0,3,0,0,22,2,0,0,0,0,0,0,1,0,0,0,0,0
315,4,0,2,0,84,133,0,0,53,0,0,0,0,0,0,0,200,53,403,0,145719,17,24,8,11,0,0,0,8,0,0,0,0,7,0,0,7,0,0,0,0,0,0,0,0,0,0,0,0,0,0,0,18,0,0,0,0,0,0,1,0,0,0,0,0,0
316,11,24,0,0,400,3,0,0,132,1,0,0,0,0,0,0,54,6,47,0,9,0,0,0,1,0,0,0,0,0,0,0,65,146574,3,13,2,41,0,0,0,18,0,0,1,11,0,0,0,59,0,0,0,0,0,0,1,2,0,0,0,0,0,0,0,0
317,146702,57,32,5,90,1,0,0,47,0,0,1,2,0,0,0,142,0,2,0,0,2,0,0,0,0,0,0,0,0,0,0,24,9,0,0,0,0,0,0,0,0,0,0,0,0,0,0,5,0,0,0,0,0,0,0,0,0,0,0,0,0,0,0,0,0
318,145494,535,42,40,93,0,0,0,20,0,0,0,8,3,0,0,39,0,0,7,2,1,0,0,0,0,0,0,0,0,0,0,13,1,0,0,0,0,0,0,0,0,1,0,0,0,0,0,4,0,0,1,0,0,0,0,0,0,0,0,0,0,0,0,0,0
319,14,46,3,27,141,0,0,0,3,0,0,0,0,422,0,0,30,26,163,144664,6,0,0,14,0,0,0,6,0,0,1,12,0,0,0,4,0,0,0,0,0,0,0,1,0,0,0,0,0,0,0,8,53,0,0,0,0,0,0,0,0,0,0,0,0,0
320,7,2,94,0,3,0,1,0,421,0,0,0,0,47,0,0,40,4,144181,73,0,0,13,1,0,0,27,0,0,0,11,0,53,0,3,0,0,0,0,0,0,0,0,0,0,0,0,0,0,0,8,0,146,0,0,0,0,0,0,0,1,0,0,0,0,0
321,144194,31,443,13,27,0,0,0,143,0,0,0,6,2,0,0,37,0,9,0,1,0,0,0,0,0,0,0,0,0,0,0,165,0,0,0,0,0,0,0,0,0,0,0,0,0,0,0,8,0,0,0,3,0,0,0,0,0,0,0,0,0,0,0,0,0
322,56,415,47,0,0,55,0,0,147,1,0,0,0,0,0,0,2,2,0,0,0,0,0,7,0,0,0,0,0,3,0,0,143083,128,141,135,7,0,0,0,20,0,0,0,7,0,0,0,72,0,0,1,0,3,0,0,0,0,0,0,1,0,0,0,0,0
323,0,46,4,4,0,143,0,28,3,0,0,0,0,0,0,0,1,2,4,294,143,62,488,141545,0,2,0,5,0,408,0,18,9,0,0,0,1,0,0,10,0,0,0,0,0,0,0,0,0,0,0,0,0,51,0,13,0,0,0,0,0,0,0,0,0,0
324,7,2,0,0,140,3,1,0,0,0,0,0,0,0,0,52,138,0,0,418,144442,9,133,26,2,0,0,0,17,46,0,0,0,0,0,0,3,1,0,0,0,0,0,0,0,0,0,0,0,0,0,0,9,140,0,0,0,1,0,0,0,3,0,6,0,0
325,1,0,0,0,0,0,0,0,0,0,0,0,0,2,1,143,0,0,0,46,16,0,0,9,0,0,0,0,0,3,0,24,0,0,0,0,0,0,0,1,1,0,1,0,1,20,7,91,0,9,0,32,0,79,0,57,0,31,1,116,54,20875,236,122068,0,0
326,0,1,0,0,0,0,0,0,0,0,1,0,0,2,1,59,0,0,0,110,0,8,0,112,0,0,1,166,46,13,154,141575,0,0,0,0,0,0,0,1,3,0,0,0,0,0,0,2,0,0,0,0,0,18,0,106,0,0,7,0,0,31,51,414,0,0
327,0,0,0,0,0,0,0,0,0,0,54,0,0,1,7,0,0,0,0,0,0,0,0,0,0,0,15,0,0,0,0,17,0,0,0,49,0,0,0,0,405,0,70,0,0,0,0,0,0,0,24,0,0,0,5,3,21,3,139001,50,1,2,294,47,0,0
328,0,0,34,0,0,0,17,0,1,0,50,1,22,5,136467,106,0,0,0,0,0,0,0,0,0,0,0,0,0,0,31,0,0,0,0,199,0,0,0,0,40,0,47,7,0,0,17,3,0,0,0,0,0,0,0,0,0,0,407,1,0,0,19,2,0,0
329,0,0,1,0,0,0,0,0,0,0,2,19,0,0,20,0,0,0,0,0,0,0,0,0,0,0,1,2,0,0,0,0,0,0,2,16,0,0,0,1,49,39,256,137248,0,0,1,472,0,0,0,7,0,0,0,0,0,0,40,97,47,0,0,1,0,0
330,0,4,1,5,0,0,0,0,0,0,0,0,0,0,402,2,0,0,0,10,0,0,0,0,0,0,0,0,0,0,0,0,7,0,1,17,0,0,0,0,0,0,2,17,0,0,0,41,22,25,60,138978,0,0,0,9,47,0,1,19,200,0,0,5,0,0
331,15,396,0,0,0,0,0,46,0,0,0,0,0,1,41,0,5,0,0,0,0,0,0,0,0,0,0,0,0,8,0,0,137453,33,90,26,9,0,0,0,18,0,0,0,6,0,0,1,59,0,0,17,0,3,0,0,197,0,0,0,2,0,0,0,0,0
332,0,39,0,0,0,0,0,188,0,1,0,0,3,22,1,0,0,78,0,8,48,42,0,2,1,86,0,0,134,131070,8,13,17,0,0,0,0,0,0,0,0,0,0,0,0,0,0,0,0,0,0,0,1,373,0,0,2,0,0,0,0,6,0,0,0,0
333,0,1,1,152,0,0,0,2,0,0,0,0,0,396,0,0,51,27,183,129863,184,0,0,13,0,0,0,13,0,17,3,8,0,0,0,4,0,0,0,0,0,0,0,0,0,0,0,0,0,0,1,12,0,87,0,0,0,0,0,0,0,1,0,0,0,0
334,0,0,1,2,0,0,0,50,0,0,0,0,3,41,0,0,6,0,1,159,8,21,26,128435,1,0,0,3,0,0,387,10,0,0,0,7,0,0,0,4,0,0,0,0,0,0,0,0,0,0,0,0,0,185,0,9,46,0,0,0,0,0,0,1,0,0
335,8,0,2,16,0,0,0,0,6,0,0,0,380,1,0,0,0,0,0,1,0,0,0,17,0,0,0,0,0,0,41,0,13,18,20,128785,0,0,0,25,1,0,0,20,0,0,0,14,47,0,0,38,0,2,0,0,184,0,0,0,0,0,0,0,0,0
336,128478,20,19,399,17,0,0,1,15,0,2,0,46,0,47,0,4,0,0,0,0,0,0,0,0,0,0,0,0,0,1,0,16,0,0,17,0,0,0,0,3,0,0,0,0,0,0,0,186,0,0,0,1,0,0,0,2,0,8,0,0,0,0,0,0,0
337,17,0,0,40,8,0,0,0,1,0,25,0,1,0,181,0,0,0,4,0,0,0,0,0,0,0,19,0,0,0,0,0,1,52,0,0,0,1,0,0,390,0,72,0,0,0,1,1,2,0,26,1,1,0,6,0,117,5,127251,85,0,0,72,3,0,0
338,35,1,0,1,124736,12,16,5,9,0,0,50,23,0,3,0,0,0,377,1,31,0,0,0,0,0,0,0,0,0,0,0,0,182,0,0,35,0,0,0,40,0,0,0,8,0,0,0,0,3,0,0,17,0,0,0,0,0,17,0,0,0,0,0,0,0
339,0,1,0,0,65,0,0,0,0,3,0,174,113,0,0,0,0,0,44,0,1,0,0,0,0,0,0,0,0,0,0,0,28,3,0,0,14,0,0,0,35,0,0,2,128893,28,40,26,0,372,0,0,0,0,0,0,1,0,0,0,34,0,0,0,0,0
340,1,1,30,0,174,0,0,0,0,361,0,2,0,0,0,0,59,4,126978,59,0,0,10,8,0,0,15,0,3,0,6,0,0,0,6,0,1,50,0,0,0,0,0,0,17,0,0,0,0,36,8,0,0,1,0,0,0,0,0,0,0,0,0,0,0,0
341,0,0,0,2,3,1,1,62,0,34,0,0,7,1,0,0,0,0,17,70,10,23,51,126559,0,0,0,2,305,1,0,17,0,1,0,0,0,170,0,6,0,0,0,0,0,0,0,0,0,1,3,44,0,0,0,12,0,0,0,0,0,0,0,0,0,0
342,25,1,2,0,10,0,0,0,37,1,0,100,115621,14,6,9,0,0,0,0,0,0,0,16,0,0,0,0,36,0,1,0,0,0,0,0,0,2,0,0,0,0,0,0,41,0,6,0,0,0,322,169,0,0,0,0,0,1,0,3,12,0,0,0,0,0
343,0,0,0,0,0,0,0,0,0,0,0,160,15,0,12,1,2,0,11,0,0,0,0,0,0,0,0,0,0,0,2,0,0,0,53,0,0,0,22,21,0,1,53,1,14,36,107049,143,0,0,30,1,0,0,0,0,0,55,1,228,0,0,20,0,0,0
344,0,0,0,1,0,0,0,1,0,0,0,0,0,0,17,0,0,0,6,0,6,0,4,0,0,1,2,2,1,0,14345,3,0,0,0,0,0,112,0,20,0,0,1,0,0,0,36,117,0,0,5,0,0,1,13,0,0,324,20,27,18,5,86904,21,0,0
345,5,0,0,0,45,0,0,0,113,0,0,0,0,0,0,0,86,0,304,0,99570,7,6,6,4,0,0,0,18,0,4,0,5,0,0,0,12,135,0,0,1,0,0,0,0,1,0,0,0,0,0,0,19,0,0,0,0,48,0,0,0,0,10,0,0,0
346,424,0,3,1,0,0,0,0,124,0,1,0,0,0,0,0,3,0,48,0,13,0,0,0,0,0,0,0,0,0,0,0,100383,33,38,2,19,1,0,0,13,0,0,0,1,0,0,0,23,0,0,0,0,0,0,0,0,0,0,0,0,0,0,0,0,0
347,85685,12,14988,9,26,1,6,0,96,1,60,0,2,0,0,0,19,0,1,0,0,0,0,0,0,0,0,0,0,0,0,0,30,6,0,1,0,0,0,0,25,0,0,0,0,0,0,0,3,1,0,0,0,0,0,0,0,0,0,0,0,0,0,0,0,0
348,10,15,38,0,293,0,0,0,109,7,14,0,1,0,0,0,0,2,113,0,0,0,0,0,0,0,0,0,0,0,0,0,21,99594,3,23,2,32,0,3,20,30,0,0,0,20,0,0,0,28,0,0,0,0,0,0,0,0,0,0,0,0,0,0,0,0
349,0,5,0,0,49,0,0,0,34,96457,9,10,0,29,0,0,0,0,126,0,0,0,0,0,0,12,0,0,0,0,113,0,0,11,0,0,0,0,0,293,3,11,0,0,0,0,0,0,0,0,0,0,0,0,0,0,0,5,7,0,0,0,0,0,0,0
350,0,0,1,0,0,0,0,7,0,8,40,0,0,0,0,0,0,0,0,0,0,0,0,0,1,0,13,0,0,0,128,0,0,116,0,0,0,0,0,49,292,0,37,0,0,0,0,0,1,0,34,0,0,0,1,0,18,3,96133,48,0,0,52,0,0,0
351,0,0,1,27,38,11,16,94649,0,0,0,0,0,0,0,7,0,0,0,0,0,0,0,8,0,0,0,0,0,0,292,0,0,124,0,0,0,0,0,17,46,0,0,0,0,7,0,0,0,0,0,0,3,0,0,17,0,1,8,112,1,0,0,0,0,0
352,0,0,0,7,0,0,0,8,0,0,0,0,1,8,3,0,113,0,0,0,0,0,0,0,0,0,0,0,0,4,44,0,0,35,0,0,1,16,0,0,3,61,0,3,124,96607,8,16,0,0,0,0,288,0,0,0,0,0,0,123,0,18,0,0,0,0
353,8,5,23,96662,2,0,0,26,0,0,0,44,1,0,289,5,123,0,0,14,0,0,0,0,0,0,0,0,0,0,0,1,0,2,0,19,0,0,0,0,1,0,0,0,0,8,0,0,0,0,0,7,42,0,0,0,112,1,0,0,0,0,0,0,0,0
354,1,1,0,21,37,0,0,0,0,0,0,0,234,0,42,0,0,0,0,31,0,0,0,0,0,0,0,0,0,0,0,0,13,11927,21,86693,0,2,0,16,0,6,0,9,0,0,0,7,1,5,1,106,0,0,0,0,123,0,0,0,0,0,0,0,0,0
355,9,0,0,0,132,0,0,0,35,0,0,1,93807,22,42,23,0,0,7,17,0,0,0,0,0,0,0,0,10,1,0,0,0,0,0,8,0,0,0,0,0,0,0,0,11,0,0,0,0,265,0,98,0,0,0,0,0,0,0,0,6,1,1,0,0,0
356,2,0,32,3,96,0,1,0,227,0,0,4,7,0,0,0,6,1,87137,20,1,0,4,1,1,0,4,0,0,0,5,0,99,1,0,0,0,0,0,0,0,0,0,0,0,0,0,0,0,40,8,0,0,0,0,0,0,0,0,0,0,0,0,0,0,0
357,10731,6,73505,40,9,0,33,2,54,0,91,187,1,0,3,21,4,0,47,0,0,0,0,0,0,0,0,0,0,0,0,0,95,0,15,0,0,0,0,0,0,0,0,0,0,0,0,74,2,0,12,0,0,0,0,0,0,0,1,0,7,0,0,0,0,0
358,0,0,6,11,0,0,0,0,0,1,0,110,32,0,0,15,0,0,0,0,0,0,0,0,0,0,0,0,13,0,0,0,1,0,0,0,1,0,0,0,1,0,0,0,25,0,7,75,4,0,218,0,9,0,0,0,25,0,6,0,80385,8,9,2,0,0
359,0,0,0,0,0,0,0,0,0,0,0,63,0,0,48,1,0,0,0,0,0,0,0,0,0,0,0,0,0,0,0,0,6,0,60,0,0,0,28,3,7,0,121,1,83,0,76343,47,0,0,32,0,0,0,0,0,0,0,208,0,5,0,11,0,0,0
360,97,0,0,6,0,0,0,0,26,0,0,1,0,0,1,0,0,0,1,0,0,0,0,0,2,0,0,0,0,0,0,0,223,0,0,0,0,0,0,0,75081,16,68,8,32,0,3,0,1,0,0,0,0,0,0,0,45,0,28,0,1,0,0,0,0,0
361,75192,7,18,218,12,0,0,0,23,0,0,0,4,0,1,86,6,0,0,0,0,0,0,0,0,0,0,0,0,0,0,0,47,0,0,1,0,0,0,0,3,0,1,0,0,0,0,0,6,0,0,0,0,0,0,0,6,0,0,0,0,0,7,0,0,0
362,4,0,0,35,0,0,0,0,0,0,0,0,0,0,15,61,0,0,0,0,0,0,0,0,0,0,0,0,5,0,8,0,85,0,0,0,0,0,0,0,0,0,1,0,0,0,57,1,0,0,25,2,0,0,7,0,205,0,29,1,28,2,74362,25,0,0
363,38,14,23,73958,0,0,0,13,0,0,0,14,0,0,0,205,0,0,0,12,0,0,0,0,0,0,0,0,0,0,0,0,55,0,0,17,1,0,0,0,0,0,6,0,0,0,0,0,0,0,0,5,0,0,0,0,28,0,7,0,0,0,88,0,0,0
364,0,0,0,3,0,0,0,0,0,0,8,1,0,0,0,28,6,0,0,0,0,0,0,0,0,0,4,0,0,0,0,0,1,0,0,0,7,0,0,0,0,85,215,0,1,0,0,0,0,0,16,0,0,0,4,0,15,2,72038,51,0,0,92,0,0,0
365,1,0,84,0,27,0,0,0,0,0,0,7,0,0,0,1,200,0,0,0,1,0,0,0,0,0,0,0,0,0,0,0,55,0,0,0,71373,10,74,3,2,51,27,2,14,6,0,0,0,0,0,0,26,0,0,0,0,0,3,0,0,0,1,0,0,0
366,1,0,52,122,0,0,0,5,26,18,39,70993,0,1,1,16,26,0,6,0,0,0,0,0,0,0,0,6,0,0,0,0,0,0,0,1,3,0,0,0,0,1,0,22,0,199,0,1,0,0,0,0,77,0,0,0,0,0,0,6,0,0,0,0,0,0
367,0,0,71,0,0,0,0,0,194,0,0,4,0,0,1,5,8,0,69948,22,0,0,2,0,0,1,13,1,0,0,6,0,0,0,1,76,0,0,0,0,0,0,0,0,1,26,0,0,0,0,11,0,49,0,0,0,0,0,0,0,0,0,0,6,0,0
368,0,0,1,8,0,0,0,6,24,0,1,31,9,8,54,69571,0,0,3,0,0,0,0,0,0,1,0,0,0,0,0,16,0,0,0,48,0,0,0,0,0,0,0,0,0,0,0,7,0,0,0,6,1,0,0,0,0,0,0,0,75,0,0,188,0,0
369,0,0,1,13,0,0,0,0,0,0,0,0,0,0,187,2,1,0,4,12,0,0,0,0,0,0,0,0,0,0,0,0,0,0,0,24,5,0,0,0,0,0,0,0,0,0,0,0,5,19,11,66455,0,0,0,3,0,76,0,18,43,0,0,27,0,0
370,0,0,0,0,36,0,0,0,0,0,65,0,0,0,22,0,0,0,176,0,13,0,0,0,0,0,0,0,0,0,0,0,24,0,0,0,63027,11,21,8,5,0,5,0,28,0,0,0,0,0,0,2,15,0,0,0,0,43,0,0,1,0,0,0,0,0
371,0,0,0,0,0,0,0,0,0,0,46,0,0,0,0,5,0,0,20,0,0,0,0,0,0,0,1,0,0,0,0,0,0,0,22,63,1,0,1,0,207,2,62351,17,0,0,51,0,0,0,0,0,0,0,0,0,0,0,38,1,4,0,0,0,0,0
372,6,0,4,8,0,0,0,6,0,0,0,10,8,6,12,62254,0,0,0,0,0,0,0,0,0,0,0,0,0,0,0,6,1,0,0,37,0,0,0,0,18,0,1,0,0,0,0,30,63,0,0,0,0,0,0,0,0,0,0,0,176,0,0,11,0,0
373,61957,9,186,4,11,1,0,0,55,0,1,60,2,0,0,1,4,1,0,0,0,0,0,0,0,0,0,0,0,1,0,0,12,0,1,0,0,0,0,0,0,0,0,0,2,0,0,0,47,0,0,0,0,0,0,0,0,0,0,0,18,0,0,0,0,0
374,42,0,29,0,2,0,0,0,0,4,1,33,16,0,0,1,0,0,0,0,0,0,0,0,0,0,0,0,0,0,0,1,25,0,0,0,3,0,0,0,18,0,0,1,52074,3,13,2,147,0,1,0,0,0,0,0,0,0,0,0,9,0,0,0,0,0
375,35,0,43652,16,1,0,2,0,1,125,8094,2,0,0,4,0,1,0,2,0,0,0,0,0,0,0,1,0,0,0,0,0,0,0,87,0,48,0,0,0,0,23,6,0,1,0,0,0,17,0,1,0,0,0,0,0,0,0,2,0,0,0,0,0,0,0
376,23,0,1,130,0,0,0,0,0,15,0,0,0,0,0,45,49148,7,5,5,2,0,0,1,6,0,0,0,4,0,1,1,1,0,0,0,26,0,0,0,1,1,0,0,0,0,0,0,3,0,1,3,0,0,0,0,0,0,0,0,1,0,0,0,0,0
377,0,0,0,14,0,1,0,0,0,2,0,0,10,0,42,24,1,0,0,0,0,0,0,0,0,0,0,0,2,0,0,7,0,0,0,0,0,0,0,0,1,0,0,0,23,0,0,0,9,0,0,118,3,0,0,0,11,0,0,1,44284,1,7,4,0,0
378,2,4,0,2,0,0,0,0,0,0,0,6,0,0,24,0,0,0,0,0,0,0,0,0,0,0,0,3,0,0,0,0,0,0,0,0,0,0,0,0,0,0,1,12,110,0,0,0,38,0,0,18,0,0,0,3,18,4,10,43124,1,0,0,13,0,0
379,40907,131,19,17,1,0,0,37,2,0,0,0,1,0,0,0,2,0,0,0,0,0,0,0,0,0,0,0,0,1,0,0,5,0,1,0,1,0,0,0,0,0,0,0,12,0,0,0,23,0,0,2,0,4,0,0,0,0,0,1,0,0,0,0,0,0
380,1,12,0,0,0,0,0,21,1,0,0,0,2,8,0,1,0,11,0,0,0,7,0,24,0,42,0,1,29,35068,4,4254,0,0,0,0,0,0,0,0,0,0,0,0,2,0,0,0,0,0,0,0,1,97,0,8,0,0,0,0,4,12,0,0,0,0
381,0,2,0,0,1,0,0,0,0,0,2,1,0,0,0,50,0,0,1,17,0,0,0,19,0,0,0,11,9,4,5,37516,0,0,0,0,0,0,0,0,0,0,4,0,0,0,0,1,0,0,31,0,0,11,0,4,0,0,0,0,108,0,0,2,0,0
382,0,0,8,0,0,0,0,0,4,0,36449,18,0,0,32,0,0,0,0,0,0,0,0,0,0,0,3,0,0,0,1,1,3,0,0,0,0,0,0,0,0,0,129,0,0,0,0,0,0,0,20,0,0,2,0,0,0,0,1,0,10,0,0,0,0,0
383,0,19,4,0,0,0,0,0,1,0,1,0,0,0,0,0,0,0,0,0,2,0,0,0,0,0,0,0,0,0,0,0,83,0,0,0,2,0,0,0,23238,2,42,1,5,0,0,0,0,0,0,0,0,0,0,0,32,1,0,0,2,0,0,0,0,0
384,0,33,2,0,37,23039,0,8,0,0,0,0,0,3,0,0,19,0,0,0,74,6,0,0,0,0,0,0,0,0,0,0,4,0,0,0,0,23,0,0,0,0,2,0,0,2,0,0,0,0,0,0,0,11,0,0,0,0,0,0,0,0,0,0,0,0
385,22348,4,79,0,3,0,0,0,6,17,0,0,3,0,0,0,24,1,0,0,4,0,0,0,0,0,0,0,0,0,0,0,7,0,0,0,0,0,0,0,0,0,0,0,0,0,0,0,0,0,0,0,0,0,0,0,0,0,0,0,0,0,0,0,0,0
386,0,0,4,0,6,0,0,15,0,22,0,0,0,0,0,0,0,65,0,0,0,0,0,0,0,0,0,0,0,0,0,0,8,0,0,0,20682,8,15,9,2,0,0,0,3,0,0,0,1,0,0,0,3,0,0,0,0,0,0,0,0,0,0,0,0,0
387,1,15,0,0,0,0,0,20,0,0,0,0,16,0,0,0,5,4,1,0,0,0,0,0,5,0,0,0,18860,5,0,3,0,0,0,0,0,0,0,0,0,0,0,0,1,0,0,0,61,0,0,0,0,0,0,0,0,0,0,0,1,0,0,0,0,0
388,7,24,3,0,18293,3,4,1,10,0,0,0,3,0,0,0,0,0,53,0,3,0,0,0,0,0,0,0,0,0,0,0,0,0,0,0,3,0,0,0,0,0,0,0,0,0,0,0,4,0,0,0,3,0,0,0,0,0,0,0,0,0,0,0,0,0
389,1,0,45,0,0,0,0,0,22,0,0,10,0,0,0,0,0,0,2,0,0,0,0,0,0,0,0,0,0,0,0,0,14928,3,17,2,236,0,0,3,1,0,0,0,3,0,9,7,0,0,0,0,0,0,0,0,0,0,0,0,0,0,0,0,0,0
390,0,0,2,8,0,0,0,0,0,0,0,16,1,0,0,0,0,0,0,0,0,0,0,0,0,0,0,0,1,0,0,0,19,0,0,0,12,0,0,0,3,0,0,0,10767,9,42,253,39,0,0,0,0,0,0,0,0,0,0,0,6,0,0,0,0,0
391,0,7,0,20,1,1,0,1,4,0,0,0,9303,3,6,9,0,0,0,0,0,0,0,0,0,0,0,0,1,0,0,0,1,0,0,0,0,0,0,0,0,0,0,0,15,0,0,0,1,40,0,0,0,0,0,0,0,0,0,0,0,0,0,0,0,0
392,0,0,0,0,3,2,0,1,0,0,0,1,0,0,0,0,1,3,3,0,1832,8,1,117,2,0,0,0,0,12,253,45,0,0,0,0,0,0,0,0,0,0,0,0,0,0,0,0,0,1,0,0,0,0,0,0,0,0,0,0,0,0,0,0,0,0
393,0,0,0,0,0,0,0,0,0,0,0,0,0,0,0,0,0,0,1,1,0,0,0,3,0,0,0,0,24,0,0,39,0,0,0,0,0,0,0,0,0,0,0,0,0,0,0,0,0,0,0,0,0,0,0,0,0,0,0,0,0,1,0,0,0,0
394,0,0,0,0,18,0,0,1,0,0,0,0,0,0,0,0,0,0,0,0,0,0,0,0,0,0,0,0,0,0,0,0,0,0,0,0,0,0,0,0,0,0,0,0,0,0,0,0,0,0,0,0,0,0,0,0,0,0,0,0,0,0,0,0,0,0
395,0,0,0,0,0,0,0,0,0,0,0,0,0,0,0,0,0,0,0,0,0,0,0,0,0,0,0,0,0,0,0,0,18,0,0,0,0,0,0,0,0,0,0,0,0,0,0,0,0,0,0,0,0,0,0,0,0,0,0,0,0,0,0,0,0,0
396,0,0,0,0,0,0,0,0,0,0,0,0,0,0,0,0,0,0,0,0,0,0,0,0,0,0,0,0,0,0,0,0,18,0,0,0,0,0,0,0,0,0,0,0,0,0,0,0,0,0,0,0,0,0,0,0,0,0,0,0,0,0,0,0,0,0
397,0,0,0,0,0,0,0,0,0,0,0,0,0,0,0,0,0,0,0,0,0,0,0,0,0,0,0,0,0,0,0,0,0,0,0,0,18,0,0,0,0,0,0,0,0,0,0,0,0,0,0,0,0,0,0,0,0,0,0,0,0,0,0,0,0,0
398,0,0,0,0,0,0,0,0,0,0,0,0,0,0,0,0,0,0,0,0,0,0,0,0,0,0,0,0,0,0,0,0,0,0,18,0,0,0,0,0,0,0,0,0,0,0,0,0,0,0,0,0,0,0,0,0,0,0,0,0,0,0,0,0,0,0
399,0,0,0,0,0,0,0,0,0,0,0,0,0,0,0,0,0,0,0,0,0,0,0,0,0,0,0,0,17,0,0,0,0,0,0,0,0,0,0,0,0,0,0,0,0,0,0,0,0,0,0,0,0,0,0,0,0,0,0,0,0,0,0,0,0,0
400,0,0,0,0,0,0,0,0,0,0,0,0,0,0,0,0,0,0,0,0,0,0,0,0,0,0,0,0,0,0,0,0,17,0,0,0,0,0,0,0,0,0,0,0,0,0,0,0,0,0,0,0,0,0,0,0,0,0,0,0,0,0,0,0,0,0
401,0,0,0,0,0,0,0,0,0,0,0,0,0,0,0,0,0,0,0,0,0,0,0,0,0,0,0,0,0,0,17,0,0,0,0,0,0,0,0,0,0,0,0,0,0,0,0,0,0,0,0,0,0,0,0,0,0,0,0,0,0,0,0,0,0,0
402,0,0,0,0,0,0,0,0,0,0,0,0,0,0,0,0,0,0,0,0,0,0,0,0,0,0,0,0,0,0,0,0,0,0,0,0,16,0,0,0,0,0,0,0,0,0,0,0,0,0,0,0,0,0,0,0,0,0,0,0,0,0,0,0,0,0
403,0,0,0,0,0,0,0,0,0,0,0,0,0,0,0,0,0,0,0,0,0,0,0,0,0,0,0,0,0,0,0,0,16,0,0,0,0,0,0,0,0,0,0,0,0,0,0,0,0,0,0,0,0,0,0,0,0,0,0,0,0,0,0,0,0,0
404,0,16,0,0,0,0,0,0,0,0,0,0,0,0,0,0,0,0,0,0,0,0,0,0,0,0,0,0,0,0,0,0,0,0,0,0,0,0,0,0,0,0,0,0,0,0,0,0,0,0,0,0,0,0,0,0,0,0,0,0,0,0,0,0,0,0
405,0,0,0,0,0,0,0,0,0,0,16,0,0,0,0,0,0,0,0,0,0,0,0,0,0,0,0,0,0,0,0,0,0,0,0,0,0,0,0,0,0,0,0,0,0,0,0,0,0,0,0,0,0,0,0,0,0,0,0,0,0,0,0,0,0,0
406,0,0,0,0,0,0,0,0,0,0,0,0,0,0,0,0,0,0,0,0,0,0,0,0,0,0,0,0,0,0,0,0,0,0,16,0,0,0,0,0,0,0,0,0,0,0,0,0,0,0,0,0,0,0,0,0,0,0,0,0,0,0,0,0,0,0
407,0,0,0,0,0,0,0,0,0,0,0,0,0,0,0,15,0,0,0,0,0,0,0,0,0,0,0,0,0,0,0,0,0,0,0,0,0,0,0,0,0,0,0,0,0,0,0,0,0,0,0,0,0,0,0,0,0,0,0,0,0,0,0,0,0,0
408,0,0,0,0,0,0,0,0,0,0,0,0,0,0,0,0,0,0,0,0,0,0,0,0,0,0,0,0,15,0,0,0,0,0,0,0,0,0,0,0,0,0,0,0,0,0,0,0,0,0,0,0,0,0,0,0,0,0,0,0,0,0,0,0,0,0
409,15,0,0,0,0,0,0,0,0,0,0,0,0,0,0,0,0,0,0,0,0,0,0,0,0,0,0,0,0,0,0,0,0,0,0,0,0,0,0,0,0,0,0,0,0,0,0,0,0,0,0,0,0,0,0,0,0,0,0,0,0,0,0,0,0,0
410,0,0,0,0,0,0,0,0,0,0,0,0,0,0,0,0,0,0,0,0,0,0,0,0,0,0,0,0,0,0,0,0,16,0,0,0,0,0,0,0,0,0,0,0,0,0,0,0,0,0,0,0,0,0,0,0,0,0,0,0,0,0,0,0,0,0
411,0,0,0,0,0,0,0,0,0,0,0,0,0,0,0,0,0,0,0,0,16,0,0,0,0,0,0,0,0,0,0,0,0,0,0,0,0,0,0,0,0,0,0,0,0,0,0,0,0,0,0,0,0,0,0,0,0,0,0,0,0,0,0,0,0,0
412,0,0,0,0,0,0,0,0,0,0,0,0,0,0,0,0,0,0,0,0,0,0,0,0,0,0,0,0,0,0,0,0,0,0,0,0,0,0,0,0,0,0,0,0,16,0,0,0,0,0,0,0,0,0,0,0,0,0,0,0,0,0,0,0,0,0
413,0,0,0,0,0,0,0,0,0,0,0,0,0,0,0,0,0,0,0,16,0,0,0,0,0,0,0,0,0,0,0,0,0,0,0,0,0,0,0,0,0,0,0,0,0,0,0,0,0,0,0,0,0,0,0,0,0,0,0,0,0,0,0,0,0,0
414,0,0,0,0,0,0,0,0,0,0,0,0,0,0,0,0,0,0,0,0,0,0,0,0,0,0,0,0,0,0,0,0,0,0,0,0,0,0,0,0,16,0,0,0,0,0,0,0,0,0,0,0,0,0,0,0,0,0,0,0,0,0,0,0,0,0
415,0,0,0,0,0,0,0,0,0,0,0,0,0,0,0,0,0,0,0,0,0,0,0,0,0,0,0,0,0,0,0,0,0,0,0,0,0,0,1,0,0,0,0,0,0,0,14,0,0,0,0,0,0,0,0,0,0,0,0,0,0,0,0,0,0,0
416,0,0,0,0,0,0,0,0,0,0,0,0,0,0,0,0,0,0,0,0,0,0,0,0,0,0,0,0,0,0,0,0,0,0,0,0,0,0,0,0,0,0,0,0,0,0,0,0,0,0,0,16,0,0,0,0,0,0,0,0,0,0,0,0,0,0
417,0,0,0,0,0,0,0,0,0,0,0,0,0,0,0,0,0,0,0,0,0,0,0,0,0,0,0,0,0,0,0,0,0,0,0,0,0,0,0,0,0,0,0,0,0,0,0,0,0,0,0,15,0,0,0,0,0,0,0,0,0,0,0,0,0,0
418,0,0,0,0,0,0,0,0,0,0,0,0,0,0,0,0,0,0,0,0,0,0,0,0,0,0,0,0,0,0,0,0,0,15,0,0,0,0,0,0,0,0,0,0,0,0,0,0,0,0,0,0,0,0,0,0,0,0,0,0,0,0,0,0,0,0
419,0,0,0,0,0,0,0,0,0,0,0,0,0,0,0,0,0,0,0,0,11,0,0,0,0,0,0,0,0,0,0,0,0,0,0,0,0,0,0,0,0,0,0,0,0,0,0,0,0,0,0,0,0,0,0,0,0,0,0,0,0,0,0,0,0,0
420,0,0,0,0,11,0,0,0,0,0,0,0,0,0,0,0,0,0,0,0,0,0,0,0,0,0,0,0,0,0,0,0,0,0,0,0,0,0,0,0,0,0,0,0,0,0,0,0,0,0,0,0,0,0,0,0,0,0,0,0,0,0,0,0,0,0
421,11,0,0,0,0,0,0,0,0,0,0,0,0,0,0,0,0,0,0,0,0,0,0,0,0,0,0,0,0,0,0,0,0,0,0,0,0,0,0,0,0,0,0,0,0,0,0,0,0,0,0,0,0,0,0,0,0,0,0,0,0,0,0,0,0,0
422,0,0,0,0,0,0,0,0,0,0,0,0,0,0,0,0,0,0,0,0,0,0,0,0,0,0,0,0,0,0,0,0,0,10,0,0,0,0,0,0,0,0,0,0,0,0,0,0,0,0,0,0,0,0,0,0,0,0,0,0,0,0,0,0,0,0
423,0,0,0,0,0,0,0,0,0,0,0,0,0,0,0,0,0,0,0,0,0,0,0,0,0,0,0,0,0,0,0,0,0,0,0,0,0,0,0,0,0,0,0,0,0,0,0,0,0,0,0,0,0,0,0,0,0,0,0,0,9,0,0,0,0,0
424,0,0,0,0,0,0,0,0,0,0,0,0,9,0,0,0,0,0,0,0,0,0,0,0,0,0,0,0,0,0,0,0,0,0,0,0,0,0,0,0,0,0,0,0,0,0,0,0,0,0,0,0,0,0,0,0,0,0,0,0,0,0,0,0,0,0
425,0,0,0,0,0,0,0,0,0,0,0,0,0,0,0,0,0,0,0,0,0,0,0,0,0,0,0,0,0,0,0,0,0,0,0,0,9,0,0,0,0,0,0,0,0,0,0,0,0,0,0,0,0,0,0,0,0,0,0,0,0,0,0,0,0,0
426,0,0,0,0,0,0,0,0,0,0,0,0,0,0,0,0,0,0,0,0,0,0,0,0,0,0,0,0,0,0,0,0,0,0,10,0,0,0,0,0,0,0,0,0,0,0,0,0,0,0,0,0,0,0,0,0,0,0,0,0,0,0,0,0,0,0
427,0,0,0,0,0,0,0,0,0,0,0,0,0,0,0,0,0,0,0,0,0,0,0,0,0,0,0,0,10,0,0,0,0,0,0,0,0,0,0,0,0,0,0,0,0,0,0,0,0,0,0,0,0,0,0,0,0,0,0,0,0,0,0,0,0,0
428,0,0,0,0,0,0,0,0,0,0,0,0,0,0,0,0,0,0,10,0,0,0,0,0,0,0,0,0,0,0,0,0,0,0,0,0,0,0,0,0,0,0,0,0,0,0,0,0,0,0,0,0,0,0,0,0,0,0,0,0,0,0,0,0,0,0
429,0,0,10,0,0,0,0,0,0,0,0,0,0,0,0,0,0,0,0,0,0,0,0,0,0,0,0,0,0,0,0,0,0,0,0,0,0,0,0,0,0,0,0,0,0,0,0,0,0,0,0,0,0,0,0,0,0,0,0,0,0,0,0,0,0,0
430,0,0,0,0,0,0,0,0,0,0,0,0,0,0,0,0,0,0,8,0,0,0,0,0,0,0,0,0,0,0,0,0,0,0,0,0,0,0,0,0,0,0,0,0,0,0,0,0,0,0,0,0,0,0,0,0,0,0,0,0,0,0,0,0,0,0
431,0,0,0,0,0,0,0,0,0,0,0,0,0,0,0,0,0,0,0,0,0,0,0,0,0,0,0,0,0,0,0,0,0,0,0,0,0,0,0,0,0,0,9,0,0,0,0,0,0,0,0,0,0,0,0,0,0,0,0,0,0,0,0,0,0,0
432,0,0,0,0,0,0,0,0,0,0,0,0,0,0,0,0,0,0,9,0,0,0,0,0,0,0,0,0,0,0,0,0,0,0,0,0,0,0,0,0,0,0,0,0,0,0,0,0,0,0,0,0,0,0,0,0,0,0,0,0,0,0,0,0,0,0
433,0,0,0,0,0,0,0,0,0,0,0,0,0,0,0,0,0,0,0,0,0,0,0,0,0,0,0,0,0,0,0,0,0,0,0,0,0,0,0,0,0,9,0,0,0,0,0,0,0,0,0,0,0,0,0,0,0,0,0,0,0,0,0,0,0,0
434,0,0,0,0,0,0,0,0,0,0,0,0,0,0,0,0,9,0,0,0,0,0,0,0,0,0,0,0,0,0,0,0,0,0,0,0,0,0,0,0,0,0,0,0,0,0,0,0,0,0,0,0,0,0,0,0,0,0,0,0,0,0,0,0,0,0
435,0,0,0,0,0,0,0,0,0,0,0,0,0,0,0,0,0,0,0,0,0,0,0,0,0,0,0,0,0,0,0,0,0,0,0,0,0,0,0,0,0,0,0,0,0,0,0,0,0,0,0,0,0,0,0,0,0,0,9,0,0,0,0,0,0,0
436,0,0,0,0,9,0,0,0,0,0,0,0,0,0,0,0,0,0,0,0,0,0,0,0,0,0,0,0,0,0,0,0,0,0,0,0,0,0,0,0,0,0,0,0,0,0,0,0,0,0,0,0,0,0,0,0,0,0,0,0,0,0,0,0,0,0
437,0,0,0,0,0,0,0,0,0,0,0,0,0,0,0,0,0,0,0,0,0,0,0,0,0,0,0,0,0,0,0,0,0,0,0,0,0,0,0,0,0,0,0,0,0,0,0,0,0,0,0,9,0,0,0,0,0,0,0,0,0,0,0,0,0,0
438,0,0,0,0,0,0,0,0,0,0,0,0,0,0,0,0,9,0,0,0,0,0,0,0,0,0,0,0,0,0,0,0,0,0,0,0,0,0,0,0,0,0,0,0,0,0,0,0,0,0,0,0,0,0,0,0,0,0,0,0,0,0,0,0,0,0
439,0,0,0,0,0,0,0,0,0,0,0,0,0,0,0,9,0,0,0,0,0,0,0,0,0,0,0,0,0,0,0,0,0,0,0,0,0,0,0,0,0,0,0,0,0,0,0,0,0,0,0,0,0,0,0,0,0,0,0,0,0,0,0,0,0,0
440,0,0,0,0,0,0,0,0,0,0,0,0,0,0,0,0,0,0,0,0,0,0,0,0,0,0,0,0,0,0,0,0,0,0,0,0,0,0,0,0,0,0,0,0,0,0,0,0,0,0,0,9,0,0,0,0,0,0,0,0,0,0,0,0,0,0
441,0,0,0,0,0,0,0,0,0,0,0,0,0,0,0,0,0,0,9,0,0,0,0,0,0,0,0,0,0,0,0,0,0,0,0,0,0,0,0,0,0,0,0,0,0,0,0,0,0,0,0,0,0,0,0,0,0,0,0,0,0,0,0,0,0,0
442,0,0,0,0,0,0,0,0,0,0,0,0,0,0,0,0,0,0,0,0,0,0,0,0,0,0,0,0,0,0,0,0,0,0,9,0,0,0,0,0,0,0,0,0,0,0,0,0,0,0,0,0,0,0,0,0,0,0,0,0,0,0,0,0,0,0
443,0,0,0,0,0,0,0,0,0,0,0,0,0,0,0,0,0,0,0,0,9,0,0,0,0,0,0,0,0,0,0,0,0,0,0,0,0,0,0,0,0,0,0,0,0,0,0,0,0,0,0,0,0,0,0,0,0,0,0,0,0,0,0,0,0,0
444,0,0,0,0,0,0,0,0,0,0,0,0,0,0,0,0,0,0,0,0,0,0,0,0,0,0,0,0,0,0,0,0,0,0,0,0,0,0,0,0,0,0,0,0,0,0,0,0,0,0,0,9,0,0,0,0,0,0,0,0,0,0,0,0,0,0
445,8,0,0,0,0,0,0,0,0,0,0,0,0,0,0,0,0,0,0,0,0,0,0,0,0,0,0,0,0,0,0,0,0,0,0,0,0,0,0,0,0,0,0,0,0,0,0,0,0,0,0,0,0,0,0,0,0,0,0,0,0,0,0,0,0,0
446,0,0,0,8,0,0,0,0,0,0,0,0,0,0,0,0,0,0,0,0,0,0,0,0,0,0,0,0,0,0,0,0,0,0,0,0,0,0,0,0,0,0,0,0,0,0,0,0,0,0,0,0,0,0,0,0,0,0,0,0,0,0,0,0,0,0
447,0,0,0,0,0,0,0,0,0,0,0,0,0,0,0,0,0,0,0,0,0,0,0,0,0,0,0,0,0,0,8,0,0,0,0,0,0,0,0,0,0,0,0,0,0,0,0,0,0,0,0,0,0,0,0,0,0,0,0,0,0,0,0,0,0,0
448,8,0,0,0,0,0,0,0,0,0,0,0,0,0,0,0,0,0,0,0,0,0,0,0,0,0,0,0,0,0,0,0,0,0,0,0,0,0,0,0,0,0,0,0,0,0,0,0,0,0,0,0,0,0,0,0,0,0,0,0,0,0,0,0,0,0
449,0,0,0,0,7,0,0,0,0,0,0,0,0,0,0,0,0,0,0,0,0,0,0,0,0,0,0,0,0,0,0,0,0,0,0,0,0,0,0,0,0,0,0,0,0,0,0,0,0,0,0,0,0,0,0,0,0,0,0,0,0,0,0,0,0,0
450,0,0,0,0,0,0,0,0,0,0,0,0,0,0,0,0,0,0,0,0,0,0,0,0,0,0,0,0,0,0,0,0,0,0,0,0,0,0,0,0,7,0,0,0,0,0,0,0,0,0,0,0,0,0,0,0,0,0,0,0,0,0,0,0,0,0
451,7,0,0,0,0,0,0,0,0,0,0,0,0,0,0,0,0,0,0,0,0,0,0,0,0,0,0,0,0,0,0,0,0,0,0,0,0,0,0,0,0,0,0,0,0,0,0,0,0,0,0,0,0,0,0,0,0,0,0,0,0,0,0,0,0,0
452,0,0,0,0,0,0,0,0,0,0,0,0,0,0,0,0,0,0,0,0,0,0,0,0,0,0,0,0,0,0,0,0,0,0,0,0,0,0,0,0,0,0,0,0,0,0,0,0,0,0,0,7,0,0,0,0,0,0,0,0,0,0,0,0,0,0
453,0,0,0,0,0,0,0,0,0,0,0,0,0,0,0,0,0,0,0,0,0,0,0,0,0,0,0,0,0,0,0,0,0,0,0,0,7,0,0,0,0,0,0,0,0,0,0,0,0,0,0,0,0,0,0,0,0,0,0,0,0,0,0,0,0,0
454,0,0,0,0,0,0,0,0,7,0,0,0,0,0,0,0,0,0,0,0,0,0,0,0,0,0,0,0,0,0,0,0,0,0,0,0,0,0,0,0,0,0,0,0,0,0,0,0,0,0,0,0,0,0,0,0,0,0,0,0,0,0,0,0,0,0
455,0,0,0,0,0,0,0,0,0,0,0,0,0,0,6,0,0,0,0,0,0,0,0,0,0,0,0,0,0,0,0,0,0,0,0,0,0,0,0,0,0,0,0,0,0,0,0,0,0,0,0,0,0,0,0,0,0,0,0,0,0,0,0,0,0,0
456,0,0,0,0,0,0,0,0,0,0,6,0,0,0,0,0,0,0,0,0,0,0,0,0,0,0,0,0,0,0,0,0,0,0,0,0,0,0,0,0,0,0,0,0,0,0,0,0,0,0,0,0,0,0,0,0,0,0,0,0,0,0,0,0,0,0
457,0,0,0,0,0,0,0,0,0,0,0,0,0,0,0,0,0,0,0,0,0,0,0,0,0,0,0,0,0,0,0,0,0,0,0,0,0,0,0,0,0,0,0,5,0,0,0,0,0,0,0,0,0,0,0,0,0,0,0,0,0,0,0,0,0,0
458,0,0,0,0,0,0,0,0,0,0,0,0,0,0,0,0,0,0,0,0,0,0,0,0,0,0,0,0,0,0,0,0,0,0,0,0,0,6,0,0,0,0,0,0,0,0,0,0,0,0,0,0,0,0,0,0,0,0,0,0,0,0,0,0,0,0
459,0,0,0,0,0,0,0,0,0,0,0,0,0,0,0,0,0,8,0,0,0,0,0,0,0,0,0,0,0,0,0,0,0,0,0,0,0,0,0,0,0,0,0,0,0,0,0,0,0,0,0,0,0,0,0,0,0,0,0,0,0,0,0,0,0,0
460,0,0,0,0,0,0,0,8,0,0,0,0,0,0,0,0,0,0,0,0,0,0,0,0,0,0,0,0,0,0,0,0,0,0,0,0,0,0,0,0,0,0,0,0,0,0,0,0,0,0,0,0,0,0,0,0,0,0,0,0,0,0,0,0,0,0
461,0,0,0,7,0,0,0,0,0,0,0,0,0,0,0,0,0,0,0,0,0,0,0,0,0,0,0,0,0,0,0,0,0,0,0,0,0,0,0,0,0,0,0,0,0,0,0,0,0,0,0,0,0,0,0,0,0,0,0,0,0,0,0,0,0,0
462,0,0,0,0,0,0,0,0,0,0,0,0,0,0,0,0,0,0,0,0,0,0,0,0,0,0,0,0,0,0,0,0,0,0,0,7,0,0,0,0,0,0,0,0,0,0,0,0,0,0,0,0,0,0,0,0,0,0,0,0,0,0,0,0,0,0
463,0,0,0,0,0,0,0,0,0,0,0,0,0,0,0,0,0,0,0,0,0,0,0,0,0,0,0,0,0,0,0,0,0,0,0,0,0,0,0,0,0,0,0,0,7,0,0,0,0,0,0,0,0,0,0,0,0,0,0,0,0,0,0,0,0,0
464,7,0,0,0,0,0,0,0,0,0,0,0,0,0,0,0,0,0,0,0,0,0,0,0,0,0,0,0,0,0,0,0,0,0,0,0,0,0,0,0,0,0,0,0,0,0,0,0,0,0,0,0,0,0,0,0,0,0,0,0,0,0,0,0,0,0
465,0,0,0,0,0,0,0,0,0,0,0,0,0,0,0,0,7,0,0,0,0,0,0,0,0,0,0,0,0,0,0,0,0,0,0,0,0,0,0,0,0,0,0,0,0,0,0,0,0,0,0,0,0,0,0,0,0,0,0,0,0,0,0,0,0,0
466,0,0,0,0,0,0,0,0,0,0,0,0,0,0,0,0,0,0,0,0,0,0,0,0,0,0,0,0,0,0,0,0,0,0,0,0,0,0,0,0,0,0,0,0,0,0,0,0,0,0,0,0,0,0,0,0,0,0,0,0,7,0,0,0,0,0
467,0,0,0,0,9,0,0,0,0,0,0,0,0,0,0,0,0,0,0,0,0,0,0,0,0,0,0,0,0,0,0,0,0,0,0,0,0,0,0,0,0,0,0,0,0,0,0,0,0,0,0,0,0,0,0,0,0,0,0,0,0,0,0,0,0,0
468,0,0,0,0,0,0,0,0,0,0,0,0,0,0,0,0,0,0,0,0,0,0,0,0,0,0,0,0,0,0,0,0,0,0,9,0,0,0,0,0,0,0,0,0,0,0,0,0,0,0,0,0,0,0,0,0,0,0,0,0,0,0,0,0,0,0
469,0,0,0,0,0,0,0,0,0,0,0,0,0,0,0,0,0,0,0,0,0,0,0,0,0,0,0,0,0,0,0,0,0,0,0,0,9,0,0,0,0,0,0,0,0,0,0,0,0,0,0,0,0,0,0,0,0,0,0,0,0,0,0,0,0,0
470,0,0,0,0,0,0,0,0,0,0,0,0,0,0,0,0,0,0,0,0,0,0,0,0,0,0,0,0,0,0,0,0,0,0,0,0,0,0,0,0,0,0,0,0,0,0,9,0,0,0,0,0,0,0,0,0,0,0,0,0,0,0,0,0,0,0
471,0,0,0,0,0,0,0,0,0,0,0,0,0,0,0,0,9,0,0,0,0,0,0,0,0,0,0,0,0,0,0,0,0,0,0,0,0,0,0,0,0,0,0,0,0,0,0,0,0,0,0,0,0,0,0,0,0,0,0,0,0,0,0,0,0,0
472,11,0,0,0,0,0,0,0,0,0,0,0,0,0,0,0,0,0,0,0,0,0,0,0,0,0,0,0,0,0,0,0,0,0,0,0,0,0,0,0,0,0,0,0,0,0,0,0,0,0,0,0,0,0,0,0,0,0,0,0,0,0,0,0,0,0
473,0,0,0,0,1,0,0,0,0,0,0,0,9,0,0,0,0,0,0,0,0,0,0,0,0,0,0,0,0,0,0,0,0,0,0,0,0,0,0,0,0,0,0,0,0,0,0,0,0,0,0,0,0,0,0,0,0,0,0,0,0,0,0,0,0,0
474,0,0,0,0,0,0,0,0,0,0,0,0,0,0,0,0,0,0,0,0,0,0,0,0,0,0,0,0,0,0,0,0,0,0,0,0,0,9,0,0,0,0,0,0,0,0,0,0,0,0,0,0,0,0,0,0,0,0,0,0,0,0,0,0,0,0
475,0,0,0,0,10,0,0,0,0,0,0,0,0,0,0,0,0,0,0,0,0,0,0,0,0,0,0,0,0,0,0,0,0,0,0,0,0,0,0,0,0,0,0,0,0,0,0,0,0,0,0,0,0,0,0,0,0,0,0,0,0,0,0,0,0,0
476,0,0,0,0,0,0,0,0,0,0,0,0,0,0,0,0,0,0,0,0,0,0,0,0,0,0,0,0,0,0,0,0,10,0,0,0,0,0,0,0,0,0,0,0,0,0,0,0,0,0,0,0,0,0,0,0,0,0,0,0,0,0,0,0,0,0
477,0,0,0,0,0,0,0,0,0,10,0,0,0,0,0,0,0,0,0,0,0,0,0,0,0,0,0,0,0,0,0,0,0,0,0,0,0,0,0,0,0,0,0,0,0,0,0,0,0,0,0,0,0,0,0,0,0,0,0,0,0,0,0,0,0,0
478,0,0,0,0,0,0,0,0,0,0,0,0,10,0,0,0,0,0,0,0,0,0,0,0,0,0,0,0,0,0,0,0,0,0,0,0,0,0,0,0,0,0,0,0,0,0,0,0,0,0,0,0,0,0,0,0,0,0,0,0,0,0,0,0,0,0
479,0,0,0,0,0,0,0,0,0,0,0,0,0,0,0,0,0,0,0,0,0,0,0,0,0,0,0,0,0,0,0,0,0,0,0,0,0,0,0,0,0,0,0,0,12,0,0,0,0,0,0,0,0,0,0,0,0,0,0,0,0,0,0,0,0,0
480,0,0,0,0,0,0,0,0,0,0,0,0,11,0,0,0,0,0,0,0,0,0,0,0,0,0,0,0,0,0,0,0,0,0,0,0,0,0,0,0,0,0,0,0,0,0,0,0,0,0,0,0,0,0,0,0,0,0,0,0,0,0,0,0,0,0
481,0,0,0,0,0,0,0,0,0,0,0,0,0,0,0,0,0,0,0,0,0,0,0,0,0,0,0,0,0,0,0,0,0,0,0,0,0,0,0,0,0,0,0,0,0,0,0,0,0,0,0,0,0,0,0,0,0,0,11,0,0,0,0,0,0,0
482,0,0,0,0,0,0,0,0,0,0,0,0,0,0,0,0,0,0,0,0,0,0,0,0,0,0,0,0,0,0,0,0,0,0,0,0,0,0,0,0,11,0,0,0,0,0,0,0,0,0,0,0,0,0,0,0,0,0,0,0,0,0,0,0,0,0
483,0,0,11,0,0,0,0,0,0,0,0,0,0,0,0,0,0,0,0,0,0,0,0,0,0,0,0,0,0,0,0,0,0,0,0,0,0,0,0,0,0,0,0,0,0,0,0,0,0,0,0,0,0,0,0,0,0,0,0,0,0,0,0,0,0,0
484,0,0,0,0,0,0,0,11,0,0,0,0,0,0,0,0,0,0,0,0,0,0,0,0,0,0,0,0,0,0,0,0,0,0,0,0,0,0,0,0,0,0,0,0,0,0,0,0,0,0,0,0,0,0,0,0,0,0,0,0,0,0,0,0,0,0
485,0,0,0,0,0,0,0,0,0,0,0,0,0,0,0,0,0,0,0,0,0,0,0,11,0,0,0,0,0,0,0,0,0,0,0,0,0,0,0,0,0,0,0,0,0,0,0,0,0,0,0,0,0,0,0,0,0,0,0,0,0,0,0,0,0,0
486,11,0,0,0,0,0,0,0,0,0,0,0,0,0,0,0,0,0,0,0,0,0,0,0,0,0,0,0,0,0,0,0,0,0,0,0,0,0,0,0,0,0,0,0,0,0,0,0,0,0,0,0,0,0,0,0,0,0,0,0,0,0,0,0,0,0
487,0,0,0,0,0,0,0,0,0,0,0,0,0,0,0,0,0,0,0,0,0,0,0,0,0,0,0,0,0,0,0,0,0,0,0,0,0,0,0,0,0,0,0,0,0,0,0,0,0,0,0,0,0,0,0,0,0,0,0,0,0,0,0,11,0,0
488,11,0,0,0,0,0,0,0,0,0,0,0,0,0,0,0,0,0,0,0,0,0,0,0,0,0,0,0,0,0,0,0,0,0,0,0,0,0,0,0,0,0,0,0,0,0,0,0,0,0,0,0,0,0,0,0,0,0,0,0,0,0,0,0,0,0
489,0,0,0,0,0,0,0,0,0,0,0,0,0,0,0,0,0,0,0,0,0,0,0,0,0,0,0,0,11,0,0,0,0,0,0,0,0,0,0,0,0,0,0,0,0,0,0,0,0,0,0,0,0,0,0,0,0,0,0,0,0,0,0,0,0,0
490,0,0,0,0,0,0,0,0,0,0,0,0,0,0,0,0,0,0,0,0,0,11,0,0,0,0,0,0,0,0,0,0,0,0,0,0,0,0,0,0,0,0,0,0,0,0,0,0,0,0,0,0,0,0,0,0,0,0,0,0,0,0,0,0,0,0
491,0,0,0,0,0,0,0,0,0,0,0,0,0,0,0,11,0,0,0,0,0,0,0,0,0,0,0,0,0,0,0,0,0,0,0,0,0,0,0,0,0,0,0,0,0,0,0,0,0,0,0,0,0,0,0,0,0,0,0,0,0,0,0,0,0,0
492,0,0,0,0,0,0,0,0,0,0,0,0,0,0,0,0,11,0,0,0,0,0,0,0,0,0,0,0,0,0,0,0,0,0,0,0,0,0,0,0,0,0,0,0,0,0,0,0,0,0,0,0,0,0,0,0,0,0,0,0,0,0,0,0,0,0
493,0,0,11,0,0,0,0,0,0,0,0,0,0,0,0,0,0,0,0,0,0,0,0,0,0,0,0,0,0,0,0,0,0,0,0,0,0,0,0,0,0,0,0,0,0,0,0,0,0,0,0,0,0,0,0,0,0,0,0,0,0,0,0,0,0,0
494,0,0,0,0,0,0,0,0,0,0,0,0,0,0,0,0,0,0,0,0,0,0,0,0,0,0,0,0,0,0,0,0,11,0,0,0,0,0,0,0,0,0,0,0,0,0,0,0,0,0,0,0,0,0,0,0,0,0,0,0,0,0,0,0,0,0
495,0,0,0,0,11,0,0,0,0,0,0,0,0,0,0,0,0,0,0,0,0,0,0,0,0,0,0,0,0,0,0,0,0,0,0,0,0,0,0,0,0,0,0,0,0,0,0,0,0,0,0,0,0,0,0,0,0,0,0,0,0,0,0,0,0,0
496,0,0,0,0,0,0,0,0,0,0,0,0,0,0,0,0,0,0,0,0,0,0,0,0,0,0,0,0,0,0,0,0,0,0,0,0,0,0,0,0,0,0,0,0,0,0,0,0,0,0,0,0,0,0,0,0,0,0,11,0,0,0,0,0,0,0
497,0,0,0,0,0,0,0,0,0,0,0,0,0,0,0,0,0,0,0,0,0,0,0,0,0,0,0,0,0,0,0,0,11,0,0,0,0,0,0,0,0,0,0,0,0,0,0,0,0,0,0,0,0,0,0,0,0,0,0,0,0,0,0,0,0,0
498,0,0,0,0,0,0,0,0,0,0,0,0,0,0,0,0,0,0,0,0,0,0,0,0,0,0,0,0,0,0,0,0,0,0,0,0,10,0,0,0,0,0,0,0,0,0,0,0,0,0,0,0,0,0,0,0,0,0,0,0,0,0,0,0,0,0
499,0,0,0,0,0,0,0,0,0,0,0,0,0,0,0,0,0,0,0,0,0,0,0,0,0,0,0,0,0,0,0,0,0,0,0,0,0,0,0,0,0,0,0,0,0,0,0,0,0,0,0,0,0,0,0,0,0,0,10,0,0,0,0,0,0,0
500,0,0,0,0,0,0,0,0,0,0,0,0,0,0,0,0,0,0,0,0,0,0,0,0,0,0,0,0,0,0,0,0,0,0,0,0,0,0,0,0,0,0,0,0,0,0,0,0,0,0,0,0,0,0,0,0,0,0,10,0,0,0,0,0,0,0
501,0,0,0,0,10,0,0,0,0,0,0,0,0,0,0,0,0,0,0,0,0,0,0,0,0,0,0,0,0,0,0,0,0,0,0,0,0,0,0,0,0,0,0,0,0,0,0,0,0,0,0,0,0,0,0,0,0,0,0,0,0,0,0,0,0,0
502,0,0,0,0,0,0,0,0,0,0,0,0,0,0,0,0,0,0,0,0,0,0,0,0,0,0,0,0,0,0,0,0,0,0,0,10,0,0,0,0,0,0,0,0,0,0,0,0,0,0,0,0,0,0,0,0,0,0,0,0,0,0,0,0,0,0
503,0,0,0,0,0,0,0,0,0,0,0,0,0,0,0,0,0,0,0,0,0,0,0,0,0,0,0,0,0,0,0,0,0,0,0,0,0,0,0,0,0,0,0,0,0,0,0,0,0,0,0,12,0,0,0,0,0,0,0,0,0,0,0,0,0,0
504,0,0,0,0,0,0,0,0,0,0,0,0,0,0,0,0,0,0,0,0,0,0,0,0,0,0,0,0,0,0,0,0,0,0,0,0,0,0,0,0,0,0,0,0,0,0,0,0,0,0,0,0,0,0,0,0,0,0,12,0,0,0,0,0,0,0
505,0,0,0,0,0,0,0,0,0,0,0,0,0,0,0,0,12,0,0,0,0,0,0,0,0,0,0,0,0,0,0,0,0,0,0,0,0,0,0,0,0,0,0,0,0,0,0,0,0,0,0,0,0,0,0,0,0,0,0,0,0,0,0,0,0,0
506,0,0,0,0,0,0,0,0,0,0,0,0,0,0,0,0,0,0,0,0,0,0,0,0,0,0,0,0,0,0,0,0,0,0,0,0,0,12,0,0,0,0,0,0,0,0,0,0,0,0,0,0,0,0,0,0,0,0,0,0,0,0,0,0,0,0
507,0,0,0,0,0,12,0,0,0,0,0,0,0,0,0,0,0,0,0,0,0,0,0,0,0,0,0,0,0,0,0,0,0,0,0,0,0,0,0,0,0,0,0,0,0,0,0,0,0,0,0,0,0,0,0,0,0,0,0,0,0,0,0,0,0,0
508,0,0,0,0,0,0,0,0,0,0,0,0,0,0,0,0,0,0,0,0,0,0,0,0,0,0,0,0,0,0,0,0,0,0,0,0,0,0,0,0,0,0,0,0,0,0,0,0,0,0,0,0,0,0,0,0,0,0,12,0,0,0,0,0,0,0
509,0,0,0,0,0,0,0,0,0,0,0,0,0,0,0,12,0,0,0,0,0,0,0,0,0,0,0,0,0,0,0,0,0,0,0,0,0,0,0,0,0,0,0,0,0,0,0,0,0,0,0,0,0,0,0,0,0,0,0,0,0,0,0,0,0,0
510,0,0,0,0,0,0,0,0,0,0,0,0,0,0,0,0,0,0,0,0,0,0,0,12,0,0,0,0,0,0,0,0,0,0,0,0,0,0,0,0,0,0,0,0,0,0,0,0,0,0,0,0,0,0,0,0,0,0,0,0,0,0,0,0,0,0
511,0,0,0,0,0,0,0,0,0,0,0,0,0,0,0,0,0,0,0,0,0,0,0,0,0,0,0,0,0,0,0,0,0,0,12,0,0,0,0,0,0,0,0,0,0,0,0,0,0,0,0,0,0,0,0,0,0,0,0,0,0,0,0,0,0,0
512,0,0,0,0,0,0,0,0,0,0,0,0,0,0,0,0,0,0,0,0,0,0,0,0,0,0,0,0,0,0,0,0,0,0,0,0,0,0,0,0,0,0,0,0,0,0,0,0,0,0,0,0,0,0,0,0,0,0,12,0,0,0,0,0,0,0
513,0,0,0,0,0,0,0,0,0,0,0,0,0,0,0,0,0,0,0,0,0,0,0,0,0,0,0,0,0,0,0,0,0,0,12,0,0,0,0,0,0,0,0,0,0,0,0,0,0,0,0,0,0,0,0,0,0,0,0,0,0,0,0,0,0,0
514,0,0,0,0,0,0,0,0,0,0,0,0,0,0,0,0,0,0,0,0,0,0,0,0,0,0,0,0,0,0,0,0,0,0,0,0,0,0,0,0,0,0,0,0,0,0,0,0,0,0,0,0,0,0,0,0,0,0,0,0,0,0,0,11,0,0
515,0,0,0,0,0,0,0,0,0,0,0,0,0,0,0,0,0,0,0,0,0,0,0,0,0,0,0,0,0,0,0,0,0,0,0,0,0,0,0,0,0,0,0,0,0,11,0,0,0,0,0,0,0,0,0,0,0,0,0,0,0,0,0,0,0,0
516,0,0,0,11,0,0,0,0,0,0,0,0,0,0,0,0,0,0,0,0,0,0,0,0,0,0,0,0,0,0,0,0,0,0,0,0,0,0,0,0,0,0,0,0,0,0,0,0,0,0,0,0,0,0,0,0,0,0,0,0,0,0,0,0,0,0
517,0,0,0,0,0,9,0,0,0,0,0,0,0,0,0,0,0,0,0,0,0,0,0,0,0,0,0,0,0,0,0,0,0,0,0,0,0,0,0,0,0,0,0,0,0,0,0,0,0,0,0,0,0,0,0,0,0,0,0,0,0,0,0,0,0,0
518,0,0,0,0,0,0,0,0,0,0,0,0,0,0,0,0,0,0,0,0,0,0,0,9,0,0,0,0,0,0,0,0,0,0,0,0,0,0,0,0,0,0,0,0,0,0,0,0,0,0,0,0,0,0,0,0,0,0,0,0,0,0,0,0,0,0
519,0,0,0,0,0,0,0,0,0,0,0,0,0,0,0,0,0,0,0,0,0,9,0,0,0,0,0,0,0,0,0,0,0,0,0,0,0,0,0,0,0,0,0,0,0,0,0,0,0,0,0,0,0,0,0,0,0,0,0,0,0,0,0,0,0,0
520,0,0,0,0,0,0,0,0,0,0,0,0,0,0,0,0,0,0,0,0,0,0,0,0,0,0,0,0,0,0,0,0,0,0,0,0,0,0,0,0,0,0,0,0,0,0,0,0,0,0,0,0,0,0,0,0,0,0,0,0,9,0,0,0,0,0
521,0,0,0,0,0,0,0,0,0,0,0,0,0,0,0,0,0,0,0,0,0,0,0,0,0,0,0,0,0,0,0,0,0,0,0,0,0,0,0,0,0,0,0,0,0,0,9,0,0,0,0,0,0,0,0,0,0,0,0,0,0,0,0,0,0,0
522,7,0,2,0,0,0,0,0,0,0,0,0,0,0,0,0,0,0,0,0,0,0,0,0,0,0,0,0,0,0,0,0,0,0,0,0,0,0,0,0,0,0,0,0,0,0,0,0,0,0,0,0,0,0,0,0,0,0,0,0,0,0,0,0,0,0
523,0,0,0,0,0,0,0,0,0,0,0,0,0,0,0,0,0,0,0,0,0,0,0,0,0,0,0,0,0,0,0,0,0,0,0,0,0,0,0,0,0,0,0,0,0,0,0,0,0,0,0,0,0,0,0,0,0,0,0,0,9,0,0,0,0,0
524,0,0,0,0,0,0,0,0,0,0,0,0,0,0,0,0,0,0,0,0,0,0,0,0,0,0,0,0,0,0,0,0,0,0,0,0,0,0,0,0,0,0,0,0,0,0,0,0,0,0,0,0,0,0,0,0,0,0,9,0,0,0,0,0,0,0
525,0,0,0,0,0,0,0,0,0,0,0,0,0,0,0,0,0,0,0,0,0,0,0,0,0,0,0,0,0,0,0,0,0,0,0,0,0,0,0,0,0,0,0,0,0,0,0,0,0,2,0,7,0,0,0,0,0,0,0,0,0,0,0,0,0,0
526,0,0,0,0,0,0,0,0,0,0,0,0,0,0,0,0,0,0,9,0,0,0,0,0,0,0,0,0,0,0,0,0,0,0,0,0,0,0,0,0,0,0,0,0,0,0,0,0,0,0,0,0,0,0,0,0,0,0,0,0,0,0,0,0,0,0
527,0,0,0,0,0,0,0,0,0,0,0,0,0,0,0,0,0,0,0,0,0,0,0,0,0,0,0,0,0,0,0,0,0,0,0,0,0,0,0,0,0,0,0,0,0,0,0,0,0,0,0,0,0,0,0,0,0,0,0,0,9,0,0,0,0,0
528,0,0,0,0,0,0,0,0,0,0,0,0,0,0,0,0,0,0,0,0,0,0,0,0,0,0,0,0,0,0,0,0,0,0,9,0,0,0,0,0,0,0,0,0,0,0,0,0,0,0,0,0,0,0,0,0,0,0,0,0,0,0,0,0,0,0
529,6,0,0,0,0,0,0,0,0,0,0,0,0,0,0,0,0,0,0,0,0,0,0,0,0,0,0,0,0,0,0,0,0,0,0,0,0,0,0,0,0,0,0,0,0,0,0,0,0,0,0,0,0,0,0,0,0,0,0,0,0,0,0,0,0,0
530,0,0,0,0,0,0,0,0,0,0,0,0,0,0,0,0,0,0,0,0,0,0,0,0,0,0,0,0,0,0,0,0,6,0,0,0,0,0,0,0,0,0,0,0,0,0,0,0,0,0,0,0,0,0,0,0,0,0,0,0,0,0,0,0,0,0
531,0,0,0,0,0,0,0,0,0,0,0,0,0,0,0,0,0,0,0,0,0,6,0,0,0,0,0,0,0,0,0,0,0,0,0,0,0,0,0,0,0,0,0,0,0,0,0,0,0,0,0,0,0,0,0,0,0,0,0,0,0,0,0,0,0,0
532,0,0,0,0,0,0,0,0,0,0,0,0,4,0,0,0,0,0,0,0,0,0,0,0,0,0,0,0,0,0,0,0,0,0,0,0,0,0,0,0,0,0,0,0,0,0,0,0,0,0,0,0,0,0,0,0,0,0,0,0,0,0,0,0,0,0
533,0,0,0,0,0,0,0,0,0,0,0,0,2,0,0,0,0,0,0,0,0,0,0,0,0,0,0,0,0,0,0,0,0,0,0,0,0,0,0,0,0,0,0,0,2,0,0,0,0,0,0,0,0,0,0,0,0,0,0,0,0,0,0,0,0,0
534,0,0,0,0,0,0,0,0,0,0,0,0,0,0,0,0,0,0,0,0,0,0,0,0,0,0,0,0,0,0,0,0,0,0,0,0,0,0,0,0,4,0,0,0,0,0,0,0,0,0,0,0,0,0,0,0,0,0,0,0,0,0,0,0,0,0
535,0,0,0,0,0,0,0,0,0,0,0,0,0,0,0,0,0,0,0,0,0,0,0,0,0,0,0,0,0,0,0,0,0,0,0,0,4,0,0,0,0,0,0,0,0,0,0,0,0,0,0,0,0,0,0,0,0,0,0,0,0,0,0,0,0,0
536,0,0,0,0,0,0,0,0,0,0,0,0,0,0,0,0,0,0,0,0,0,0,0,0,0,0,0,0,0,0,0,0,4,0,0,0,0,0,0,0,0,0,0,0,0,0,0,0,0,0,0,0,0,0,0,0,0,0,0,0,0,0,0,0,0,0
537,0,0,0,0,0,0,0,2,0,0,0,0,0,0,0,0,0,0,0,0,0,0,0,0,0,0,0,0,0,0,0,0,0,0,0,0,0,0,0,0,0,0,0,0,0,0,0,0,0,0,0,0,0,0,0,0,0,0,0,0,0,0,0,0,0,0
538,0,0,0,0,0,0,0,0,0,0,0,0,0,0,0,0,0,0,0,0,0,0,0,0,0,0,0,0,0,0,0,0,0,0,0,0,0,0,0,0,0,0,0,0,0,0,0,0,0,0,0,0,0,0,0,0,0,0,0,0,0,2,0,0,0,0
539,0,0,0,0,0,0,0,0,0,0,0,0,0,0,0,0,0,0,0,0,0,0,0,0,0,0,0,0,0,0,0,0,0,0,0,0,0,0,0,0,0,0,0,0,0,0,0,0,0,0,0,2,0,0,0,0,0,0,0,0,0,0,0,0,0,0
